{"type":"FeatureCollection","features":[{"type":"Feature","properties":{"mpio_cdgo":"05001","mpio_nombre":"MEDELLÍN","dpto_cdgo":"05"},"geometry":{"type":"Polygon","coordinates":[[[-75.66974281299997,6.3735990120000565],[-75.65190051599996,6.333012952000047],[-75.63443001799999,6.31732031100006],[-75.59798134799996,6.3069378490000645],[-75.55812428999997,6.312238184000023],[-75.53122453499998,6.299165913000024],[-75.52587558499994,6.287173854000059],[-75.51409101999997,6.302152696000064],[-75.49919811299998,6.295316307000064],[-75.49626455799995,6.270473161000041],[-75.47228709599995,6.236231467000039],[-75.49171819899993,6.228565352000032],[-75.48473417599996,6.190933052000048],[-75.53243595699996,6.197945803000039],[-75.53085695399994,6.176732065000067],[-75.53978009399998,6.170301391000066],[-75.57955912599994,6.183666663000054],[-75.58098861499997,6.19672193100007],[-75.61305348299999,6.198782940000058],[-75.62948561699994,6.196284047000063],[-75.63600487899998,6.174181979000025],[-75.68000758099998,6.164086542000064],[-75.68489332299998,6.18702859800004],[-75.70239484899997,6.204186908000054],[-75.70230654699998,6.2362736720000385],[-75.71005020299998,6.243579178000061],[-75.70785249599999,6.303026971000065],[-75.71928797999993,6.341535088000057],[-75.71400883999996,6.371390449000046],[-75.66974281299997,6.3735990120000565]]]}},{"type":"Feature","properties":{"mpio_cdgo":"05101","mpio_nombre":"CIUDAD BOLÍVAR","dpto_cdgo":"05"},"geometry":{"type":"Polygon","coordinates":[[[-76.05386437699997,5.931563324000024],[-76.02236130499995,5.917767487000049],[-76.01320279799995,5.903375548000042],[-75.99565781599995,5.913436085000058],[-75.97089973999994,5.90093513000005],[-75.94273090299998,5.915125784000054],[-75.93621951499995,5.8708830800000555],[-75.91425953399994,5.863049194000041],[-75.91077572999995,5.828573630000051],[-75.92023460299998,5.813830220000057],[-75.95080941199996,5.80517386300005],[-76.01979530299997,5.753402065000046],[-76.04928992199996,5.76873585200002],[-76.07248761999995,5.7614414450000595],[-76.08067186499994,5.76633958900004],[-76.07103019199997,5.781027542000061],[-76.08625202699994,5.793961402000036],[-76.08141588399997,5.815699242000051],[-76.09927240899998,5.83111290100004],[-76.09890039799996,5.849818853000045],[-76.08157088999997,5.88277282100006],[-76.06098628299998,5.886034119000044],[-76.05639814699998,5.895210391000035],[-76.06073827599994,5.925554079000051],[-76.05386437699997,5.931563324000024]]]}},{"type":"Feature","properties":{"mpio_cdgo":"05107","mpio_nombre":"BRICEÑO","dpto_cdgo":"05"},"geometry":{"type":"Polygon","coordinates":[[[-75.44116541999995,7.238164828000038],[-75.46872086699994,7.2073666160000585],[-75.46725854999994,7.179862878000051],[-75.50057265599997,7.124079000000052],[-75.49120674999995,7.061237005000066],[-75.47125120499999,7.049802241000066],[-75.49977176599998,7.047721262000039],[-75.49504882599996,7.0339864130000365],[-75.50880210999998,7.002082600000051],[-75.55503057199996,6.991156940000053],[-75.55854908599997,7.017092255000023],[-75.58637660299996,7.02280563000005],[-75.60153759899998,7.065484481000055],[-75.63327231099998,7.03534531400004],[-75.66386370699996,7.031789115000038],[-75.67057344999995,7.055951795000055],[-75.68181470399998,7.062024554000061],[-75.68786253099995,7.077994179000029],[-75.67432389899994,7.093950522000057],[-75.66080033699996,7.1379382930000475],[-75.63548495499998,7.140356415000042],[-75.59639912499995,7.185273559000052],[-75.56359620699999,7.2015261200000396],[-75.53454298499997,7.2045718330000454],[-75.51153538399996,7.229952746000038],[-75.47962680899997,7.222814364000044],[-75.43882560499998,7.251633778000041],[-75.44116541999995,7.238164828000038]]]}},{"type":"Feature","properties":{"mpio_cdgo":"05113","mpio_nombre":"BURITICÁ","dpto_cdgo":"05"},"geometry":{"type":"Polygon","coordinates":[[[-75.90856907999995,6.973780100000056],[-75.90168054099996,6.92780891600006],[-75.87677948099997,6.918612297000038],[-75.86908192499999,6.888357450000058],[-75.84146566199996,6.861107828000058],[-75.84362386499998,6.849955287000057],[-75.86453133599997,6.831353476000061],[-75.85546082699994,6.808777153000051],[-75.87147817499994,6.784886396000047],[-75.84621033699995,6.746532205000051],[-75.86280945699997,6.734254186000044],[-75.86063938899997,6.718806725000036],[-75.84782837099993,6.711525574000063],[-75.83260933799994,6.682001221000064],[-75.84525245499998,6.681640367000057],[-75.85683928599997,6.661356127000033],[-75.88013025999999,6.645651497000074],[-75.88558611299999,6.675974779000057],[-75.91057829699997,6.67858558100005],[-75.91959342699994,6.694695271000057],[-75.95604751299999,6.717622888000051],[-75.98466972699998,6.7693691450000415],[-75.98041333099997,6.8221025390000705],[-75.95580872299996,6.839907770000025],[-75.96756380399995,6.865699304000032],[-75.96836718399999,6.901092427000037],[-75.96772465899994,6.917717449000065],[-75.95214618799997,6.938720285000045],[-75.95650063799997,6.960402886000054],[-75.94806813299994,6.970044347000055],[-75.92068053699995,6.961668644000042],[-75.90856907999995,6.973780100000056]]]}},{"type":"Feature","properties":{"mpio_cdgo":"05120","mpio_nombre":"CÁCERES","dpto_cdgo":"05"},"geometry":{"type":"Polygon","coordinates":[[[-75.20357839799993,7.957166999000037],[-75.18110888499996,7.9405565830000455],[-75.16979230899994,7.91731068200005],[-75.16453610499997,7.885569137000061],[-75.17685360199994,7.866581312000051],[-75.17661819899996,7.8523666470000535],[-75.18479718899994,7.84923754600004],[-75.17064547799998,7.835965505000047],[-75.17390761599995,7.812937348000048],[-75.16590513899996,7.801325707000046],[-75.14679983299999,7.793710231000034],[-75.14394997299996,7.8048544330000595],[-75.13519560299994,7.797241220000046],[-75.11723527699996,7.804423618000044],[-75.11006015599997,7.785174880000056],[-75.03326886599996,7.770475880000049],[-75.02893621799996,7.733385033000047],[-75.04039887599998,7.715717209000047],[-75.02724827499998,7.705485697000029],[-75.02842532299996,7.685526155000048],[-75.04393781599998,7.653709796000044],[-75.03477724599998,7.649483918000044],[-75.04261829399996,7.611919201000035],[-75.01960863099998,7.5815982080000595],[-75.04253879699996,7.5737496520000605],[-75.04962220899995,7.5590091680000455],[-75.06285746499998,7.559903513000052],[-75.06278391899997,7.536077139000042],[-75.07089993799997,7.535075797000047],[-75.06900062099999,7.526438914000039],[-75.08190301499997,7.514333642000054],[-75.09584384199997,7.512395678000075],[-75.11217419199994,7.536891229000048],[-75.12467372899994,7.544895505000056],[-75.12902228399997,7.540160216000061],[-75.06100553899995,7.47722787400005],[-75.03014398899995,7.489159955000048],[-75.01152324699996,7.424622523000039],[-74.99549512899995,7.4172748350000575],[-74.99747347799996,7.383586735000051],[-75.02842895099997,7.405194603000041],[-75.02691617299996,7.420871789000046],[-75.04624358999996,7.424544599000058],[-75.08160944699995,7.397894140000062],[-75.11242192199995,7.390789359000053],[-75.11787845499998,7.378641986000048],[-75.15368835699996,7.377791522000052],[-75.16552313299997,7.356061535000038],[-75.17576834999994,7.351855215000057],[-75.19424687799994,7.38904487800005],[-75.21540748299998,7.397085367000045],[-75.20611237399999,7.427531070000043],[-75.21607032299994,7.4461104770000475],[-75.25039710599998,7.45696324000005],[-75.25981269599998,7.4787890340000445],[-75.25310815699999,7.494797334000054],[-75.26337387199999,7.504446041000051],[-75.25830660399998,7.517111790000058],[-75.27414431199998,7.534055207000051],[-75.33223517399995,7.536109492000037],[-75.36590716299997,7.583638758000063],[-75.36600541299998,7.617971981000039],[-75.37586079299996,7.631065789000047],[-75.38401023999995,7.630665283000042],[-75.38355516799999,7.644065066000053],[-75.41455866899997,7.649108486000046],[-75.42247256599995,7.635189222000065],[-75.43913617399994,7.633984154000075],[-75.43885227999994,7.669743466000057],[-75.45050002699998,7.695653052000068],[-75.44200039999998,7.713776426000038],[-75.44807758899998,7.742925065000065],[-75.45534574999994,7.747259795000048],[-75.48522642199998,7.736134193000055],[-75.47728839399997,7.773308403000044],[-75.45434692099997,7.797536649000051],[-75.46737727499993,7.820664503000046],[-75.45865801099995,7.833844361000047],[-75.42243627099998,7.819389264000051],[-75.41614583699999,7.839057197000045],[-75.40537832899997,7.841833869000027],[-75.40434810299996,7.85752788800005],[-75.34675432499995,7.874967567000056],[-75.33096391399994,7.925358598000059],[-75.32616992399994,7.9040392960000645],[-75.30073044799997,7.913102934000051],[-75.29336316799998,7.890301005000026],[-75.25919104099995,7.884147128000052],[-75.26451068499995,7.9036217580000425],[-75.25308938299997,7.905659760000049],[-75.25410335399994,7.918614554000044],[-75.23435554399998,7.92717510500006],[-75.22816318599996,7.952999832000046],[-75.21548483299995,7.944832449000046],[-75.20357839799993,7.957166999000037]]]}},{"type":"Feature","properties":{"mpio_cdgo":"05093","mpio_nombre":"BETULIA","dpto_cdgo":"05"},"geometry":{"type":"Polygon","coordinates":[[[-76.00303877999994,6.281712655000035],[-75.99811907899993,6.265550142000052],[-75.97898532799996,6.247322985000039],[-75.97954079199997,6.237451596000028],[-75.96536058899994,6.240506648000064],[-75.93323262899997,6.21657977600006],[-75.91268848599998,6.219616483000038],[-75.90249452899997,6.237763482000048],[-75.86848084299999,6.251763589000063],[-75.85677117899996,6.249324339000054],[-75.85737570199996,6.225761639000041],[-75.84425632999995,6.219555029000048],[-75.84997979699995,6.193613612000036],[-75.84151848099998,6.16819251000004],[-75.89483127999995,6.16954264900005],[-75.92023764299995,6.122762153000053],[-75.92870437399995,6.124795211000048],[-75.93617090799995,6.115368791000037],[-75.95334543799999,6.119033131000037],[-75.96690033799996,6.103798821000055],[-75.96596684899998,6.091600165000045],[-75.99273445899996,6.077720007000039],[-76.00765161599998,6.089836349000052],[-76.00845678699994,6.121191593000049],[-76.01874656299998,6.140086463000046],[-76.01631827399996,6.169351663000043],[-76.03148525199998,6.178074643000059],[-76.03992521599997,6.196808418000046],[-76.03398415799995,6.210883057000046],[-76.04694841499997,6.227363464000064],[-76.04944153799994,6.254615403000059],[-76.00303877999994,6.281712655000035]]]}},{"type":"Feature","properties":{"mpio_cdgo":"05091","mpio_nombre":"BETANIA","dpto_cdgo":"05"},"geometry":{"type":"Polygon","coordinates":[[[-75.95474430099995,5.795225581000068],[-75.92064885399998,5.7535641710000505],[-75.90414185099996,5.76587771100003],[-75.89242550799997,5.7538663470000415],[-75.89244342199999,5.725347108000051],[-75.87833926599995,5.717131092000045],[-75.88321967199994,5.710955217000048],[-75.92783351499997,5.689811492000047],[-75.93841126799998,5.700418692000028],[-75.96621614299994,5.703481292000049],[-75.99427373499998,5.690812301000051],[-75.98955367099995,5.678238534000059],[-76.00386310599998,5.667217596000057],[-76.03008284299995,5.668111303000046],[-76.06542143199994,5.687318130000051],[-76.07350493599995,5.67745745600007],[-76.08543229899993,5.686142582000059],[-76.08006833099995,5.708610669000052],[-76.06306159799993,5.727421778000064],[-76.07094276999999,5.742839833000062],[-76.06178253199994,5.754939369000056],[-76.06490095999999,5.764321258000052],[-76.04928992199996,5.76873585200002],[-76.01979530299997,5.753402065000046],[-75.95474430099995,5.795225581000068]]]}},{"type":"Feature","properties":{"mpio_cdgo":"05088","mpio_nombre":"BELLO","dpto_cdgo":"05"},"geometry":{"type":"Polygon","coordinates":[[[-75.59119183399997,6.434997717000044],[-75.56648962799994,6.4209614770000485],[-75.55437063399995,6.383565481000062],[-75.53246948999998,6.388667576000046],[-75.51500066699998,6.360874895000052],[-75.51668339899999,6.345977683000058],[-75.53601848899996,6.332689605000041],[-75.52238652899996,6.288510632000055],[-75.55812428999997,6.312238184000023],[-75.59798134799996,6.3069378490000645],[-75.63466765199996,6.317434724000066],[-75.65190051599996,6.333012952000047],[-75.66872281799994,6.373150439000028],[-75.66203154699997,6.404914735000034],[-75.62276218599999,6.38304376800005],[-75.61430160299994,6.408645879000062],[-75.60128839099997,6.415588749000051],[-75.59119183399997,6.434997717000044]]]}},{"type":"Feature","properties":{"mpio_cdgo":"05086","mpio_nombre":"BELMIRA","dpto_cdgo":"05"},"geometry":{"type":"Polygon","coordinates":[[[-75.69252148699996,6.759175859000038],[-75.67808921299996,6.754348269000047],[-75.67560767999998,6.74500720900005],[-75.66713618899996,6.75301631800005],[-75.66790116699997,6.767977040000062],[-75.63115113299995,6.795521928000028],[-75.62616644199994,6.774221583000042],[-75.61275563299995,6.78249588500006],[-75.61403800899996,6.771869240000058],[-75.59875744899995,6.754523473000063],[-75.61192369699995,6.702614062000066],[-75.58743793999997,6.670971952000059],[-75.62645647499994,6.663883001000045],[-75.63297079199998,6.668783595000036],[-75.65306228999998,6.655229431000066],[-75.66234946299994,6.6371777820000375],[-75.64570649399997,6.632577139000034],[-75.63778788299999,6.615961751000043],[-75.60684086699996,6.589019931000053],[-75.60795304599998,6.572429844000055],[-75.59471807399996,6.563439251000034],[-75.59181535499994,6.546339095000064],[-75.56534774099998,6.532869097000059],[-75.59489830599995,6.502842170000065],[-75.60888634199995,6.511929013000042],[-75.64522389299998,6.493906738000021],[-75.65491169799998,6.538966029000051],[-75.67381413599998,6.552514681000048],[-75.67568439299998,6.571231523000051],[-75.69371594799998,6.581467961000044],[-75.69457371699997,6.60712634500004],[-75.71864556199995,6.637076832000048],[-75.71372821399996,6.714450214000067],[-75.72681615999994,6.797970393000071],[-75.69252148699996,6.759175859000038]]]}},{"type":"Feature","properties":{"mpio_cdgo":"05079","mpio_nombre":"BARBOSA","dpto_cdgo":"05"},"geometry":{"type":"Polygon","coordinates":[[[-75.32147922899998,6.5126553070000455],[-75.28892976799995,6.506274534000056],[-75.27849713299997,6.490629093000052],[-75.26488088199994,6.492833309000048],[-75.26328861399998,6.508151046000023],[-75.24966015799998,6.5074274570000625],[-75.21692085399997,6.484782485000039],[-75.23299867499998,6.475619795000057],[-75.24127630999999,6.439684189000047],[-75.27561380499998,6.4227927540000564],[-75.28732247399995,6.40001578600004],[-75.30257080299998,6.403835314000048],[-75.31031188199995,6.397575762000031],[-75.30664689999998,6.392053219000047],[-75.31918670899995,6.386565841000049],[-75.33244895899998,6.398641424000061],[-75.34571683699994,6.397458326000049],[-75.37661523699995,6.373110420000046],[-75.40403855599999,6.365098393000039],[-75.41167166699995,6.39485865100005],[-75.42089454099994,6.395565206000072],[-75.44848404399994,6.435508996000067],[-75.39362046799994,6.442704469000034],[-75.38950714999999,6.45611006200005],[-75.36800120499998,6.464576535000049],[-75.35996933699994,6.48742528300005],[-75.32934816299996,6.500959206000061],[-75.32147922899998,6.5126553070000455]]]}},{"type":"Feature","properties":{"mpio_cdgo":"05059","mpio_nombre":"ARMENIA","dpto_cdgo":"05"},"geometry":{"type":"Polygon","coordinates":[[[-75.85592625299995,6.246165418000032],[-75.81684969599996,6.224914075000072],[-75.78061043799994,6.183481701000062],[-75.74607832799995,6.180886525000062],[-75.74115751599999,6.170809911000049],[-75.74779255999994,6.145686614000056],[-75.79072994899997,6.12251731300006],[-75.80374604099995,6.103964104000056],[-75.85122717799999,6.0991850190000605],[-75.85531341899997,6.114683647000049],[-75.84478598899994,6.131553967000059],[-75.84151848099998,6.16819251000004],[-75.84997979699995,6.193613612000036],[-75.84425632999995,6.219555029000048],[-75.85692971799995,6.224733400000048],[-75.85592625299995,6.246165418000032]]]}},{"type":"Feature","properties":{"mpio_cdgo":"05055","mpio_nombre":"ARGELIA","dpto_cdgo":"05"},"geometry":{"type":"Polygon","coordinates":[[[-75.12962927399997,5.760131192000074],[-75.09872565299997,5.7593155830000455],[-75.07775605999996,5.745983195000065],[-75.05582635999997,5.7479906900000515],[-75.02846332799999,5.738433267000062],[-74.99883095599995,5.7436483950000365],[-74.97395547399998,5.729966876000049],[-74.94543595199997,5.74399752100004],[-74.94246931599997,5.754441461000056],[-74.90187599099994,5.758774920000064],[-74.89753037899999,5.748411703000045],[-74.88015693399996,5.745964571000059],[-74.88696199999998,5.738890783000045],[-74.93157689399999,5.733514116000038],[-74.95194416499999,5.720065591000036],[-74.99330102799996,5.715334122000058],[-74.99153015999997,5.706063372000074],[-75.00878125199995,5.682158942000058],[-75.04792888299994,5.660875498000053],[-75.08945513099997,5.672778510000057],[-75.10034154699997,5.663140672000054],[-75.12985015299995,5.667085192000059],[-75.13654143499997,5.654262438000046],[-75.17899153499997,5.646951258000058],[-75.23555149299995,5.67616758500003],[-75.18277736999994,5.708833025000047],[-75.19661744899997,5.713630765000062],[-75.20857685999994,5.705001821000053],[-75.24509927499997,5.730323076000047],[-75.14871522199996,5.743892669000047],[-75.12962927399997,5.760131192000074]]]}},{"type":"Feature","properties":{"mpio_cdgo":"05051","mpio_nombre":"ARBOLETES","dpto_cdgo":"05"},"geometry":{"type":"Polygon","coordinates":[[[-76.41354568599996,8.873828895000031],[-76.38116683499999,8.794208980000064],[-76.41908741699996,8.757935724000049],[-76.41601216999999,8.749174832000051],[-76.39965708999995,8.746125609000046],[-76.36788788399997,8.720674675000055],[-76.34562620499997,8.63982154100006],[-76.31400316999998,8.656489665000038],[-76.28146641999996,8.648865872000044],[-76.26605742499999,8.63880709700004],[-76.26476177599994,8.617634589000033],[-76.25071510599997,8.610307220000038],[-76.25818173099998,8.593042385000047],[-76.28596206599997,8.595188154000027],[-76.29521447899998,8.569171441000037],[-76.30935772999999,8.564118937000046],[-76.31968752599994,8.546469596000065],[-76.32168835999994,8.528713964000076],[-76.30711650699999,8.520843839000065],[-76.31856741499996,8.511731801000053],[-76.31203914499997,8.48543053800006],[-76.32984831299996,8.445388212000069],[-76.34817897099998,8.443874952000044],[-76.36515320999996,8.45828827300005],[-76.39736105199995,8.454166719000057],[-76.40265167099994,8.463466090000054],[-76.39413967699994,8.470848576000037],[-76.40604967599995,8.476600577000056],[-76.43009792299995,8.448693097000046],[-76.43785010399995,8.45627636000006],[-76.44974664799997,8.453813007000065],[-76.47650688999994,8.432543581000061],[-76.47661203499996,8.448181236000039],[-76.48940414899994,8.462899090000064],[-76.48126019699998,8.468822955000064],[-76.48779402899999,8.481975970000065],[-76.48038230199995,8.495362688000057],[-76.50387049899996,8.508743682000045],[-76.49845809099997,8.51651269100006],[-76.52848968599994,8.53284708600006],[-76.53554290799997,8.552450270000065],[-76.55610439399999,8.55868997500005],[-76.57090283699995,8.581816141000047],[-76.56911915099994,8.600267465000059],[-76.56544888499997,8.611413711000068],[-76.54578459899994,8.603572580000048],[-76.50232571599997,8.658403949000046],[-76.49097648099996,8.661930778000055],[-76.49009401899997,8.693881955000052],[-76.47524407899994,8.676131370000064],[-76.45040167199994,8.690192008000054],[-76.44738443899996,8.708374235000065],[-76.42847275499997,8.734110203000057],[-76.46470779999999,8.744388770000057],[-76.47215599499998,8.761925846000054],[-76.48332318999996,8.767714840000053],[-76.46952322599998,8.79530986900005],[-76.48641969399995,8.818620563000025],[-76.42856157599994,8.853976611000064],[-76.41354568599996,8.873828895000031]]]}},{"type":"Feature","properties":{"mpio_cdgo":"05045","mpio_nombre":"APARTADÓ","dpto_cdgo":"05"},"geometry":{"type":"Polygon","coordinates":[[[-76.42487261699995,8.072997788000066],[-76.42764859599998,8.019794603000037],[-76.41157371099996,8.00695201700006],[-76.41549251199996,7.954524622000065],[-76.42293247599997,7.950497503000065],[-76.42111738499995,7.911825227000065],[-76.43816257199995,7.904778899000064],[-76.44812779899996,7.879690461000052],[-76.46441063999998,7.870045646000051],[-76.48019330799997,7.881937897000057],[-76.49122329899996,7.873872414000061],[-76.51463124699995,7.881629460000056],[-76.51734502199997,7.835419135000052],[-76.55141715899998,7.769907262000061],[-76.59278751599999,7.78697709000005],[-76.61943153099998,7.787435136000056],[-76.62463065299994,7.802265127000055],[-76.62859245599998,7.804983661000051],[-76.64692620299996,7.801491802000044],[-76.65602764099998,7.788285794000046],[-76.68087122299994,7.799507220000066],[-76.70214180199997,7.811802430000057],[-76.71076605199994,7.8401993100000595],[-76.75303439599998,7.879410896000024],[-76.74684990199995,7.904373512000063],[-76.73746273699999,7.9066464330000485],[-76.73992317399995,7.9166927480000595],[-76.72116375099995,7.914886491000061],[-76.68002673199999,7.931690683000056],[-76.65297380999993,7.915608969000061],[-76.61731090299998,7.9273712250000585],[-76.61481852199995,7.9372492280000415],[-76.60592171699994,7.93588341800006],[-76.59487633899994,7.947545284000057],[-76.58570027099995,7.940119455000058],[-76.57127199999996,7.953556015000061],[-76.55136937999998,7.952117375000057],[-76.42487261699995,8.072997788000066]]]}},{"type":"Feature","properties":{"mpio_cdgo":"05044","mpio_nombre":"ANZÁ","dpto_cdgo":"05"},"geometry":{"type":"Polygon","coordinates":[[[-75.88660980699996,6.412181106000048],[-75.83097741799997,6.397255740000048],[-75.85030427099997,6.367507096000054],[-75.84546116699994,6.352170597000054],[-75.85734760599996,6.3302659570000515],[-75.84147081299994,6.316114197000047],[-75.84718489399995,6.295897776000061],[-75.83361175899995,6.282433471000047],[-75.84282060199996,6.2709853430000635],[-75.83881071899998,6.2549458090000485],[-75.85533038499995,6.24680031500003],[-75.87083288999997,6.250885919000041],[-75.90336843899996,6.237294792000057],[-75.91268848599998,6.219616483000038],[-75.93323262899997,6.21657977600006],[-75.96536058899994,6.240506648000064],[-75.97954079199997,6.237451596000028],[-75.97898532799996,6.247322985000039],[-75.99811907899993,6.265550142000052],[-76.00404030399994,6.2847215870000355],[-75.98967096499996,6.317132168000057],[-75.98815858099994,6.344852816000071],[-75.95798833899994,6.353819447000035],[-75.94223455999997,6.345883130000061],[-75.93009747799994,6.349768015000052],[-75.91016404099997,6.3755263320000495],[-75.90761428299999,6.396767475000047],[-75.88660980699996,6.412181106000048]]]}},{"type":"Feature","properties":{"mpio_cdgo":"05042","mpio_nombre":"SANTA FE DE ANTIOQUIA","dpto_cdgo":"05"},"geometry":{"type":"Polygon","coordinates":[[[-75.83315221599997,6.656508621000057],[-75.81627216699997,6.634406523000052],[-75.79699853299996,6.5704704030000585],[-75.80555877999996,6.515595652000059],[-75.82173435699997,6.508371608000061],[-75.82617443099997,6.469153329000051],[-75.81966842899999,6.4082173580000585],[-75.83328148699997,6.396820380000065],[-75.85008570899998,6.397833257000059],[-75.86088641499998,6.409985410000047],[-75.88683413499996,6.412221891000058],[-75.90502100199996,6.3962878930000215],[-75.94182112499993,6.42133037800005],[-75.94318009299997,6.45791478600006],[-75.96541006799998,6.4650236270000505],[-75.96761258299995,6.490719646000059],[-75.98461695499998,6.487009313000044],[-76.00547767999996,6.49785176000006],[-76.01473105999997,6.490583308000055],[-76.03798625399997,6.492563798000049],[-76.03456139199994,6.527344132000053],[-76.01368385699999,6.585824431000049],[-76.00910277799994,6.633704127000044],[-75.93762818199997,6.618933154000047],[-75.91333725599998,6.6542552070000625],[-75.90367718899995,6.649061399000061],[-75.89261648599995,6.624019100000055],[-75.84155330599998,6.68302378900006],[-75.83311035499997,6.68079507300007],[-75.83315221599997,6.656508621000057]]]}},{"type":"Feature","properties":{"mpio_cdgo":"05040","mpio_nombre":"ANORÍ","dpto_cdgo":"05"},"geometry":{"type":"Polygon","coordinates":[[[-74.90935084799997,7.450014782000039],[-74.89030239799996,7.391891735000058],[-74.90752511799997,7.360441559000037],[-74.89284940599998,7.337169045000053],[-74.90580774599994,7.314446180000061],[-74.90533280999995,7.293669089000048],[-74.91734630299999,7.286409322000054],[-74.93681762999995,7.288734514000055],[-74.93283896899999,7.253968591000046],[-75.02060071899996,7.141140414000063],[-75.03944097699997,7.081130508000058],[-75.05860261499998,7.062908091000054],[-75.06406652999993,6.99788804800005],[-75.08527913899997,6.965531855000052],[-75.13628093499995,6.941334360000042],[-75.14436003299994,6.921979018000059],[-75.16588439399999,6.914735686000029],[-75.16999524999994,6.905471132000059],[-75.18324433699996,6.91918785200005],[-75.20935092799994,6.922231770000053],[-75.22435723399997,6.9325712830000725],[-75.23015038699998,7.006829235000055],[-75.22139735399998,7.033268367000062],[-75.24352427599996,7.033714047000046],[-75.25518853799997,7.046265978000065],[-75.25326785399994,7.0971381470000665],[-75.25990719099997,7.115888175000066],[-75.29278722099997,7.132561789000022],[-75.31469859399994,7.159757635000062],[-75.31722852099995,7.213292620000061],[-75.29578204799998,7.229671684000039],[-75.28948042699994,7.245073998000066],[-75.26481859599994,7.238954831000058],[-75.25262256499997,7.250981636000063],[-75.22565272799994,7.258455207000054],[-75.20500581399995,7.254410656000061],[-75.19068081599994,7.271130868000057],[-75.18805773999998,7.308126531000028],[-75.17298813099995,7.324293975000046],[-75.15368835699996,7.377791522000052],[-75.11787845499998,7.378641986000048],[-75.11242192199995,7.390789359000053],[-75.08160944699995,7.397894140000062],[-75.04597264499995,7.4245671770000286],[-75.02691617299996,7.420871789000046],[-75.02842895099997,7.405194603000041],[-74.99775194899996,7.383496419000039],[-74.99504006799998,7.394198954000046],[-74.98529393199993,7.388131833000045],[-74.96701186299998,7.396673218000046],[-74.94764627299998,7.420645886000045],[-74.94113958599996,7.410980322000057],[-74.92648309699996,7.412432767000041],[-74.90935084799997,7.450014782000039]]]}},{"type":"Feature","properties":{"mpio_cdgo":"05038","mpio_nombre":"ANGOSTURA","dpto_cdgo":"05"},"geometry":{"type":"Polygon","coordinates":[[[-75.27173466999994,6.970938606000061],[-75.24998455799994,6.953287881000051],[-75.24205290399993,6.929504959000042],[-75.24394813899994,6.90877462800006],[-75.25982674799997,6.886974190000046],[-75.25801744099994,6.848164490000045],[-75.26744930599995,6.846472963000053],[-75.26994476399994,6.833406208000042],[-75.28716488999999,6.838665716000037],[-75.28811653299994,6.820779851000054],[-75.30092793199998,6.821892337000065],[-75.32189123399996,6.799410954000052],[-75.33949771999994,6.808141370000044],[-75.36512783699999,6.796485523000058],[-75.37495867599995,6.789253256000052],[-75.37617656899994,6.773959633000061],[-75.41058894499997,6.775064695000026],[-75.42663538199997,6.785979882000049],[-75.48850553899996,6.768055392000065],[-75.48370332899998,6.777386933000059],[-75.49011924599995,6.810306619000073],[-75.47361941699995,6.824392723000074],[-75.47205489999999,6.851642989000027],[-75.45836126099994,6.862906232000057],[-75.44847664399998,6.860512760000063],[-75.43558115299999,6.8910390700000335],[-75.42088453799994,6.889924718000032],[-75.41096097799993,6.911561737000056],[-75.39117552299996,6.900506819000043],[-75.37546391199999,6.901435892000052],[-75.33620354399994,6.9452101850000645],[-75.31042469799996,6.954135454000038],[-75.30196028599994,6.965337031000047],[-75.27173466999994,6.970938606000061]]]}},{"type":"Feature","properties":{"mpio_cdgo":"05036","mpio_nombre":"ANGELÓPOLIS","dpto_cdgo":"05"},"geometry":{"type":"Polygon","coordinates":[[[-75.69148549199997,6.193202812000038],[-75.68136162999997,6.17720825400005],[-75.67381624199999,6.091388898000048],[-75.70021530399998,6.085876951000046],[-75.70818663499995,6.072814613000048],[-75.72325348999993,6.082168449000051],[-75.74728934499996,6.068788272000063],[-75.75081129699998,6.091194514000051],[-75.76230493399999,6.101903332000063],[-75.76654415399997,6.135336185000028],[-75.73350902299995,6.158362899000053],[-75.72135284599995,6.149329929000032],[-75.70549290399998,6.155391457000064],[-75.69148549199997,6.193202812000038]]]}},{"type":"Feature","properties":{"mpio_cdgo":"05034","mpio_nombre":"ANDES","dpto_cdgo":"05"},"geometry":{"type":"Polygon","coordinates":[[[-75.86821522599996,5.757531472000039],[-75.83655176099995,5.729210684000066],[-75.80913862699998,5.659047559000044],[-75.81335519699996,5.645587826000053],[-75.82573344799994,5.640449466000064],[-75.82947319199997,5.622010549000038],[-75.85877915999998,5.63510470500006],[-75.87971535799994,5.63247986600004],[-75.88247740699995,5.5899433450000515],[-75.87347972999999,5.575739425000052],[-75.87153904299998,5.530985091000048],[-75.88365351899995,5.524812024000028],[-75.88357187699995,5.500639454000066],[-75.90612015399995,5.481138950000059],[-75.93079979099997,5.50887461700006],[-75.95926791099998,5.505081594000046],[-75.98339487499999,5.519400508000047],[-76.00825425999994,5.56368303000005],[-76.01218392199996,5.592364756000052],[-76.00191683399999,5.600120349000065],[-76.00515047299996,5.621918152000035],[-76.07350493599995,5.67745745600007],[-76.06542143199994,5.687318130000051],[-76.03008284299995,5.668111303000046],[-76.00386310599998,5.667217596000057],[-75.98955367099995,5.678238534000059],[-75.99427373499998,5.690812301000051],[-75.96621614299994,5.703481292000049],[-75.93841126799998,5.700418692000028],[-75.92806320799997,5.689811492000047],[-75.90779115199996,5.695801233000054],[-75.89999918799998,5.70766881000003],[-75.87837902099994,5.7158986910000635],[-75.89244342199999,5.725347108000051],[-75.89446552699997,5.750599820000048],[-75.87673862999998,5.776230453000039],[-75.86821522599996,5.757531472000039]]]}},{"type":"Feature","properties":{"mpio_cdgo":"05031","mpio_nombre":"AMALFI","dpto_cdgo":"05"},"geometry":{"type":"Polygon","coordinates":[[[-74.93132328699994,7.292540939000048],[-74.91364009899996,7.288068969000051],[-74.91949763499997,7.274539178000055],[-74.90998474899999,7.232671242000038],[-74.87651738599999,7.224297559000036],[-74.85607601899994,7.1683267830000545],[-74.84789563199996,7.165427202000046],[-74.85324976199996,7.140245505000053],[-74.83927078499994,7.126417078000031],[-74.83631363799998,7.093732558000056],[-74.85825586999994,7.047177611000052],[-74.85474551499993,7.025562272000059],[-74.84230839899999,7.017641342000047],[-74.83687906599994,7.02207706400003],[-74.83798315999996,6.991837642000064],[-74.85531024199997,6.945190432000061],[-74.87861677799998,6.937576067000066],[-74.87907030499997,6.906642169000065],[-74.86873131399994,6.8935075540000526],[-74.88420365199994,6.879119725000066],[-74.87404194299995,6.866265963000046],[-74.87393719399995,6.850286112000049],[-74.90675434599996,6.814190859000064],[-74.91204133699995,6.799040005000052],[-74.90244817999996,6.7939833640000415],[-74.90336888999997,6.783501854000065],[-74.91300595699994,6.777392934000034],[-74.91109084099998,6.768112852000058],[-74.92139873899998,6.766805778000048],[-74.92220552799995,6.747862526000063],[-74.93560475699996,6.751296665000041],[-75.02660863699998,6.834656683000048],[-75.04235705799994,6.819983041000057],[-75.04843032899998,6.796372287000054],[-75.03272706099995,6.763735533000045],[-75.01940618399993,6.760583431000043],[-75.02612146799999,6.748561260000031],[-75.06008751099995,6.77134176900006],[-75.14100955199996,6.793039496000063],[-75.17333323199995,6.825618502000054],[-75.18242563899997,6.8479785380000635],[-75.17987902799996,6.881015861000037],[-75.16640840999997,6.914357601000063],[-75.14436003299994,6.921979018000059],[-75.13589621499995,6.9415996830000495],[-75.08352800499995,6.967462084000033],[-75.05747324299995,7.021070684000051],[-75.05860261499998,7.062908091000054],[-75.03944097699997,7.081130508000058],[-75.02060071899996,7.141140414000063],[-74.93283896899999,7.253968591000046],[-74.93765297599998,7.287571920000062],[-74.93132328699994,7.292540939000048]]]}},{"type":"Feature","properties":{"mpio_cdgo":"05030","mpio_nombre":"AMAGÁ","dpto_cdgo":"05"},"geometry":{"type":"Polygon","coordinates":[[[-75.67587225099999,6.085612756000046],[-75.67155302199996,6.05480153700006],[-75.68424082399997,6.046431880000057],[-75.66026298099996,6.015627128000062],[-75.66847547499998,6.000277698000048],[-75.70213528699998,5.980738784000039],[-75.71730922099994,5.985256091000053],[-75.73618904699998,6.005362183000045],[-75.76709289299998,6.000016756000036],[-75.75221951499998,6.030034657000044],[-75.73849835499993,6.033733261000066],[-75.73398089199998,6.044235081000068],[-75.74665871399998,6.0696774040000605],[-75.72325348999993,6.082168449000051],[-75.70818663499995,6.072814613000048],[-75.70021530399998,6.085876951000046],[-75.67587225099999,6.085612756000046]]]}},{"type":"Feature","properties":{"mpio_cdgo":"05021","mpio_nombre":"ALEJANDRÍA","dpto_cdgo":"05"},"geometry":{"type":"Polygon","coordinates":[[[-75.03319778399998,6.415863899000044],[-75.01042342399995,6.388599494000061],[-74.98667238999997,6.384979087000033],[-74.98521952099998,6.375453451000055],[-75.01815177099996,6.361409637000065],[-75.03707609899999,6.36209451600007],[-75.04511677499994,6.358447652000052],[-75.04458036899996,6.348207205000051],[-75.06429014299994,6.346189965000065],[-75.06599582699994,6.336334751000038],[-75.09056753899995,6.323279017000061],[-75.10572873299998,6.32477177800007],[-75.11587801899998,6.30248455900005],[-75.13535441899995,6.335575739000035],[-75.15724300099998,6.296905220000042],[-75.17103107899999,6.297582323000029],[-75.17239884599996,6.3263435920000575],[-75.16130145299996,6.321773291000056],[-75.15536593199994,6.330006321000042],[-75.15868435899995,6.371756694000055],[-75.13622854599998,6.384399368000061],[-75.14502693999998,6.411595057000056],[-75.08837393799996,6.3934723170000325],[-75.03319778399998,6.415863899000044]]]}},{"type":"Feature","properties":{"mpio_cdgo":"05004","mpio_nombre":"ABRIAQUÍ","dpto_cdgo":"05"},"geometry":{"type":"Polygon","coordinates":[[[-76.08689444899994,6.754438871000048],[-76.05472464799993,6.732280087000049],[-76.04026542199995,6.704657677000057],[-76.03305951899995,6.68424340100006],[-76.03952620899997,6.656030716000032],[-76.01366300899997,6.648370311000065],[-76.00763379199998,6.63470058200005],[-76.01368385699999,6.585824431000049],[-76.03883642399995,6.504204732000062],[-76.06674427899998,6.509196723000059],[-76.07693533699995,6.541313716000047],[-76.09190496599996,6.540026184000055],[-76.09816945099999,6.552011303000029],[-76.11461640099998,6.5537195350000275],[-76.13630997399997,6.577740372000051],[-76.15552972599994,6.584124735000046],[-76.16435402699994,6.596554120000064],[-76.15512913399994,6.625493603000052],[-76.17011229799994,6.636897579000049],[-76.16890050799998,6.6572968540000375],[-76.18443698599998,6.665099468000051],[-76.17633647899999,6.679409988000032],[-76.13821595699994,6.693581909000045],[-76.13349588099999,6.706868450000059],[-76.11607095199997,6.707409531000053],[-76.09224128499994,6.727495782000062],[-76.07874483499995,6.729594109000061],[-76.09020406999997,6.732493212000065],[-76.09069507899994,6.746793847000049],[-76.08689444899994,6.754438871000048]]]}},{"type":"Feature","properties":{"mpio_cdgo":"05002","mpio_nombre":"ABEJORRAL","dpto_cdgo":"05"},"geometry":{"type":"Polygon","coordinates":[[[-75.46937891299996,5.945749569000043],[-75.44550642899998,5.933628429000066],[-75.44891678399995,5.928012985000066],[-75.44138303599993,5.922691731000043],[-75.44842943299994,5.915046620000055],[-75.44088794599998,5.915990745000045],[-75.43203182399998,5.902350463000062],[-75.40605057899995,5.900995530000046],[-75.38102523999999,5.881809946000033],[-75.32346944299996,5.880264970000042],[-75.30778083599995,5.867509617000053],[-75.28448073199996,5.87395168300003],[-75.26793311299997,5.854179509000062],[-75.28586281699995,5.847896499000058],[-75.32073181099997,5.781752623000045],[-75.40961394699997,5.7452755850000585],[-75.42307176599996,5.727818347000039],[-75.42372229899996,5.696038847000068],[-75.47816141099997,5.664284378000048],[-75.51989426199998,5.695120347000056],[-75.53549015399994,5.690976257000045],[-75.54278539599994,5.71941434200005],[-75.55593429799995,5.72442548600003],[-75.55690273699997,5.732133676000046],[-75.54711057299994,5.770551057000034],[-75.55132860999998,5.820936808000056],[-75.53916458999998,5.828229313000065],[-75.52718272499999,5.868240029000049],[-75.50484839399996,5.862134971000046],[-75.48227240199998,5.87490471600006],[-75.48777967199999,5.90123277400005],[-75.47407763399997,5.921713969000052],[-75.48210268699995,5.936244403000046],[-75.46937891299996,5.945749569000043]]]}},{"type":"Feature","properties":{"mpio_cdgo":"05895","mpio_nombre":"ZARAGOZA","dpto_cdgo":"05"},"geometry":{"type":"Polygon","coordinates":[[[-74.76102991799996,7.724773015000039],[-74.75852761199997,7.713899792000063],[-74.76939910599998,7.702034964000063],[-74.76341380599996,7.6777695500000505],[-74.77099560599999,7.648549743000046],[-74.78714209199995,7.620775833000039],[-74.80488016899994,7.613237226000024],[-74.82703915399998,7.588839746000076],[-74.81933136199996,7.58796667200005],[-74.80124093099994,7.554793094000047],[-74.77614039899998,7.530945713000051],[-74.78002080099998,7.495361206000041],[-74.76068291599995,7.4885185600000455],[-74.75814889499998,7.460469139000054],[-74.74284681599994,7.458371204000059],[-74.72657167599993,7.4398910960000535],[-74.70785859199998,7.44470042100005],[-74.69823163299998,7.434258034000038],[-74.68332107499998,7.43271039900003],[-74.67658968799998,7.439782929000046],[-74.66780390799994,7.419213034000052],[-74.64424327899997,7.415861593000045],[-74.63045744199997,7.386734509000064],[-74.60787941399997,7.38650278700004],[-74.69910899099995,7.312690401000054],[-74.91527801399997,7.26373439300005],[-74.91775336699999,7.283454911000035],[-74.90533280999995,7.293669089000048],[-74.90580774599994,7.314446180000061],[-74.89286442799994,7.335659458000066],[-74.89690220099999,7.35258506200006],[-74.90752511799997,7.360441559000037],[-74.89030239799996,7.39133012700006],[-74.90752703899994,7.449866236000048],[-74.92648309699996,7.412432767000041],[-74.94113958599996,7.410980322000057],[-74.94764627299998,7.420645886000045],[-74.96090565099996,7.401426555000057],[-74.98633966999995,7.3882634620000545],[-74.99733303699998,7.402699230000053],[-74.99558686999995,7.417547867000053],[-75.01152324699996,7.424622523000039],[-75.03014398899995,7.489159955000048],[-75.06100553899995,7.47722787400005],[-75.12902228399997,7.540160216000061],[-75.12467372899994,7.544895505000056],[-75.11217419199994,7.536891229000048],[-75.09584384199997,7.512395678000075],[-75.08190301499997,7.514333642000054],[-75.06900062099999,7.526438914000039],[-75.07089993799997,7.535075797000047],[-75.06278391899997,7.536077139000042],[-75.06285746499998,7.559903513000052],[-75.04962220899995,7.5590091680000455],[-75.04257769199995,7.573719030000063],[-75.02277328699995,7.581031080000059],[-75.00380137299999,7.578150811000057],[-74.98786415799998,7.607208004000029],[-74.97342494999998,7.60781522700006],[-74.97305448699996,7.62179799300003],[-74.94729118399994,7.6148295630000575],[-74.93898384899995,7.620177512000055],[-74.93237914899998,7.637391836000063],[-74.92576104799997,7.633475793000059],[-74.90830681299997,7.654916114000059],[-74.91519588299997,7.6573774500000695],[-74.90062398299995,7.671474950000061],[-74.90488670499997,7.684098731000063],[-74.89004720999998,7.68051293700006],[-74.87733407299999,7.6947404760000495],[-74.85765683999995,7.686354361000042],[-74.85366729399993,7.6733812640000565],[-74.84233174499997,7.667971460000047],[-74.83158729899998,7.679482817000064],[-74.80399388699993,7.683226569000055],[-74.79395060199994,7.691995940000027],[-74.78320224799995,7.724764264000044],[-74.76102991799996,7.724773015000039]]]}},{"type":"Feature","properties":{"mpio_cdgo":"05893","mpio_nombre":"YONDÓ (Casabe)","dpto_cdgo":"05"},"geometry":{"type":"Polygon","coordinates":[[[-73.92454779499997,7.267565294000065],[-73.92239731899997,7.218552698000053],[-73.93876801299996,7.182289711000067],[-73.93052916999994,7.151159962000065],[-73.93315609499996,7.1248336040000595],[-73.88817525099995,7.070210071000076],[-73.88128210199994,7.015738167000052],[-73.89120444999998,6.994180251000046],[-73.93403475299993,6.955847135000056],[-74.01064647799996,6.913279398000043],[-74.02296036899997,6.8913131630000635],[-74.07723499899998,6.841886665000061],[-74.08123923499994,6.82149527200005],[-74.11514600899994,6.765573501000063],[-74.14261450599997,6.756588658000055],[-74.17731080399994,6.724945431000037],[-74.20808386999994,6.721809369000027],[-74.23099807899996,6.710316574000046],[-74.25650054699997,6.675080919000038],[-74.31222182299996,6.6543117200000665],[-74.33022578599997,6.629572731000053],[-74.36687601799997,6.6342122420000464],[-74.38180051399996,6.651100692000057],[-74.39040899399998,6.647678686000063],[-74.38588196699999,6.656002001000047],[-74.39351018399998,6.654576165000037],[-74.39026640799995,6.670527698000058],[-74.39752034699995,6.67307637600004],[-74.39046246299995,6.68127492800005],[-74.39691313799995,6.684299367000051],[-74.39088278199995,6.68834791200004],[-74.39463405999999,6.698101238000049],[-74.41991625899993,6.737383492000049],[-74.44209834799994,6.739931530000035],[-74.45237291299998,6.754898471000047],[-74.44727172499995,6.783500243000049],[-74.45901094499999,6.778617441000051],[-74.49221652999995,6.793035151000026],[-74.48926343899996,6.8139446180000505],[-74.46694770799996,6.814819808000038],[-74.44522295099995,6.786944301000062],[-74.42610042899997,6.797011554000051],[-74.41094698499995,6.835204020000049],[-74.39800149999996,6.8467958160000535],[-74.40475680899993,6.853997973000048],[-74.39005021199995,6.868073724000055],[-74.39471584299997,6.890179618000047],[-74.38053495099996,6.897986340000045],[-74.37941782799999,6.912508937000041],[-74.35678622799998,6.911891234000052],[-74.33762428099999,6.9270183950000614],[-74.32122228599997,6.9174374220000345],[-74.31081500299996,6.955140115000063],[-74.25932868699994,6.9688638920000585],[-74.26102673099996,6.985909071000037],[-74.24284620099996,6.996490726000047],[-74.24415386199996,7.0041742730000465],[-73.91585233499995,7.295583790000023],[-73.92454779499997,7.267565294000065]]]}},{"type":"Feature","properties":{"mpio_cdgo":"05890","mpio_nombre":"YOLOMBÓ","dpto_cdgo":"05"},"geometry":{"type":"Polygon","coordinates":[[[-75.02660863699998,6.834656683000048],[-74.93554286199998,6.751247149000051],[-74.91494839799998,6.751393497000038],[-74.91095661199995,6.730414258000053],[-74.95038458399995,6.704327345000024],[-74.94217020799994,6.691964591000044],[-74.94797211099996,6.6688425310000525],[-74.91285737299995,6.658941965000054],[-74.91232851399997,6.637002058000064],[-74.83494388099996,6.6499902330000396],[-74.81819146999999,6.640291879000074],[-74.80139239199997,6.642088447000049],[-74.77379543199999,6.666939991000049],[-74.76586069699994,6.663414326000066],[-74.76733303699996,6.656100363000064],[-74.74052992299994,6.656256258000042],[-74.74079594999995,6.667828415000031],[-74.71421747799997,6.674092131000066],[-74.70116302999998,6.69119091400006],[-74.68190665699996,6.66926402200005],[-74.65228146099997,6.684676557000046],[-74.65019495799999,6.698522881000031],[-74.63910409299996,6.699133439000036],[-74.63631677599994,6.687883297000042],[-74.62325338899996,6.685318585000061],[-74.60000421299998,6.706793339000058],[-74.58016983299996,6.700555640000061],[-74.57839457199998,6.708674002000066],[-74.55538644599994,6.716722694000055],[-74.49689398399994,6.700009211000065],[-74.55817120499995,6.637987765000048],[-74.57354731499998,6.643917111000064],[-74.57455493299994,6.6379093580000585],[-74.60334638099994,6.65604928700003],[-74.62397045799997,6.653961123000045],[-74.63300007499998,6.6237221670000395],[-74.66582527999998,6.622370559000046],[-74.68227719399994,6.601980993000041],[-74.70261161099995,6.6131093340000575],[-74.73099086499997,6.5973387950000415],[-74.73461526499995,6.603865434000056],[-74.86476299299994,6.531278505000046],[-74.84104131199996,6.517084996000051],[-74.83919487999998,6.509727741000063],[-74.85321401499993,6.502343662000044],[-74.91102352899998,6.516139663000047],[-74.91449931799997,6.524546031000057],[-74.93684814999995,6.5323783450000406],[-74.97733337399995,6.534973962000038],[-74.98944013799996,6.549398575000055],[-74.99956080899995,6.5403306640000665],[-75.00686821499994,6.545660828000052],[-75.03436060499996,6.5381369860000405],[-75.05737600299994,6.579422975000057],[-75.08749059099995,6.585207757000035],[-75.09402659599994,6.569656743000053],[-75.12118408399994,6.567088265000052],[-75.14351318899998,6.54258674700003],[-75.20508417599996,6.5536937810000495],[-75.19431652699996,6.577551524000057],[-75.16173353999994,6.5856945490000385],[-75.15197226799995,6.648135550000063],[-75.12264952299995,6.6581401230000665],[-75.12688124199997,6.69251637800005],[-75.10700115999998,6.716692616000046],[-75.12799259899998,6.739765783000053],[-75.10986252199996,6.782259952000061],[-75.06008751099995,6.77134176900006],[-75.02612146799999,6.748561260000031],[-75.02047012599996,6.756600817000049],[-75.02227957899999,6.7648210890000655],[-75.03272706099995,6.763735533000045],[-75.04843032899998,6.796372287000054],[-75.04235705799994,6.819983041000057],[-75.02660863699998,6.834656683000048]]]}},{"type":"Feature","properties":{"mpio_cdgo":"05887","mpio_nombre":"YARUMAL","dpto_cdgo":"05"},"geometry":{"type":"Polygon","coordinates":[[[-75.32384382999999,7.241529470000046],[-75.30828788999997,7.238897457000064],[-75.30196734899994,7.22725259200007],[-75.31722852099995,7.213292620000061],[-75.33221085399998,7.166864181000051],[-75.33259863099994,7.125784399000054],[-75.32573978299996,7.109717617000058],[-75.33389556099996,7.075558861000047],[-75.31937331399996,7.064428503000045],[-75.31157420999995,7.020061399000042],[-75.33229119399994,6.990299741000058],[-75.35337275399996,6.98951620400004],[-75.36255081199994,6.957741714000065],[-75.35797940599997,6.94582841600004],[-75.33813918399994,6.9460925770000586],[-75.33571314399995,6.9419394980000675],[-75.34315630299994,6.930369368000072],[-75.35537741199994,6.930961584000045],[-75.35809310299999,6.9151783030000615],[-75.37546391199999,6.901435892000052],[-75.39117552299996,6.900506819000043],[-75.41096097799993,6.911561737000056],[-75.42088453799994,6.889924718000032],[-75.43558115299999,6.8910390700000335],[-75.44847664399998,6.860512760000063],[-75.45836126099994,6.862906232000057],[-75.47205489999999,6.851642989000027],[-75.47361941699995,6.824392723000074],[-75.49020778099998,6.8100602180000465],[-75.48370332899998,6.777386933000059],[-75.48956244599998,6.772810667000044],[-75.57405316999996,6.853055009000059],[-75.57500531499994,6.900878094000063],[-75.60220918499994,6.948610509000048],[-75.60272876499994,6.975833604000059],[-75.62306922599998,7.003272949000063],[-75.64606258399994,7.009010117000059],[-75.65895114599994,7.0280888480000385],[-75.63292966899996,7.035530913000059],[-75.60153759899998,7.065484481000055],[-75.58637660299996,7.02280563000005],[-75.55854908599997,7.017092255000023],[-75.55503057199996,6.991156940000053],[-75.50990395999997,7.001378914000043],[-75.49504882599996,7.0339864130000365],[-75.49977176599998,7.047721262000039],[-75.47284526699997,7.048784904000058],[-75.46025390899996,7.058641733000059],[-75.46032420299997,7.074665621000065],[-75.42446245599996,7.086687429000051],[-75.38785742999994,7.170599365000044],[-75.37202056099994,7.180953212000077],[-75.37266139799993,7.19230181100005],[-75.34342922199994,7.202350658000057],[-75.33742552399997,7.227003750000051],[-75.32960255699999,7.227335028000027],[-75.32384382999999,7.241529470000046]]]}},{"type":"Feature","properties":{"mpio_cdgo":"05885","mpio_nombre":"YALI","dpto_cdgo":"05"},"geometry":{"type":"Polygon","coordinates":[[[-74.63958328099994,6.7970858960000555],[-74.61339516599998,6.78830060100006],[-74.60033344899995,6.794226148000064],[-74.59637726299997,6.784610016000045],[-74.57895856099998,6.781889273000047],[-74.58002409999995,6.700628507000033],[-74.60000421299998,6.706793339000058],[-74.62606323799997,6.68484077200003],[-74.63631677599994,6.687883297000042],[-74.63910409299996,6.699133439000036],[-74.65019495799999,6.698522881000031],[-74.65228146099997,6.684676557000046],[-74.68210840199998,6.669248095000057],[-74.70116302999998,6.69119091400006],[-74.71421747799997,6.674092131000066],[-74.74079594999995,6.667828415000031],[-74.74052992299994,6.656256258000042],[-74.76733303699996,6.656100363000064],[-74.76586069699994,6.663414326000066],[-74.77379543199999,6.666939991000049],[-74.79926917399996,6.643262827000058],[-74.81784926599994,6.6402841020000665],[-74.83494388099996,6.6499902330000396],[-74.91217296899998,6.636963171000048],[-74.91285737299995,6.658941965000054],[-74.94797211099996,6.6688425310000525],[-74.94217020799994,6.691964591000044],[-74.94993157899995,6.706885086000057],[-74.92436204999996,6.716321257000061],[-74.90436890599995,6.740230109000038],[-74.88842465299996,6.729227761000061],[-74.88294776399994,6.735131594000052],[-74.84791168499999,6.727766811000038],[-74.83297532199998,6.733403807000059],[-74.81579082899998,6.758346665000033],[-74.80225537599995,6.76409039300006],[-74.80668973299998,6.748929281000073],[-74.80326743299997,6.746775912000032],[-74.79118979499998,6.767581974000052],[-74.77214981999998,6.769174938000049],[-74.75929014899998,6.791733555000064],[-74.72778699499997,6.7958767700000635],[-74.70887254099995,6.776891837000051],[-74.68768368399998,6.790579849000039],[-74.67991593799997,6.7862436360000515],[-74.67474783999995,6.795349333000047],[-74.65226955499998,6.779013149000036],[-74.64284843699994,6.782410021000032],[-74.64751393599994,6.787682105000044],[-74.63958328099994,6.7970858960000555]]]}},{"type":"Feature","properties":{"mpio_cdgo":"05861","mpio_nombre":"VENECIA","dpto_cdgo":"05"},"geometry":{"type":"Polygon","coordinates":[[[-75.81262395099998,5.997710323000035],[-75.79634311399997,6.004304596000054],[-75.77338020799994,5.996012976000031],[-75.73634512399997,6.005405537000058],[-75.71471930999996,5.983495344000062],[-75.68716307099999,5.979131634000055],[-75.68310396499999,5.971189457000037],[-75.70447809499996,5.9514050130000555],[-75.70245903799997,5.938107630000047],[-75.70892007599997,5.934211975000039],[-75.73077611599996,5.930481139000051],[-75.75014931299995,5.939004469000054],[-75.77600084499994,5.919482437000056],[-75.77791627099998,5.905359725000039],[-75.76703171299994,5.899654800000064],[-75.77545828999996,5.881137943000056],[-75.85589193599998,5.938181907000057],[-75.83426470799998,5.980547060000049],[-75.83243746799997,5.999572919000059],[-75.84076180099999,6.008830843000055],[-75.83053872399995,6.0105867140000555],[-75.81262395099998,5.997710323000035]]]}},{"type":"Feature","properties":{"mpio_cdgo":"05858","mpio_nombre":"VEGACHÍ","dpto_cdgo":"05"},"geometry":{"type":"Polygon","coordinates":[[[-74.83643519199995,6.991091634000043],[-74.84401463199998,6.956976704000056],[-74.81552834199994,6.892605040000035],[-74.82157089399993,6.868951854000045],[-74.73107359699998,6.889780095000049],[-74.71413904399998,6.900490949000073],[-74.70400047899994,6.896170759000029],[-74.69007394899995,6.917851047000056],[-74.65000455399996,6.911938558000031],[-74.63349464699996,6.92507676200006],[-74.59441792099994,6.912819411000044],[-74.58879187899998,6.90303145300004],[-74.59288600899998,6.8866549260000625],[-74.57196797499995,6.863988076000055],[-74.58134912799994,6.819998979000047],[-74.59125979499998,6.815727047000053],[-74.57895856099998,6.781889273000047],[-74.59637726299997,6.784610016000045],[-74.60033344899995,6.794226148000064],[-74.61339516599998,6.78830060100006],[-74.64150355299995,6.799259199000062],[-74.64755899799997,6.787384013000064],[-74.64274098499999,6.782569466000041],[-74.65197493199997,6.779072074000055],[-74.67474783999995,6.795349333000047],[-74.67991593799997,6.7862436360000515],[-74.68768368399998,6.790579849000039],[-74.70899385699994,6.776888371000041],[-74.72480606599999,6.794809182000051],[-74.73690540199993,6.795100344000048],[-74.75945650199998,6.791632736000054],[-74.77214981999998,6.769174938000049],[-74.79118979499998,6.767581974000052],[-74.80326743299997,6.746775912000032],[-74.80225537599995,6.76409039300006],[-74.81579082899998,6.758346665000033],[-74.83711133999998,6.73104227400006],[-74.87001937099996,6.727453277000052],[-74.88294776399994,6.735131594000052],[-74.88842465299996,6.729227761000061],[-74.89289967499997,6.737067385000046],[-74.91334270999994,6.740633271000036],[-74.92139873899998,6.766805778000048],[-74.91109084099998,6.768112852000058],[-74.91300595699994,6.777392934000034],[-74.90336888999997,6.783501854000065],[-74.90244817999996,6.7939833640000415],[-74.91204133699995,6.799040005000052],[-74.90675434599996,6.814190859000064],[-74.87393719399995,6.850286112000049],[-74.87404194299995,6.866265963000046],[-74.88420365199994,6.879119725000066],[-74.86873131399994,6.8935075540000526],[-74.87907030499997,6.906642169000065],[-74.87861677799998,6.937576067000066],[-74.85531024199997,6.945190432000061],[-74.83643519199995,6.991091634000043]]]}},{"type":"Feature","properties":{"mpio_cdgo":"05856","mpio_nombre":"VALPARAÍSO","dpto_cdgo":"05"},"geometry":{"type":"Polygon","coordinates":[[[-75.63663767799994,5.756830821000051],[-75.61642360699994,5.739960618000055],[-75.62296632999994,5.719752304000053],[-75.62119519499998,5.675748932000033],[-75.61467881099998,5.669699406000063],[-75.59949873499994,5.68120039300004],[-75.57235897999993,5.6647078580000425],[-75.58964814399997,5.644377743000064],[-75.58015459899997,5.605637350000052],[-75.58894851499997,5.6070221100000595],[-75.61776133599994,5.582632623000052],[-75.65208185399996,5.571171316000061],[-75.66808197899996,5.58034277400003],[-75.67646296899994,5.597934197000029],[-75.65740963699994,5.64023415500003],[-75.66146906299997,5.724154291000048],[-75.63663767799994,5.756830821000051]]]}},{"type":"Feature","properties":{"mpio_cdgo":"05854","mpio_nombre":"VALDIVIA","dpto_cdgo":"05"},"geometry":{"type":"Polygon","coordinates":[[[-75.30424272599998,7.431974450000041],[-75.30028570499996,7.419708201000049],[-75.28229585899999,7.41470485800005],[-75.28722672399994,7.393797372000051],[-75.27480888299993,7.388262843000064],[-75.27574099699996,7.381628096000043],[-75.28917380399997,7.379076333000057],[-75.28120064099994,7.370523183000046],[-75.28694310199995,7.362607375000039],[-75.27838995599996,7.3422761210000544],[-75.28552742699998,7.2990811660000645],[-75.27763473499994,7.287516665000055],[-75.29653565899997,7.2761281800000575],[-75.30548007099998,7.257478048000053],[-75.29617342299997,7.229404161000048],[-75.30503971799999,7.2277548880000495],[-75.30961897099996,7.239676015000043],[-75.32611915999996,7.239940705000038],[-75.34342922199994,7.202350658000057],[-75.37134477099994,7.193816513000058],[-75.37235845599997,7.1803356850000455],[-75.38785742999994,7.170599365000044],[-75.42416381999993,7.087022263000051],[-75.46032420299997,7.074665621000065],[-75.46025390899996,7.058641733000059],[-75.47125120499999,7.049802241000066],[-75.48482562899994,7.055587153000033],[-75.49196829299996,7.063996235000047],[-75.50044628299997,7.124642839000046],[-75.46725854999994,7.179862878000051],[-75.46457146899996,7.216674615000045],[-75.43734512499998,7.244897971000057],[-75.47048957899995,7.274084109000057],[-75.48779374799994,7.303856720000056],[-75.51047919099994,7.294147679000048],[-75.52959555399997,7.299506621000035],[-75.51354847299996,7.376903068000047],[-75.50627989299994,7.385894027000063],[-75.49519563799998,7.385493629000052],[-75.46094323099999,7.359793341000056],[-75.44436039099998,7.3612476070000525],[-75.43537075599994,7.371071769000025],[-75.42596894699994,7.366703627000049],[-75.40431308999996,7.374832492000053],[-75.39507502199996,7.368922029000032],[-75.36699590299997,7.386516540000059],[-75.35879373799997,7.38111495000004],[-75.33205386299994,7.388164288000041],[-75.32950520299994,7.407159257000046],[-75.32163777399995,7.412873564000051],[-75.32282727999996,7.432593704000055],[-75.30424272599998,7.431974450000041]]]}},{"type":"Feature","properties":{"mpio_cdgo":"05842","mpio_nombre":"URAMITA","dpto_cdgo":"05"},"geometry":{"type":"Polygon","coordinates":[[[-75.98163395999995,7.00018201000006],[-75.97873198999997,6.987278490000051],[-75.96496185999996,6.980639999000061],[-75.98697505899997,6.93798442800005],[-75.99936798199997,6.9313663190000625],[-76.01240029199994,6.935780217000058],[-76.06166052699996,6.904145175000053],[-76.09553929299994,6.898773780000056],[-76.10258249899994,6.887544231000049],[-76.09366701899995,6.860999131000028],[-76.10194167599997,6.852952722000055],[-76.13473470799994,6.849179011000047],[-76.15567815999998,6.82373024900005],[-76.19484912299998,6.838761911000063],[-76.19519552099996,6.850080232000039],[-76.22156387799998,6.84829546900005],[-76.24578270699999,6.876044138000054],[-76.22214093999997,6.918265937000058],[-76.23937300199998,6.9398224990000585],[-76.23430236299998,6.963019779000035],[-76.17090726199996,6.959313973000064],[-76.15530553399998,6.977591626000049],[-76.07317023199994,6.939930016000062],[-76.06463803599996,6.946867591000057],[-76.04737742499998,6.94499733300006],[-76.01642669999995,6.967417388000058],[-75.99994615499998,7.000335075000066],[-75.98163395999995,7.00018201000006]]]}},{"type":"Feature","properties":{"mpio_cdgo":"05837","mpio_nombre":"TURBO","dpto_cdgo":"05"},"geometry":{"type":"Polygon","coordinates":[[[-76.40524883299997,8.476476520000062],[-76.39361534999995,8.469010393000076],[-76.40632262599996,8.459217464000062],[-76.40201495099996,8.44480842300004],[-76.41995427699999,8.439211838000062],[-76.42552387399996,8.424428127000056],[-76.41927962299997,8.411318753000046],[-76.40647208999997,8.411526472000048],[-76.39461337099993,8.388029154000037],[-76.39295541999996,8.379490364000048],[-76.40398257199996,8.374735849000047],[-76.40497221199996,8.354553749000047],[-76.39625402599995,8.335967262000054],[-76.40007712299996,8.327321225000048],[-76.38943961099994,8.31903563800006],[-76.39622983399994,8.312584916000048],[-76.39427762899999,8.286383827000066],[-76.40304569299997,8.277739694000047],[-76.40021197699997,8.254025291000062],[-76.40914311399996,8.231626651000056],[-76.39455278799994,8.21680705600005],[-76.39823185399996,8.196447402000047],[-76.41150348299993,8.187785684000062],[-76.41259855999994,8.164407761000064],[-76.39978942099998,8.147082700000055],[-76.40872379799998,8.07392512000007],[-76.42497153799997,8.07429380900004],[-76.55136937999998,7.952117375000057],[-76.57127199999996,7.953556015000061],[-76.58570027099995,7.940119455000058],[-76.59487633899994,7.947545284000057],[-76.60592171699994,7.93588341800006],[-76.61481852199995,7.9372492280000415],[-76.61731090299998,7.9273712250000585],[-76.65297380999993,7.915608969000061],[-76.68002673199999,7.931690683000056],[-76.72116375099995,7.914886491000061],[-76.73992317399995,7.9166927480000595],[-76.73746273699999,7.9066464330000485],[-76.74684990199995,7.904373512000063],[-76.75389125699996,7.877252134000059],[-76.77898967199997,7.883930104000058],[-76.80365978799995,7.869216467000058],[-76.80549434399995,7.849267806000057],[-76.82018513599996,7.840962295000054],[-76.82167229899994,7.80287069700006],[-76.80938000399993,7.771442773000047],[-76.81910166099993,7.767122161000032],[-76.81946373599999,7.727467692000062],[-76.80663583099994,7.710330748000047],[-76.82181654799996,7.6941027410000515],[-76.81468851099999,7.684391696000034],[-76.82306114599999,7.676982921000047],[-76.81326613799996,7.67176272100005],[-76.82026241599993,7.665043352000055],[-76.81387816599994,7.658246373000054],[-76.81105654899994,7.668446872000061],[-76.78828570199994,7.6585578630000555],[-76.78918122199997,7.643979200000047],[-76.79279130099997,7.650402101000054],[-76.79749144099998,7.641050876000065],[-76.78478511899993,7.639385254000047],[-76.78121592699995,7.619106300000055],[-76.77849739299995,7.626530216000049],[-76.76968743899994,7.617952258000059],[-76.76251336399997,7.620742179000047],[-76.76533302499996,7.605341116000034],[-76.74428669299994,7.608351133000042],[-76.71345482699996,7.593729346000032],[-76.71385933499994,7.574027409000053],[-76.69516866899994,7.538299801000051],[-76.65881645099995,7.5155224120000526],[-76.66185026499994,7.503351469000052],[-76.64624558699995,7.487978080000062],[-76.65247501499994,7.480416156000047],[-76.64410618299996,7.468331140000032],[-76.68248093899996,7.46763700300005],[-76.80101181299995,7.571660629000064],[-76.82584743799998,7.5814759050000475],[-76.93619494199999,7.5834092180000425],[-76.94363075699994,7.589209154000059],[-76.96013826799998,7.639772700000037],[-77.03970149599996,7.70476172900004],[-77.12167702299996,7.787407649000045],[-77.12755220099996,7.827572940000039],[-77.12167702299996,7.832681790000038],[-77.09520831599997,7.825067171000057],[-77.08061160199998,7.845174144000055],[-77.05837723999997,7.851543488000061],[-77.03139415299995,7.880097019000061],[-77.01231087499997,7.933825248000062],[-77.02142421099995,7.948792058000038],[-77.00008044599997,7.958428874000049],[-77.00555320599995,7.982318664000047],[-76.99565464799997,8.021151466000049],[-76.98715997199997,8.031026230000066],[-76.95991514399998,8.036903499000061],[-76.93907106599994,8.062839623000059],[-76.95559982099996,8.122733719000053],[-76.94933258599997,8.17233684100006],[-76.96651136699995,8.191789282000059],[-76.98018975199994,8.255281794000041],[-76.96228386399997,8.256126838000057],[-76.94841619999994,8.252749446000053],[-76.94178951699996,8.248512860000062],[-76.94582529299998,8.24456688400005],[-76.95046973099994,8.25196063900006],[-76.95584209999998,8.235491206000063],[-76.96851931499998,8.243317730000058],[-76.95735867099995,8.184764905000065],[-76.94136411599999,8.179949083000054],[-76.93473341499998,8.18883859600004],[-76.94369579299996,8.210625187000062],[-76.92781125399995,8.201444215000038],[-76.93232887499994,8.207419135000066],[-76.92657255099994,8.207783458000051],[-76.92620822699996,8.192336109000053],[-76.91957752599996,8.19619794600004],[-76.91258249999998,8.19335621600004],[-76.91025082499993,8.190805947000058],[-76.92693687599996,8.189858705000063],[-76.92810271299999,8.181333516000052],[-76.90944931099995,8.177617410000039],[-76.93168175799997,8.173635924000052],[-76.92620556599996,8.16282429000006],[-76.93245042499996,8.158471981000048],[-76.94323955499993,8.166651677000061],[-76.95033640299994,8.14476471100005],[-76.95274287299998,8.126583758000038],[-76.93510295799996,8.110908209000058],[-76.94098760499998,8.101819363000061],[-76.93186905099998,8.09152918600006],[-76.90277093699996,8.10110555500006],[-76.88862995899996,8.114379746000054],[-76.89356208499999,8.13230287500005],[-76.82933623499997,8.14112029200004],[-76.83592339999996,8.13504057700004],[-76.82205784299998,8.138276706000056],[-76.81270599599998,8.131658561000052],[-76.85405158899994,8.119979844000056],[-76.85717432899997,8.112377541000058],[-76.84729497899997,8.099202328000047],[-76.85466802099995,8.09126909400004],[-76.82157241399995,8.094375314000047],[-76.83451896299994,8.081160474000058],[-76.87315523399997,8.06806068800006],[-76.82997045099995,8.050386742000057],[-76.83745198399998,8.042436705000057],[-76.85340559199994,8.056847522000055],[-76.87163785599995,8.053172894000056],[-76.85786534799996,8.043536632000041],[-76.85971795199998,8.035248201000059],[-76.83418913199995,8.01982730800006],[-76.86426216899997,8.020178896000061],[-76.86661111899997,8.026292511000065],[-76.87451002399996,8.021356314000059],[-76.87954198399996,8.038440025000057],[-76.89047920699994,8.045473663000053],[-76.91196753799994,8.041719897000064],[-76.92482717899998,8.024643583000056],[-76.92895027599997,8.005721676000064],[-76.92046878499997,7.998936248000064],[-76.92803245599998,7.988723747000051],[-76.93275213399994,7.943677535000063],[-76.92224800099996,7.917593947000057],[-76.86248647099995,7.900559466000061],[-76.76818461199997,7.910304693000057],[-76.74836664499998,7.922084052000059],[-76.75344358999996,7.936794234000047],[-76.73905397699997,7.947165186000063],[-76.74552609199998,7.961636768000062],[-76.72659446299997,7.981590277000066],[-76.74452173999998,8.018582417000061],[-76.72791474599995,8.028769178000061],[-76.73533794699995,8.037004502000059],[-76.72019997799998,8.039185707000058],[-76.71476101399998,8.061643607000065],[-76.73295915199998,8.088943521000033],[-76.73116422299995,8.090227502000062],[-76.72928931699994,8.090736113000048],[-76.72845239099996,8.090499298000054],[-76.72802149799998,8.090564852000057],[-76.72805599799995,8.09064334900006],[-76.73603230699996,8.092545872000073],[-76.73900289199997,8.074228363000032],[-76.73318593299996,8.070758226000066],[-76.74387491999994,8.064670257000046],[-76.73600045999996,8.098545211000044],[-76.74016838099999,8.115177662000065],[-76.74639908099994,8.11087479400004],[-76.74100340499996,8.101228708000065],[-76.75586000499999,8.121447188000047],[-76.74378435699998,8.137678838000056],[-76.73821255299998,8.170276194000053],[-76.75321621599994,8.234810699000036],[-76.77229252199999,8.269796107000047],[-76.75104671799994,8.271133249000059],[-76.73693916499997,8.262417546000052],[-76.72604102399998,8.28275588200006],[-76.70180811999995,8.28718516400005],[-76.68570337299997,8.275228502000061],[-76.67910336399996,8.296121894000066],[-76.68370360199998,8.306660872000066],[-76.66716741499994,8.306075539000062],[-76.64929444499995,8.322100965000061],[-76.62147247999997,8.330476481000062],[-76.60970589799996,8.371469751000063],[-76.60406062699997,8.365741200000059],[-76.59143758599998,8.371755286000052],[-76.59679732199999,8.377186408000057],[-76.58659323699999,8.377137704000063],[-76.58456593599993,8.398662308000041],[-76.58084445899993,8.393203825000057],[-76.55069192899998,8.401484349000043],[-76.53936093599998,8.392060496000056],[-76.49993796399997,8.38876054700006],[-76.49462700699996,8.381017779000047],[-76.50290753099995,8.378823916000044],[-76.49563113899995,8.37197106800005],[-76.48495211799997,8.37576868800005],[-76.47788678699999,8.361440404000064],[-76.45422584499994,8.374427051000055],[-76.43176052399997,8.361987397000064],[-76.42722133299998,8.378933286000063],[-76.44469087799996,8.39144993800005],[-76.43941285999995,8.444849993000048],[-76.40524883299997,8.476476520000062]]]}},{"type":"Feature","properties":{"mpio_cdgo":"05819","mpio_nombre":"TOLEDO","dpto_cdgo":"05"},"geometry":{"type":"Polygon","coordinates":[[[-75.69514662199998,7.088383997000051],[-75.65782801399996,7.025998308000055],[-75.67915665999999,7.001033729000028],[-75.70271433199997,6.936583368000072],[-75.73701126199995,6.926911293000046],[-75.74234296299994,6.991851005000058],[-75.75885146599995,7.0250101790000485],[-75.75599285199996,7.048977621000063],[-75.76567335499993,7.0617714070000375],[-75.73025959899996,7.08198522400005],[-75.69514662199998,7.088383997000051]]]}},{"type":"Feature","properties":{"mpio_cdgo":"05809","mpio_nombre":"TITIRIBÍ","dpto_cdgo":"05"},"geometry":{"type":"Polygon","coordinates":[[[-75.76619187299997,6.131879669000057],[-75.76230493399999,6.101903332000063],[-75.75081129699998,6.091194514000051],[-75.74616552199996,6.065114953000034],[-75.73911986099995,6.0638233720000585],[-75.73849835499993,6.033733261000066],[-75.75040323699994,6.032428843000048],[-75.77338020799994,5.996012976000031],[-75.79634311399997,6.004304596000054],[-75.81288245199994,5.9977249520000555],[-75.83053872399995,6.0105867140000555],[-75.84076180099999,6.008830843000055],[-75.86580995899999,6.053622308000058],[-75.85492016499995,6.0996373030000655],[-75.80374604099995,6.103964104000056],[-75.79072994899997,6.12251731300006],[-75.76619187299997,6.131879669000057]]]}},{"type":"Feature","properties":{"mpio_cdgo":"05792","mpio_nombre":"TARSO","dpto_cdgo":"05"},"geometry":{"type":"Polygon","coordinates":[[[-75.85589193599998,5.938181907000057],[-75.75853748499998,5.870080137000059],[-75.78370689199994,5.822227671000064],[-75.81014563399998,5.809887427000035],[-75.81509632299998,5.830503191000048],[-75.82053304499993,5.821384335000062],[-75.84663904899998,5.819023620000053],[-75.88601508899995,5.863627135000058],[-75.88157478399995,5.914740005000056],[-75.86533803799995,5.919552577000047],[-75.85589193599998,5.938181907000057]]]}},{"type":"Feature","properties":{"mpio_cdgo":"05790","mpio_nombre":"TARAZÁ","dpto_cdgo":"05"},"geometry":{"type":"Polygon","coordinates":[[[-75.45425625999997,7.746693038000046],[-75.44200716199998,7.713854149000042],[-75.45050002699998,7.695653052000068],[-75.43885227999994,7.669743466000057],[-75.43913617399994,7.633984154000075],[-75.42247256599995,7.635189222000065],[-75.41455866899997,7.649108486000046],[-75.38355516799999,7.644065066000053],[-75.38401023999995,7.630665283000042],[-75.37586079299996,7.631065789000047],[-75.36600541299998,7.617971981000039],[-75.36590716299997,7.583638758000063],[-75.33223517399995,7.536109492000037],[-75.27414431199998,7.534055207000051],[-75.25803939399998,7.516693973000031],[-75.26337387199999,7.504446041000051],[-75.25310815699999,7.494797334000054],[-75.25981269599998,7.4787890340000445],[-75.25034852199997,7.456870928000058],[-75.21724894299996,7.447025714000063],[-75.20611237399999,7.427531070000043],[-75.21473970799997,7.395653369000058],[-75.19424687799994,7.38904487800005],[-75.17576834999994,7.351855215000057],[-75.16552313299997,7.356061535000038],[-75.16524875699997,7.340236393000055],[-75.18805773999998,7.308126531000028],[-75.19068081599994,7.271130868000057],[-75.20875245399998,7.25156785300004],[-75.22565272799994,7.258455207000054],[-75.25262256499997,7.250981636000063],[-75.26469202499999,7.238968893000049],[-75.28933675799993,7.24512353800003],[-75.29589599299999,7.2295626940000375],[-75.30081858699998,7.235264928000049],[-75.30548720499996,7.257335315000034],[-75.29941502699995,7.272574965000047],[-75.27763473499994,7.287516665000055],[-75.28552742699998,7.2990811660000645],[-75.27838995599996,7.3422761210000544],[-75.28694310199995,7.362607375000039],[-75.28120064099994,7.370523183000046],[-75.28917380399997,7.379076333000057],[-75.27574099699996,7.381628096000043],[-75.27480888299993,7.388262843000064],[-75.28722672399994,7.393797372000051],[-75.28229585899999,7.41470485800005],[-75.30028570499996,7.419708201000049],[-75.30579572799996,7.434541481000053],[-75.32289725099997,7.432471255000053],[-75.32163777399995,7.412873564000051],[-75.32950520299994,7.407159257000046],[-75.33205386299994,7.388164288000041],[-75.35879373799997,7.38111495000004],[-75.36699590299997,7.386516540000059],[-75.39507502199996,7.368922029000032],[-75.40431308999996,7.374832492000053],[-75.42596894699994,7.366703627000049],[-75.43537075599994,7.371071769000025],[-75.44436039099998,7.3612476070000525],[-75.46094323099999,7.359793341000056],[-75.49943004799997,7.386398252000049],[-75.51414342799995,7.372709673000031],[-75.51785435499994,7.379698588000053],[-75.53958823099998,7.370395998000049],[-75.56791498099994,7.3800350880000565],[-75.54261249899997,7.4415894370000615],[-75.54733874099998,7.465648087000034],[-75.54162191799998,7.49175550700005],[-75.55749507199994,7.500622465000049],[-75.57199235599995,7.558085720000065],[-75.59467943599998,7.576275557000031],[-75.60259930099994,7.601092161000054],[-75.57089853499997,7.62492353500005],[-75.55297853199994,7.627342118000058],[-75.55811827199994,7.642795320000062],[-75.54832293599998,7.64548903900004],[-75.55102694599998,7.6683994690000645],[-75.53398861599999,7.688839562000055],[-75.53373584399998,7.723015406000059],[-75.49949358699996,7.719101121000051],[-75.48113677699996,7.742090749000056],[-75.45425625999997,7.746693038000046]]]}},{"type":"Feature","properties":{"mpio_cdgo":"05789","mpio_nombre":"TÁMESIS","dpto_cdgo":"05"},"geometry":{"type":"Polygon","coordinates":[[[-75.67610371699999,5.797430235000036],[-75.65155440599995,5.797798845000045],[-75.63987237899994,5.763918455000066],[-75.66146906299997,5.724154291000048],[-75.65782349999995,5.638094562000049],[-75.69299011799995,5.556584149000059],[-75.69827741399996,5.548991802000046],[-75.71434736099997,5.547925580000026],[-75.74241247099997,5.589470543000061],[-75.76035677899995,5.5936494600000515],[-75.75069941199996,5.621768215000031],[-75.75783837099993,5.639043246000028],[-75.76535197099997,5.643663797000045],[-75.77531390899998,5.637596203000044],[-75.78651381799995,5.654092768000055],[-75.80670174099998,5.653730053000061],[-75.79998951699997,5.66253645300003],[-75.80304187499996,5.675858417000029],[-75.77096905999997,5.689801472000056],[-75.75095771599996,5.718411776000039],[-75.74380035299998,5.716545006000047],[-75.74475003099997,5.73432162000006],[-75.73533722299999,5.734971385000051],[-75.71062130899998,5.768063692000055],[-75.68730385799995,5.775087081000038],[-75.67610371699999,5.797430235000036]]]}},{"type":"Feature","properties":{"mpio_cdgo":"05761","mpio_nombre":"SOPETRÁN","dpto_cdgo":"05"},"geometry":{"type":"Polygon","coordinates":[[[-75.71769296899998,6.635724951000043],[-75.69442814899998,6.606793617000051],[-75.69371594799998,6.581467961000044],[-75.67568439299998,6.571231523000051],[-75.67381413599998,6.552514681000048],[-75.65491169799998,6.538966029000051],[-75.64761627099995,6.5045019150000485],[-75.67776294099997,6.508429289000048],[-75.73285991799997,6.490950612000063],[-75.75717068999995,6.4647710100000495],[-75.76426259499993,6.467753063000032],[-75.76728217699997,6.437331572000062],[-75.77706848299994,6.439203980000059],[-75.77757100099996,6.423817553000049],[-75.78525570099998,6.42125494000004],[-75.78424149599994,6.3977872370000455],[-75.79945174299996,6.394547236000051],[-75.80069521599995,6.4208062610000525],[-75.81961200699999,6.410137434000035],[-75.82617443099997,6.469153329000051],[-75.82102051899994,6.510955701000057],[-75.80604418999997,6.514653383000052],[-75.79849673499996,6.539892753000061],[-75.75436444899998,6.547698077000064],[-75.76557343499996,6.590108961000055],[-75.74669172399996,6.6157258750000665],[-75.72450931699996,6.621747134000032],[-75.71769296899998,6.635724951000043]]]}},{"type":"Feature","properties":{"mpio_cdgo":"05756","mpio_nombre":"SONSÓN","dpto_cdgo":"05"},"geometry":{"type":"Polygon","coordinates":[[[-74.84377715799997,5.926393956000027],[-74.64046626699997,5.859168701000044],[-74.65177588699999,5.828224621000061],[-74.65045044699997,5.793015642000057],[-74.66496042599994,5.768536586000039],[-74.68056026399995,5.779162468000038],[-74.71367492499996,5.772378032000063],[-74.71296809399996,5.75580827400006],[-74.72034918399999,5.7576214220000566],[-74.72713064999994,5.743787237000049],[-74.72944348599998,5.706467768000039],[-74.75240522599995,5.696477292000054],[-74.76557638099996,5.699741047000032],[-74.77242923099999,5.689718757000037],[-74.82874061099994,5.712797519000048],[-74.84109126799996,5.738430958000038],[-74.89672789699995,5.748062335000043],[-74.90187599099994,5.758774920000064],[-74.94286774299997,5.754336710000075],[-74.94543595199997,5.74399752100004],[-74.97395547399998,5.729966876000049],[-74.99883095599995,5.7436483950000365],[-75.02846332799999,5.738433267000062],[-75.05582635999997,5.7479906900000515],[-75.07775605999996,5.745983195000065],[-75.09872565299997,5.7593155830000455],[-75.13244398899997,5.7610388690000605],[-75.14871522199996,5.743892669000047],[-75.24187572899996,5.732103699000049],[-75.20857685999994,5.705001821000053],[-75.19661744899997,5.713630765000062],[-75.18277736999994,5.708833025000047],[-75.23555149299995,5.67616758500003],[-75.25287398299997,5.686900632000061],[-75.26368648199997,5.680269592000059],[-75.25976732299995,5.638748717000055],[-75.27173009299997,5.604262707000032],[-75.24788766299997,5.5787967420000655],[-75.25376244699999,5.528214699000046],[-75.27523911599997,5.506300447000058],[-75.28258062399993,5.4756888210000625],[-75.29607981599997,5.474663701000054],[-75.31632041699999,5.459164249000025],[-75.31082340999995,5.508665876000066],[-75.32884782699995,5.524572573000057],[-75.32693236099993,5.5417760770000655],[-75.33385599699994,5.55005421900006],[-75.32778837199999,5.557820780000043],[-75.34582706599997,5.587109567000027],[-75.34020931699996,5.603009424000049],[-75.36528883199998,5.601569848000054],[-75.37634143199995,5.610885440000061],[-75.38353930199997,5.626994391000039],[-75.36866767099997,5.6399029640000435],[-75.36789434599996,5.654905466000059],[-75.37621055799997,5.673174175000042],[-75.40662824799995,5.681229083000062],[-75.41271967199998,5.694287563000046],[-75.42372229899996,5.696038847000068],[-75.42307176599996,5.727818347000039],[-75.40993573999998,5.744965289000049],[-75.32073181099997,5.781752623000045],[-75.30639351399998,5.819479543000057],[-75.28444448899995,5.849237642000048],[-75.26605367299999,5.850936227000034],[-75.26796637699994,5.812499184000046],[-75.24681020099996,5.815526246000047],[-75.23209068899996,5.8473603010000375],[-75.20933782099996,5.860483118000047],[-75.20978949099998,5.872178164000047],[-75.18403956899994,5.867011063000064],[-75.16581869699996,5.873400998000022],[-75.16570103599997,5.861372248000066],[-75.14478661999993,5.865363759000047],[-75.13450711099995,5.8825053770000295],[-75.10973788399997,5.883872333000056],[-75.10160510199995,5.893369223000036],[-75.07380590099996,5.892677693000053],[-75.05537710499993,5.919416129000069],[-75.03627929999993,5.904793869000059],[-75.03723107999997,5.888051211000061],[-75.02295439999995,5.867934069000057],[-75.02948706199999,5.854306326000028],[-75.02188724999996,5.825853907000067],[-75.05476561599994,5.752081117000046],[-75.04284490399994,5.749034367000036],[-75.02747604599995,5.759497297000053],[-74.98121652299994,5.76642412700005],[-74.94542182399994,5.785965680000061],[-74.92117353499998,5.840125162000049],[-74.89323116499997,5.828636991000053],[-74.88279083299994,5.84674067900005],[-74.86598890499994,5.854295213000057],[-74.86787985799998,5.87225363500005],[-74.85233244599993,5.881422779000047],[-74.85841126799994,5.8962994210000375],[-74.84377715799997,5.926393956000027]]]}},{"type":"Feature","properties":{"mpio_cdgo":"05736","mpio_nombre":"SEGOVIA","dpto_cdgo":"05"},"geometry":{"type":"Polygon","coordinates":[[[-74.37111486699996,7.480019682000034],[-74.35296530899996,7.462179279000054],[-74.33490461599996,7.459225763000063],[-74.31936519099997,7.439914638000062],[-74.36124681099994,7.394137768000064],[-74.37384168499995,7.36422516500005],[-74.39772751899994,7.347909257000026],[-74.40337534499997,7.319493868000052],[-74.38630272099994,7.299260641000046],[-74.38872461799997,7.266340661000072],[-74.64049037199999,7.156020609000052],[-74.65824278699995,7.157348652000053],[-74.66724808299995,7.107575054000051],[-74.69896488199998,7.068337022000037],[-74.71398926499995,7.074092757000074],[-74.76071348199997,7.134846817000039],[-74.85227330099997,7.1390220540000655],[-74.84789563199996,7.165427202000046],[-74.85607601899994,7.1683267830000545],[-74.87644059199994,7.2242111650000425],[-74.91018633299996,7.233074413000054],[-74.91527801399997,7.26373439300005],[-74.69910899099995,7.312690401000054],[-74.59142515099995,7.396114786000055],[-74.58028691099997,7.416089715000055],[-74.56126900499999,7.428264426000055],[-74.55901989499995,7.414476262000051],[-74.50978616499998,7.3752263510000375],[-74.49419689899997,7.344459240000049],[-74.47376275499994,7.345766293000054],[-74.44811952799995,7.3777156530000525],[-74.41940567099994,7.388585669000065],[-74.41187665399997,7.439584230000037],[-74.42229996499998,7.442204516000061],[-74.41244871699996,7.460350819000041],[-74.37981496699996,7.465964048000046],[-74.37111486699996,7.480019682000034]]]}},{"type":"Feature","properties":{"mpio_cdgo":"05697","mpio_nombre":"SANTUARIO","dpto_cdgo":"05"},"geometry":{"type":"Polygon","coordinates":[[[-75.24932870199996,6.17183953600005],[-75.22098060299999,6.146255316000065],[-75.20434763299994,6.142428204000055],[-75.19858499499998,6.125466716000062],[-75.18199471299994,6.120305677000033],[-75.16705497499999,6.1013971030000675],[-75.18354681799997,6.099114756000063],[-75.18322832999996,6.090718882000033],[-75.19293811099999,6.106779116000041],[-75.21058927699994,6.104627378000032],[-75.22894432699997,6.12417199500004],[-75.22939380699995,6.112755241000059],[-75.26869366099999,6.079928265000035],[-75.26129887099995,6.074909628000057],[-75.26959460199998,6.0707638070000485],[-75.26321290499999,6.067771255000025],[-75.26905964099996,6.056392373000051],[-75.29626636399996,6.084063061000052],[-75.28676029999997,6.096990197000025],[-75.29974786899999,6.110379169000055],[-75.29819815299999,6.131063143000063],[-75.31158853799997,6.15115436800005],[-75.29351126699999,6.151011155000049],[-75.26775666199995,6.169059399000048],[-75.24932870199996,6.17183953600005]]]}},{"type":"Feature","properties":{"mpio_cdgo":"05690","mpio_nombre":"SANTO DOMINGO","dpto_cdgo":"05"},"geometry":{"type":"Polygon","coordinates":[[[-75.20352856599999,6.553063286000054],[-75.14992315299997,6.541358672000058],[-75.13000688099999,6.546656011000039],[-75.12161747499994,6.533871938000061],[-75.08990231399997,6.53793962900005],[-75.09298751999995,6.520857653000064],[-75.08047110099994,6.506692731000044],[-75.06944433699994,6.511350812000046],[-75.06508395099996,6.535446617000048],[-75.01964733299997,6.539556574000073],[-75.02192293499996,6.5181233080000425],[-75.05033798399995,6.5072708450000505],[-75.05990656299997,6.493672962000062],[-75.07624376699994,6.493700994000051],[-75.09141406299995,6.4763204620000465],[-75.09779201399994,6.48434360400006],[-75.10849256199998,6.482880116000047],[-75.09712213299997,6.463227329000063],[-75.06273797999995,6.447430986000029],[-75.03257685599993,6.418151321000039],[-75.09232407699994,6.39362301500006],[-75.17312773199995,6.418735879000053],[-75.18268526599996,6.43896092500006],[-75.19727678199996,6.4491540080000505],[-75.24181027599997,6.447755231000031],[-75.23284367199994,6.4758999910000625],[-75.21712697799995,6.487204438000049],[-75.26330378699998,6.509518357000047],[-75.23062163599997,6.547609915000066],[-75.20352856599999,6.553063286000054]]]}},{"type":"Feature","properties":{"mpio_cdgo":"05686","mpio_nombre":"SANTA ROSA DE OSOS","dpto_cdgo":"05"},"geometry":{"type":"Polygon","coordinates":[[[-75.57919066899996,6.893462142000033],[-75.57405316999996,6.853055009000059],[-75.48850553899996,6.768055392000065],[-75.42663538199997,6.785979882000049],[-75.41058894499997,6.775064695000026],[-75.37937598499997,6.774382463000052],[-75.38119452099994,6.76250482100005],[-75.36320205599998,6.7489661740000315],[-75.36344252199996,6.728420525000047],[-75.35025105599993,6.729000694000035],[-75.28932970599999,6.680373653000061],[-75.29327986099997,6.661410778000061],[-75.28205376699998,6.659873704000063],[-75.28093044299999,6.648481897000067],[-75.24646497299995,6.640923225000051],[-75.22801693799994,6.616123077000054],[-75.21018763699993,6.607442805000062],[-75.19675966799997,6.582788004000065],[-75.20763380499994,6.555381372000056],[-75.22835415099996,6.559412179000049],[-75.24748446099994,6.574009281000031],[-75.27121958299995,6.572783857000047],[-75.31500869499996,6.549066597000035],[-75.39513942199994,6.541756894000059],[-75.39591193699994,6.517696287000035],[-75.42752892499993,6.544621679000045],[-75.44627363399997,6.530341279000027],[-75.44773105599995,6.514131200000065],[-75.45993243799995,6.516989061000061],[-75.47045560599997,6.540206652000052],[-75.50841990699996,6.564274899000054],[-75.50559429699996,6.576868199000046],[-75.51672571299997,6.594278417000055],[-75.49717844099996,6.61183883800004],[-75.51606541099994,6.632956554000032],[-75.52453629399997,6.628191684000058],[-75.53767686599997,6.648113723000051],[-75.53562458199997,6.656162248000044],[-75.52267436299996,6.659850415000051],[-75.52403660699997,6.667565814000056],[-75.54252921399996,6.678720376000058],[-75.56706677199998,6.665057353000066],[-75.60090208399998,6.681202408000047],[-75.60260835199995,6.698172510000063],[-75.61192369699995,6.702614062000066],[-75.59861988499995,6.75405752000006],[-75.61403800899996,6.771869240000058],[-75.61275563299995,6.78249588500006],[-75.62616644199994,6.774221583000042],[-75.62569304199997,6.791706961000045],[-75.61422255299993,6.80775101200004],[-75.64132044999997,6.849413015000039],[-75.63565408099998,6.85691035800005],[-75.64245254399998,6.8697374100000275],[-75.60229389999995,6.862417876000052],[-75.57919066899996,6.893462142000033]]]}},{"type":"Feature","properties":{"mpio_cdgo":"05679","mpio_nombre":"SANTA BÁRBARA","dpto_cdgo":"05"},"geometry":{"type":"Polygon","coordinates":[[[-75.59353118399997,6.005837547000056],[-75.59332126599998,5.992611108000062],[-75.56215376099993,5.974563369000066],[-75.58265069699996,5.973048081000059],[-75.55010827199999,5.957742671000062],[-75.55535375899996,5.923523983000052],[-75.53336797999998,5.8624676870000485],[-75.53892839299994,5.828750910000053],[-75.55172226799993,5.819785358000047],[-75.54711057299994,5.770551057000034],[-75.55593429799995,5.72442548600003],[-75.56494925799996,5.723052757000062],[-75.58290849599996,5.788955973000043],[-75.59942654299994,5.808974928000055],[-75.61115885499999,5.810382150000066],[-75.61938156999997,5.800939495000023],[-75.62234189799995,5.807515986000055],[-75.61306201899998,5.829449243000056],[-75.62360281099996,5.854966147000027],[-75.61772960999997,5.873083481000037],[-75.62524022499997,5.923194964000061],[-75.63935426099994,5.946225417000051],[-75.63697421699999,5.964919937000047],[-75.60171788299994,5.987020057000052],[-75.60178809399997,6.002674157000058],[-75.59353118399997,6.005837547000056]]]}},{"type":"Feature","properties":{"mpio_cdgo":"05306","mpio_nombre":"GIRALDO","dpto_cdgo":"05"},"geometry":{"type":"Polygon","coordinates":[[[-75.95936253999997,6.725860776000047],[-75.91959342699994,6.694695271000057],[-75.91057829699997,6.67858558100005],[-75.88558611299999,6.675974779000057],[-75.87987960199996,6.646664925000039],[-75.88793493699995,6.626105457000051],[-75.89511402499994,6.624986912000054],[-75.90367718899995,6.649061399000061],[-75.91333725599998,6.6542552070000625],[-75.93762818199997,6.618933154000047],[-76.00793570899998,6.633844518000046],[-76.01259338499995,6.643729819000043],[-75.99766693399994,6.650436984000066],[-76.00012643099996,6.667422903000045],[-75.98763422399998,6.690916698000024],[-75.97502552099996,6.698340626000061],[-75.95936253999997,6.725860776000047]]]}},{"type":"Feature","properties":{"mpio_cdgo":"05282","mpio_nombre":"FREDONIA","dpto_cdgo":"05"},"geometry":{"type":"Polygon","coordinates":[[[-75.66579023399999,5.99869865900007],[-75.65418148899994,5.98995211600004],[-75.63124859299995,5.995752525000057],[-75.61361618999996,5.97825334700002],[-75.62385773399996,5.977196586000048],[-75.63971324099998,5.9549605950000455],[-75.62524022499997,5.923194964000061],[-75.61772960999997,5.873083481000037],[-75.62360281099996,5.854966147000027],[-75.61302883699994,5.830577427000037],[-75.62241932299997,5.810004633000062],[-75.61780653999995,5.76606804000005],[-75.62513995699999,5.7519729080000275],[-75.64008014899997,5.762452430000053],[-75.65219754499998,5.798602770000059],[-75.66408222699994,5.798683161000042],[-75.69957447399997,5.828603729000065],[-75.72664097299997,5.832975235000049],[-75.75496586699995,5.872606700000063],[-75.77545828999996,5.881137943000056],[-75.76703171299994,5.899654800000064],[-75.77791627099998,5.905359725000039],[-75.77618266799993,5.919294342000057],[-75.75014931299995,5.939004469000054],[-75.73077611599996,5.930481139000051],[-75.70245903799997,5.938107630000047],[-75.70447809499996,5.9514050130000555],[-75.68310396499999,5.971189457000037],[-75.69979975599995,5.9809921260000465],[-75.66579023399999,5.99869865900007]]]}},{"type":"Feature","properties":{"mpio_cdgo":"05266","mpio_nombre":"ENVIGADO","dpto_cdgo":"05"},"geometry":{"type":"Polygon","coordinates":[[[-75.53250836799998,6.197814563000065],[-75.48473417599996,6.190933052000048],[-75.47456094599994,6.158971260000044],[-75.48730502399997,6.161365003000071],[-75.51632286999995,6.149944576000053],[-75.51987564399997,6.139859699000056],[-75.52593219999994,6.143194526000059],[-75.54296605199994,6.131504481000036],[-75.55064274499995,6.105747936000057],[-75.56457279299997,6.107284033000042],[-75.57335597999997,6.098928921000038],[-75.59031887699996,6.112729265000041],[-75.59079904199996,6.14459217600006],[-75.60372393799997,6.155250843000033],[-75.60238234899998,6.169691254000043],[-75.58331653099998,6.188964862000034],[-75.53978009399998,6.170301391000066],[-75.53085695399994,6.176732065000067],[-75.53250836799998,6.197814563000065]]]}},{"type":"Feature","properties":{"mpio_cdgo":"05264","mpio_nombre":"ENTRERRIOS","dpto_cdgo":"05"},"geometry":{"type":"Polygon","coordinates":[[[-75.53956678399999,6.676828705000048],[-75.52245426499996,6.661081783000043],[-75.53587442499997,6.655835073000048],[-75.53172226599997,6.636168828000052],[-75.52417342599995,6.627977532000045],[-75.51589884999999,6.632843531000049],[-75.49717844099996,6.61183883800004],[-75.51672571299997,6.594278417000055],[-75.50559429699996,6.576868199000046],[-75.50841990699996,6.564274899000054],[-75.46996781499996,6.53970696500005],[-75.46091807699997,6.511184030000038],[-75.53950194599997,6.506151097000043],[-75.57515894499994,6.542285047000064],[-75.59181535499994,6.546339095000064],[-75.59471807399996,6.563439251000034],[-75.60795304599998,6.572429844000055],[-75.60684086699996,6.589019931000053],[-75.63778788299999,6.615961751000043],[-75.64570649399997,6.632577139000034],[-75.66234946299994,6.6371777820000375],[-75.65306228999998,6.655229431000066],[-75.63297079199998,6.668783595000036],[-75.59188220999994,6.667418231000056],[-75.58415117699997,6.676423753000051],[-75.56572832599994,6.664902688000041],[-75.53956678399999,6.676828705000048]]]}},{"type":"Feature","properties":{"mpio_cdgo":"05250","mpio_nombre":"EL BAGRE","dpto_cdgo":"05"},"geometry":{"type":"Polygon","coordinates":[[[-74.78960390599997,8.00885547200005],[-74.78569884899997,7.9976202130000615],[-74.79575075499997,7.99279477400006],[-74.78892959999996,7.972963818000039],[-74.75954399699998,7.963987692000046],[-74.75662114699998,7.952947055000038],[-74.73419110999998,7.942827401000045],[-74.72806955199997,7.931177865000052],[-74.70336792499995,7.932917681000049],[-74.69859887699994,7.9195890080000595],[-74.68029576199996,7.929811498000049],[-74.65591641399999,7.906855474000054],[-74.64974441299995,7.912995384000055],[-74.64931654499998,7.905636049000066],[-74.63417980699995,7.901595364000059],[-74.62784735599996,7.914417157000059],[-74.61673739499997,7.917081307000046],[-74.61373253699998,7.930827315000045],[-74.60084146599996,7.929180188000032],[-74.59792311799998,7.941746894000062],[-74.57370275699998,7.950905245000058],[-74.56109131599999,7.9675329710000256],[-74.53891569999996,7.946922180000058],[-74.53661508899995,7.9160827270000595],[-74.52045062199994,7.903287836000061],[-74.52754520599996,7.851831361000052],[-74.51722382299994,7.801741591000052],[-74.52529909399993,7.782569429000034],[-74.51358117299998,7.781025400000033],[-74.50703840999995,7.722627095000064],[-74.49790020399996,7.711531945000047],[-74.47532153199995,7.705552264000062],[-74.47646716399998,7.682159137000042],[-74.53060667099999,7.6712046670000404],[-74.56412940199993,7.640252022000027],[-74.56838353699999,7.518105558000059],[-74.58976027699998,7.511876212000061],[-74.58791288599997,7.4822722490000615],[-74.59850962099995,7.465657040000053],[-74.57913820699997,7.433597999000028],[-74.56126900499999,7.428264426000055],[-74.60684360699997,7.38590473000005],[-74.61104751999994,7.391196800000046],[-74.63045744199997,7.386734509000064],[-74.64424327899997,7.415861593000045],[-74.66780390799994,7.419213034000052],[-74.67658968799998,7.439782929000046],[-74.68332107499998,7.43271039900003],[-74.69823163299998,7.434258034000038],[-74.70785859199998,7.44470042100005],[-74.72657167599993,7.4398910960000535],[-74.74284681599994,7.458371204000059],[-74.75814889499998,7.460469139000054],[-74.76068291599995,7.4885185600000455],[-74.78002080099998,7.495361206000041],[-74.77614039899998,7.530945713000051],[-74.80124093099994,7.554793094000047],[-74.81933136199996,7.58796667200005],[-74.82717285499996,7.589167911000061],[-74.80488016899994,7.613237226000024],[-74.78714209199995,7.620775833000039],[-74.77099560599999,7.648549743000046],[-74.76341380599996,7.6777695500000505],[-74.76939910599998,7.702034964000063],[-74.75794644199993,7.716070990000048],[-74.76198186399995,7.725311067000064],[-74.78224864799995,7.722058587000049],[-74.80600003399996,7.78558399800005],[-74.78992924399995,7.80397864400004],[-74.80231456899998,7.824559610000051],[-74.78085156599997,7.831542434000028],[-74.80587948999994,7.8571583840000585],[-74.80861165499994,7.882599282000058],[-74.80065777499993,7.893871151000042],[-74.81185212299994,7.9025847520000525],[-74.80684412699998,7.917934335000041],[-74.81991452699998,7.936338334000027],[-74.81839085799999,7.969197277000035],[-74.80363354899998,7.981741765000038],[-74.81295231499996,7.997574316000055],[-74.80979975699995,8.006219227000031],[-74.78960390599997,8.00885547200005]]]}},{"type":"Feature","properties":{"mpio_cdgo":"05240","mpio_nombre":"EBÉJICO","dpto_cdgo":"05"},"geometry":{"type":"Polygon","coordinates":[[[-75.78525570099998,6.42125494000004],[-75.73802011599997,6.394189177000044],[-75.71639742999997,6.360303305000059],[-75.71826876699998,6.323910669000043],[-75.70642503199997,6.283427976000041],[-75.71003198599993,6.259047709000072],[-75.73665341899994,6.267399651000062],[-75.75689133599997,6.2507218520000265],[-75.77592359699997,6.246292053000047],[-75.78802346399993,6.265721891000055],[-75.80477987299997,6.26197512400006],[-75.81801287899998,6.252231000000052],[-75.81704140199997,6.2249253540000495],[-75.84283711999996,6.236551754000061],[-75.85243917299994,6.249438921000035],[-75.83978281199995,6.25240274600003],[-75.84282060199996,6.2709853430000635],[-75.83361175899995,6.282433471000047],[-75.84718489399995,6.295897776000061],[-75.84164006099996,6.316452692000041],[-75.85734760599996,6.329159334000053],[-75.84546116699994,6.352170597000054],[-75.85076644999998,6.365495646000056],[-75.83003675999998,6.403014122000059],[-75.80069521599995,6.4208062610000525],[-75.80154124799998,6.396179927000048],[-75.78578959099997,6.395638512000062],[-75.78525570099998,6.42125494000004]]]}},{"type":"Feature","properties":{"mpio_cdgo":"05237","mpio_nombre":"DON MATÍAS","dpto_cdgo":"05"},"geometry":{"type":"Polygon","coordinates":[[[-75.24597527499998,6.571998433000033],[-75.20935371499996,6.553977006000025],[-75.21717977099996,6.5464035960000615],[-75.23062163599997,6.547609915000066],[-75.23625789099998,6.534877650000055],[-75.25093649199994,6.5276295850000565],[-75.26555066099996,6.492177493000042],[-75.28025692399996,6.490820984000038],[-75.28892976799995,6.506274534000056],[-75.32307521099995,6.5131888620000495],[-75.32934816299996,6.500959206000061],[-75.35996933699994,6.48742528300005],[-75.36800120499998,6.464576535000049],[-75.38950714999999,6.45611006200005],[-75.39471211399996,6.442163393000044],[-75.46812774499995,6.436526577000052],[-75.47222707999998,6.4302358110000455],[-75.49259795499995,6.436598845000049],[-75.48650557499997,6.467611627000053],[-75.45246317199997,6.460319927000057],[-75.46518814899997,6.485883467000065],[-75.46099024799997,6.5110837880000645],[-75.44773105599995,6.514131200000065],[-75.44627363399997,6.530341279000027],[-75.42752892499993,6.544621679000045],[-75.39591193699994,6.517696287000035],[-75.39454455999999,6.54197580500005],[-75.33768971799998,6.5441839440000535],[-75.30628559199994,6.551760146000049],[-75.27121958299995,6.572783857000047],[-75.24597527499998,6.571998433000033]]]}},{"type":"Feature","properties":{"mpio_cdgo":"05212","mpio_nombre":"COPACABANA","dpto_cdgo":"05"},"geometry":{"type":"Polygon","coordinates":[[[-75.48940872099996,6.430673082000055],[-75.48789462299999,6.391489836000062],[-75.47351761199997,6.37609199700006],[-75.48710521299995,6.373036400000046],[-75.48045268899995,6.357265693000045],[-75.45058238199994,6.331072925000058],[-75.46685462699998,6.319182549000061],[-75.48442674999995,6.320149416000049],[-75.49205861399997,6.293298972000059],[-75.51409101999997,6.302152696000064],[-75.52238652899996,6.288510632000055],[-75.53601848899996,6.332689605000041],[-75.51668339899999,6.345977683000058],[-75.51500066699998,6.360874895000052],[-75.53267163299995,6.388298218000045],[-75.48940872099996,6.430673082000055]]]}},{"type":"Feature","properties":{"mpio_cdgo":"05209","mpio_nombre":"CONCORDIA","dpto_cdgo":"05"},"geometry":{"type":"Polygon","coordinates":[[[-75.89081787999999,6.169319802000075],[-75.84187814099994,6.1662326780000285],[-75.86583802499996,6.054071374000046],[-75.83196691299997,5.995979594000062],[-75.84303875399996,5.963910885000075],[-75.86709026199998,5.94975325300004],[-75.89621106499999,5.95696070200006],[-75.91037556499998,5.971686909000027],[-75.92569731699996,5.967227090000051],[-75.93936778299997,5.973703641000043],[-75.94634513699998,5.9922873580000555],[-75.93944331699998,5.998681138000052],[-75.94021670399997,6.040708538000047],[-75.97689847399994,6.047698983000032],[-75.99854618899997,6.069833746000029],[-75.99645217299997,6.078337255000065],[-75.96596684899998,6.091600165000045],[-75.96690033799996,6.103798821000055],[-75.95334543799999,6.119033131000037],[-75.93617090799995,6.115368791000037],[-75.92870437399995,6.124795211000048],[-75.92023764299995,6.122762153000053],[-75.91822287399998,6.136325473000056],[-75.89081787999999,6.169319802000075]]]}},{"type":"Feature","properties":{"mpio_cdgo":"05206","mpio_nombre":"CONCEPCIÓN","dpto_cdgo":"05"},"geometry":{"type":"Polygon","coordinates":[[[-75.21392561199997,6.452580619000059],[-75.18268526599996,6.43896092500006],[-75.17312773199995,6.418735879000053],[-75.14502449199995,6.411882484000046],[-75.13608183499997,6.386115196000048],[-75.15868435899995,6.371756694000055],[-75.15536593199994,6.330006321000042],[-75.16130145299996,6.321773291000056],[-75.17239884599996,6.3263435920000575],[-75.16877101399996,6.306151468000053],[-75.18245241299996,6.2847340180000515],[-75.20040876299998,6.2878176330000315],[-75.22261799099994,6.3236414360000595],[-75.24178989299998,6.32224594500002],[-75.24649908899994,6.332391019000056],[-75.26091875099996,6.334936509000045],[-75.25861628699994,6.350914666000051],[-75.28055698099996,6.345767712000054],[-75.29490376199993,6.352583628000048],[-75.30601992899994,6.3716166000000385],[-75.30282189999997,6.389878415000055],[-75.30967043799996,6.398710516000051],[-75.28732247399995,6.40001578600004],[-75.27561380499998,6.4227927540000564],[-75.24400027699994,6.436409246000039],[-75.24194840599995,6.447665911000058],[-75.21392561199997,6.452580619000059]]]}},{"type":"Feature","properties":{"mpio_cdgo":"05197","mpio_nombre":"COCORNÁ","dpto_cdgo":"05"},"geometry":{"type":"Polygon","coordinates":[[[-75.22852872099998,6.1241115840000475],[-75.21058927699994,6.104627378000032],[-75.19293811099999,6.106779116000041],[-75.18322832999996,6.090718882000033],[-75.18354681799997,6.099114756000063],[-75.16705497499999,6.1013971030000675],[-75.15607876399997,6.064805847000059],[-75.11975429899996,6.039869519000035],[-75.10816109299998,6.041523734000066],[-75.09013306499997,6.018664065000053],[-75.07775376499995,6.014819482000064],[-75.06923327999993,5.999585578000051],[-75.10386417199999,5.9892072500000495],[-75.10167945199998,5.979501283000047],[-75.11710709399995,5.975439667000046],[-75.11943432799995,5.9666359560000615],[-75.11123444199995,5.938711839000064],[-75.08664152699998,5.9277067310000575],[-75.08375538299998,5.913026506000051],[-75.05537710499993,5.919416129000069],[-75.07341152499998,5.892921102000059],[-75.10160510199995,5.893369223000036],[-75.10973788399997,5.883872333000056],[-75.13450711099995,5.8825053770000295],[-75.14478661999993,5.865363759000047],[-75.16570103599997,5.861372248000066],[-75.15616781799997,5.907223492000071],[-75.14029270999998,5.915871503000062],[-75.13629243299994,5.94053533500005],[-75.15603210099994,5.946619220000059],[-75.15799079899995,5.961764922000043],[-75.17806101099995,5.9604944170000635],[-75.18327995699997,5.9681816300000605],[-75.16423216799996,5.985113340000055],[-75.20877702599995,6.007865361000029],[-75.22194012499995,6.025749792000056],[-75.22758401999994,6.0518894010000395],[-75.26863275999995,6.055562126000041],[-75.26321290499999,6.067771255000025],[-75.26959460199998,6.0707638070000485],[-75.26129887099995,6.074909628000057],[-75.26869366099999,6.079928265000035],[-75.22939380699995,6.112755241000059],[-75.22852872099998,6.1241115840000475]]]}},{"type":"Feature","properties":{"mpio_cdgo":"05190","mpio_nombre":"CISNEROS","dpto_cdgo":"05"},"geometry":{"type":"Polygon","coordinates":[[[-75.08778726099996,6.585223208000059],[-75.05737600299994,6.579422975000057],[-75.05738890099997,6.569917557000053],[-75.03200552399994,6.54357359100004],[-75.04231600199995,6.534377861000053],[-75.06508395099996,6.535446617000048],[-75.06944433699994,6.511350812000046],[-75.08047110099994,6.506692731000044],[-75.09298751999995,6.520857653000064],[-75.09404799399994,6.534518133000063],[-75.08730512699998,6.536534515000028],[-75.12161747499994,6.533871938000061],[-75.13650529299997,6.547671501000025],[-75.12118408399994,6.567088265000052],[-75.09402659599994,6.569656743000053],[-75.08778726099996,6.585223208000059]]]}},{"type":"Feature","properties":{"mpio_cdgo":"05172","mpio_nombre":"CHIGORODÓ","dpto_cdgo":"05"},"geometry":{"type":"Polygon","coordinates":[[[-76.80955707899994,7.7706911930000615],[-76.79428889099995,7.7551725250000345],[-76.74133774699999,7.743149077000055],[-76.72686172799996,7.72740361700005],[-76.70222082299995,7.718728033000048],[-76.67818719499996,7.72705858300003],[-76.65000785199999,7.712443043000064],[-76.61195888299994,7.735890967000046],[-76.56874192199996,7.7251536480000595],[-76.55353691699997,7.733438137000064],[-76.51648747699994,7.732557166000049],[-76.49082937299994,7.719767592000039],[-76.48556311499993,7.689319447000059],[-76.49229868299994,7.640469144000065],[-76.51121954699994,7.613402159000032],[-76.51441100199997,7.5883460080000305],[-76.50342171699998,7.552157168000065],[-76.52729395699998,7.547363444000041],[-76.53903778399996,7.5310587500000565],[-76.55917768099994,7.530370001000051],[-76.57735108799994,7.497143921000031],[-76.57537156499995,7.485740324000062],[-76.60080342099997,7.464229273000058],[-76.61875582899995,7.455268279000052],[-76.64754609499994,7.468422976000056],[-76.65247501499994,7.480416156000047],[-76.64624558699995,7.487978080000062],[-76.66185026499994,7.503351469000052],[-76.65870342899996,7.515332054000055],[-76.69516866899994,7.538299801000051],[-76.71385933499994,7.574027409000053],[-76.71345482699996,7.593729346000032],[-76.74428669299994,7.608351133000042],[-76.76533302499996,7.605341116000034],[-76.76251336399997,7.620742179000047],[-76.76968743899994,7.617952258000059],[-76.77849739299995,7.626530216000049],[-76.78121592699995,7.619106300000055],[-76.78478511899993,7.639385254000047],[-76.79749144099998,7.641050876000065],[-76.79279130099997,7.650402101000054],[-76.78918122199997,7.643979200000047],[-76.78828570199994,7.6585578630000555],[-76.81105654899994,7.668446872000061],[-76.81387816599994,7.658246373000054],[-76.82026241599993,7.665043352000055],[-76.81326613799996,7.67176272100005],[-76.82306114599999,7.676982921000047],[-76.81468851099999,7.684391696000034],[-76.82181654799996,7.6941027410000515],[-76.80663583099994,7.710330748000047],[-76.81946373599999,7.727467692000062],[-76.81914020599999,7.766952269000058],[-76.80955707899994,7.7706911930000615]]]}},{"type":"Feature","properties":{"mpio_cdgo":"05154","mpio_nombre":"CAUCASIA","dpto_cdgo":"05"},"geometry":{"type":"Polygon","coordinates":[[[-74.91342161299997,8.099647309000034],[-74.91127513099997,8.02741779300004],[-74.93463968699996,8.028822117000061],[-74.95049349199996,7.98674131100006],[-74.93861865299993,7.986860417000059],[-74.92675963899995,7.962232784000037],[-74.91781547299996,7.961657919000061],[-74.90811267099997,7.936742422000066],[-74.89668772999994,7.93220659800005],[-74.89433352299994,7.920309686000053],[-74.90224658299996,7.912279421000051],[-74.89498629099995,7.910612289000028],[-74.92622273099994,7.900354977000063],[-74.94468957299995,7.859697833000041],[-74.93424430099998,7.844749683000032],[-74.92429804499994,7.848449082000059],[-74.91783472599997,7.821718562000058],[-74.92363693899995,7.809907173000056],[-74.82387217299998,7.767796943000064],[-74.80580070399998,7.784073289000048],[-74.78253182499998,7.725707770000042],[-74.79395060199994,7.691995940000027],[-74.80399388699993,7.683226569000055],[-74.83158729899998,7.679482817000064],[-74.84233174499997,7.667971460000047],[-74.85366729399993,7.6733812640000565],[-74.85765683999995,7.686354361000042],[-74.87733407299999,7.6947404760000495],[-74.89004720999998,7.68051293700006],[-74.90488670499997,7.684098731000063],[-74.90062398299995,7.671474950000061],[-74.91519588299997,7.6573774500000695],[-74.90830681299997,7.654916114000059],[-74.92576104799997,7.633475793000059],[-74.93237914899998,7.637391836000063],[-74.93898384899995,7.620177512000055],[-74.94729118399994,7.6148295630000575],[-74.97356222899998,7.621537639000053],[-74.97342494999998,7.60781522700006],[-74.98786415799998,7.607208004000029],[-74.99074726999999,7.591850959000055],[-75.01429526299995,7.576595515000065],[-75.04261829399996,7.611919201000035],[-75.03477724599998,7.649483918000044],[-75.04393781599998,7.653709796000044],[-75.02842532299996,7.685526155000048],[-75.02724827499998,7.705485697000029],[-75.04039887599998,7.715717209000047],[-75.02893621799996,7.733385033000047],[-75.03370903499996,7.771498481000037],[-75.06881367199998,7.7722424300000625],[-75.11006015599997,7.785174880000056],[-75.11723527699996,7.804423618000044],[-75.13519560299994,7.797241220000046],[-75.14394997299996,7.8048544330000595],[-75.14679983299999,7.793710231000034],[-75.16590513899996,7.801325707000046],[-75.17390761599995,7.812937348000048],[-75.17064547799998,7.835965505000047],[-75.18478851899994,7.849004680000064],[-75.17661819899996,7.8523666470000535],[-75.16427359399995,7.88817440400004],[-75.18110888499996,7.9405565830000455],[-75.20380711699994,7.957634638000059],[-75.21042884299999,7.945790295000052],[-75.22816318599996,7.952999832000046],[-75.23435554399998,7.92717510500006],[-75.25410335399994,7.918614554000044],[-75.25308938299997,7.905659760000049],[-75.26451068499995,7.9036217580000425],[-75.25919104099995,7.884147128000052],[-75.29336316799998,7.890301005000026],[-75.30073044799997,7.913102934000051],[-75.32616992399994,7.9040392960000645],[-75.32860628199995,7.93487039200005],[-75.33815007299995,7.944473626000047],[-75.30928456999999,7.947435993000056],[-75.29179049399994,7.960168668000051],[-75.26685873399998,7.9993218030000435],[-75.24402757599995,8.007604296000068],[-75.23581608499995,8.029131050000046],[-75.24705961399997,8.042105461000062],[-75.22003215999996,8.06813678900005],[-75.20902343999995,8.056935141000054],[-75.19559912499994,8.056215227000052],[-75.18855929299997,8.044507443000043],[-75.15913972399994,8.05554066700006],[-75.13442801699995,8.054023126000061],[-75.12550815399999,8.040137067000046],[-75.10075085899996,8.05570106500005],[-75.09299764799994,8.070596875000035],[-75.08195923399995,8.063612854000041],[-75.08089259399998,8.053219658000046],[-75.04740590799997,8.042404004000048],[-75.02386950399995,8.055088399000056],[-75.01343621799998,8.070625152000048],[-74.98991255199996,8.07483349100005],[-74.96835927799998,8.09057864500005],[-74.95443507699997,8.078604635000033],[-74.92792783799996,8.074597633000053],[-74.91342161299997,8.099647309000034]]]}},{"type":"Feature","properties":{"mpio_cdgo":"05150","mpio_nombre":"CAROLINA","dpto_cdgo":"05"},"geometry":{"type":"Polygon","coordinates":[[[-75.28439387599997,6.8228306580000435],[-75.28212699799997,6.8072331620000455],[-75.26738386799997,6.797897386000045],[-75.24793114999994,6.801119118000031],[-75.22993933299995,6.793571133000057],[-75.25835201299998,6.776957076000031],[-75.24920896599997,6.759844994000048],[-75.25838758899994,6.746717424000053],[-75.25667993699994,6.730690412000058],[-75.26342168899998,6.728944609000052],[-75.25847884199999,6.701108568000052],[-75.26555328799998,6.686217022000051],[-75.28753666199998,6.67720934700003],[-75.35025105599993,6.729000694000035],[-75.36344252199996,6.728420525000047],[-75.36320205599998,6.7489661740000315],[-75.38132315199994,6.765155506000042],[-75.37495867599995,6.789253256000052],[-75.36512783699999,6.796485523000058],[-75.33949771999994,6.808141370000044],[-75.32189123399996,6.799410954000052],[-75.30092793199998,6.821892337000065],[-75.28439387599997,6.8228306580000435]]]}},{"type":"Feature","properties":{"mpio_cdgo":"05148","mpio_nombre":"EL CARMEN DE VIBORAL","dpto_cdgo":"05"},"geometry":{"type":"Polygon","coordinates":[[[-75.34906219699997,6.144819435000045],[-75.34718261999996,6.123984147000044],[-75.31982818999995,6.111514209000063],[-75.31365156499999,6.09433044900004],[-75.30266146799994,6.100085353000054],[-75.30984308699993,6.126358250000067],[-75.30540746799994,6.144790636000039],[-75.29974786899999,6.110379169000055],[-75.28675017699999,6.096926085000064],[-75.29626636399996,6.084063061000052],[-75.26856997399994,6.055426100000034],[-75.22758401999994,6.0518894010000395],[-75.22194012499995,6.025749792000056],[-75.20877702599995,6.007865361000029],[-75.16423216799996,5.985113340000055],[-75.18327995699997,5.9681816300000605],[-75.17806101099995,5.9604944170000635],[-75.15799079899995,5.961764922000043],[-75.15603210099994,5.946619220000059],[-75.13613840499994,5.940170847000047],[-75.14029270999998,5.915871503000062],[-75.15616781799997,5.907223492000071],[-75.16498695899998,5.87407618900005],[-75.18403956899994,5.867011063000064],[-75.20978949099998,5.872178164000047],[-75.20933782099996,5.860483118000047],[-75.23209068899996,5.8473603010000375],[-75.24681020099996,5.815526246000047],[-75.26813269899998,5.812848458000076],[-75.26595387899994,5.850603584000055],[-75.28469796299999,5.873925232000033],[-75.29447162099996,5.915877637000051],[-75.28605530399994,5.932529170000066],[-75.28864284199994,5.955002358000058],[-75.29313096899995,5.960413294000034],[-75.30043678799996,5.952239514000041],[-75.31978188799997,5.9531153750000385],[-75.34517822999999,6.002095989000054],[-75.33438545999996,6.010069940000051],[-75.34249639799998,6.034301459000062],[-75.36272321499996,6.031792069000062],[-75.37254657999995,6.0543871260000515],[-75.38793957399997,6.060291867000046],[-75.38051005599993,6.087327459000051],[-75.39026279699993,6.106756297000061],[-75.38162135999994,6.117421042000046],[-75.35368263599997,6.122871509000049],[-75.34906219699997,6.144819435000045]]]}},{"type":"Feature","properties":{"mpio_cdgo":"05147","mpio_nombre":"CAREPA","dpto_cdgo":"05"},"geometry":{"type":"Polygon","coordinates":[[[-76.77834937399996,7.884227054000064],[-76.74561808299995,7.876775432000045],[-76.72061173699996,7.8427295230000595],[-76.71076605199994,7.8401993100000595],[-76.70214180199997,7.811802430000057],[-76.68087122299994,7.799507220000066],[-76.65602764099998,7.788285794000046],[-76.64692620299996,7.801491802000044],[-76.62859245599998,7.804983661000051],[-76.61943153099998,7.787435136000056],[-76.59253767299998,7.78691165500004],[-76.55451045799998,7.769169626000064],[-76.54475466799994,7.791427107000061],[-76.53029230399994,7.800949709000065],[-76.51752348199994,7.834883757000057],[-76.51463124699995,7.881629460000056],[-76.49122329899996,7.873872414000061],[-76.48019330799997,7.881937897000057],[-76.46441063999998,7.870045646000051],[-76.46362460499995,7.857582032000039],[-76.48127254199994,7.821720749000065],[-76.48349733999999,7.758035071000052],[-76.49663120499997,7.749715600000059],[-76.49082937299994,7.719767592000039],[-76.51648747699994,7.732557166000049],[-76.55353691699997,7.733438137000064],[-76.56874192199996,7.7251536480000595],[-76.61195888299994,7.735890967000046],[-76.65030766499996,7.712457319000066],[-76.67818719499996,7.72705858300003],[-76.70968337499994,7.720604189000028],[-76.74133774699999,7.743149077000055],[-76.79586126599997,7.755991977000065],[-76.81745113499994,7.782797561000052],[-76.82018513599996,7.840962295000054],[-76.80549434399995,7.849267806000057],[-76.80365978799995,7.869216467000058],[-76.77834937399996,7.884227054000064]]]}},{"type":"Feature","properties":{"mpio_cdgo":"05145","mpio_nombre":"CARAMANTA","dpto_cdgo":"05"},"geometry":{"type":"Polygon","coordinates":[[[-75.58273938699995,5.607550297000046],[-75.56912548599996,5.539935357000047],[-75.56930394599993,5.522803239000041],[-75.57743107399995,5.516206684000053],[-75.59643514299995,5.518102795000061],[-75.61662486899996,5.53230817900004],[-75.62727026399995,5.525896428000067],[-75.67047090799997,5.5294738920000555],[-75.68910779499998,5.519317401000023],[-75.71434736099997,5.547925580000026],[-75.69780858999997,5.549408535000055],[-75.67646296899994,5.597934197000029],[-75.66808197899996,5.58034277400003],[-75.65208185399996,5.571171316000061],[-75.61776133599994,5.582632623000052],[-75.58273938699995,5.607550297000046]]]}},{"type":"Feature","properties":{"mpio_cdgo":"05142","mpio_nombre":"CARACOLÍ","dpto_cdgo":"05"},"geometry":{"type":"Polygon","coordinates":[[[-74.81095257099997,6.4617036770000595],[-74.80631426399998,6.454729188000044],[-74.79160858199998,6.455226135000032],[-74.77998658699994,6.428101910000066],[-74.76075372599996,6.425212773000055],[-74.75692024399996,6.412609032000034],[-74.73645759299995,6.409829582000043],[-74.73214006399996,6.394550026000047],[-74.71368393799997,6.3975782770000365],[-74.69991621499997,6.390908723000052],[-74.69528584399995,6.367730892000054],[-74.67824504099997,6.358457165000061],[-74.68120639999995,6.342033309000044],[-74.67465374299996,6.334597439000049],[-74.65950274999994,6.325219803000039],[-74.64057862999994,6.326979732000041],[-74.62505097699994,6.314114705000065],[-74.63562884899994,6.2316146590000585],[-74.68994748099993,6.293534523000062],[-74.71320772799999,6.239996045000055],[-74.74696146799994,6.241280503000041],[-74.75534815299994,6.2641626240000505],[-74.76869065699998,6.267137757000057],[-74.77896683599994,6.302115522000065],[-74.79372658999995,6.313111735000064],[-74.79262828699996,6.339588893000041],[-74.78165382899994,6.350280317000056],[-74.78726209999996,6.357326102000059],[-74.78344333799998,6.373323427000059],[-74.81629289799997,6.365896088000056],[-74.79925160699997,6.410375859000055],[-74.81963419199997,6.401613644000065],[-74.83047790799998,6.40757897900005],[-74.84133946499998,6.436177413000053],[-74.81095257099997,6.4617036770000595]]]}},{"type":"Feature","properties":{"mpio_cdgo":"05138","mpio_nombre":"CAÑASGORDAS","dpto_cdgo":"05"},"geometry":{"type":"Polygon","coordinates":[[[-75.96496185999996,6.980639999000061],[-75.95205655899997,6.939348009000071],[-75.96791153899994,6.917146819000038],[-75.96796939999996,6.867766540000048],[-75.95580872299996,6.839907770000025],[-75.98041333099997,6.8221025390000705],[-75.98616628599996,6.805553566000071],[-75.98383663299995,6.7628150470000605],[-75.95921538799996,6.726335985000048],[-75.99996896799996,6.667858115000058],[-75.99766693399994,6.650436984000066],[-76.01041944299999,6.6460117950000495],[-76.03952620899997,6.656030716000032],[-76.03305951899995,6.68424340100006],[-76.04026542199995,6.704657677000057],[-76.05472464799993,6.732280087000049],[-76.08631452799995,6.752523005000057],[-76.08190455999994,6.756720524000059],[-76.09024732799998,6.763434840000059],[-76.08452952399995,6.764917460000049],[-76.09054192599996,6.777664368000046],[-76.08303565399996,6.784916539000051],[-76.12283614499995,6.823203650000039],[-76.12988154799996,6.843887370000061],[-76.12655909799997,6.851389071000028],[-76.10194167599997,6.852952722000055],[-76.09366701899995,6.860999131000028],[-76.10258249899994,6.887544231000049],[-76.09553929299994,6.898773780000056],[-76.06166052699996,6.904145175000053],[-76.01240029199994,6.935780217000058],[-75.99936798199997,6.9313663190000625],[-75.98709641099998,6.937898766000046],[-75.97170962699994,6.97437308800005],[-75.96496185999996,6.980639999000061]]]}},{"type":"Feature","properties":{"mpio_cdgo":"05134","mpio_nombre":"CAMPAMENTO","dpto_cdgo":"05"},"geometry":{"type":"Polygon","coordinates":[[[-75.28371328999998,7.128777523000053],[-75.26236773999995,7.119786644000044],[-75.25572321499999,7.104260251000028],[-75.25518853799997,7.046265978000065],[-75.24379940099993,7.033833442000059],[-75.22537640899998,7.037342583000054],[-75.21987388799994,7.028965718000052],[-75.23015038699998,7.006829235000055],[-75.22434419599995,6.929709086000059],[-75.24262978199994,6.927239496000027],[-75.24998455799994,6.953287881000051],[-75.26324165399996,6.95821384900006],[-75.26964580799995,6.970781075000048],[-75.30196028599994,6.965337031000047],[-75.32962980799994,6.94530009500005],[-75.35764779499993,6.94571038600003],[-75.36204915999997,6.954766403000065],[-75.35337275399996,6.98951620400004],[-75.33229119399994,6.990299741000058],[-75.31157420999995,7.020061399000042],[-75.31937331399996,7.064428503000045],[-75.33389556099996,7.075558861000047],[-75.32573978299996,7.109717617000058],[-75.33259863099994,7.125784399000054],[-75.33221085399998,7.166864181000051],[-75.31736419199996,7.212712275000058],[-75.31483355699999,7.160017187000051],[-75.28371328999998,7.128777523000053]]]}},{"type":"Feature","properties":{"mpio_cdgo":"05129","mpio_nombre":"CALDAS","dpto_cdgo":"05"},"geometry":{"type":"Polygon","coordinates":[[[-75.66628968699996,6.118481660000043],[-75.65759120499996,6.108635655000057],[-75.63511631299997,6.113012064000031],[-75.62942393399999,6.10602977700006],[-75.59577308199994,6.115197503000047],[-75.57343638099996,6.102204196000059],[-75.58774195399997,6.07142456400004],[-75.57097672999998,6.023294953000061],[-75.59970517499994,6.005530948000057],[-75.60171788299994,5.987020057000052],[-75.61361618999996,5.97825334700002],[-75.63124859299995,5.995752525000057],[-75.65418148899994,5.98995211600004],[-75.67041994299996,5.998612870000045],[-75.66026298099996,6.015627128000062],[-75.68424082399997,6.046431880000057],[-75.67155302199996,6.05480153700006],[-75.67879025899998,6.1080701460000455],[-75.67600662099994,6.116901214000052],[-75.66628968699996,6.118481660000043]]]}},{"type":"Feature","properties":{"mpio_cdgo":"05125","mpio_nombre":"CAICEDO","dpto_cdgo":"05"},"geometry":{"type":"Polygon","coordinates":[[[-76.05768286699998,6.506415481000033],[-76.03892484199997,6.504192210000042],[-76.03158741199996,6.490259146000028],[-76.00547767999996,6.49785176000006],[-75.98461695499998,6.487009313000044],[-75.96761258299995,6.490719646000059],[-75.96541006799998,6.4650236270000505],[-75.94318009299997,6.45791478600006],[-75.94182112499993,6.42133037800005],[-75.90502988299994,6.396612055000048],[-75.91016404099997,6.3755263320000495],[-75.93009747799994,6.349768015000052],[-75.94223455999997,6.345883130000061],[-75.95798833899994,6.353819447000035],[-75.98968478599994,6.3451675590000605],[-76.01009059499995,6.367643942000029],[-76.01593411999994,6.36411249300005],[-76.04378982799994,6.378745053000046],[-76.03761374799996,6.404605411000034],[-76.04325089499997,6.435449607000066],[-76.06213990399993,6.45706885900006],[-76.07785327999994,6.453358758000036],[-76.08667646599997,6.4630370960000505],[-76.08242298799996,6.480616656000052],[-76.05768286699998,6.506415481000033]]]}},{"type":"Feature","properties":{"mpio_cdgo":"05674","mpio_nombre":"SAN VICENTE","dpto_cdgo":"05"},"geometry":{"type":"Polygon","coordinates":[[[-75.33483350399996,6.399387392000051],[-75.31966382799999,6.386581794000051],[-75.30285888099996,6.389952376000053],[-75.30601992899994,6.3716166000000385],[-75.29490376199993,6.352583628000048],[-75.27344677199994,6.344032072000061],[-75.25816609499998,6.350546328000064],[-75.26101554999997,6.335033309000039],[-75.24642379999995,6.332315731000051],[-75.22754085599996,6.29453322300003],[-75.25866358699994,6.270042774000046],[-75.28186516999995,6.269314328000064],[-75.28418542399999,6.258700357000066],[-75.29914427799997,6.263062176000062],[-75.30738595099996,6.241469699000049],[-75.32853263499999,6.23228830100004],[-75.32311774299995,6.22586334500005],[-75.34276589999996,6.223132819000057],[-75.34714728099993,6.233441411000058],[-75.37967669099999,6.232582287000071],[-75.39536912899996,6.267265651000059],[-75.38750559199997,6.271437243000037],[-75.39549429199997,6.285688080000057],[-75.38707876399997,6.298534439000036],[-75.38584938799994,6.328290698000046],[-75.40705905899995,6.3480193730000565],[-75.39983830199998,6.358204276000038],[-75.40398058799997,6.365086987000041],[-75.37757721699995,6.372577331000059],[-75.33483350399996,6.399387392000051]]]}},{"type":"Feature","properties":{"mpio_cdgo":"05670","mpio_nombre":"SAN ROQUE","dpto_cdgo":"05"},"geometry":{"type":"Polygon","coordinates":[[[-74.98966572999996,6.549416266000037],[-74.97733337399995,6.534973962000038],[-74.96792969799998,6.539173952000056],[-74.94814052299995,6.528336369000044],[-74.93948251299997,6.532716488000062],[-74.91449931799997,6.524546031000057],[-74.91102352899998,6.516139663000047],[-74.85390995699998,6.502343662000044],[-74.83427352299998,6.507562312000061],[-74.81166705699997,6.4611838020000505],[-74.84133946499998,6.436177413000053],[-74.83047790799998,6.40757897900005],[-74.81963419199997,6.401613644000065],[-74.79925160699997,6.410375859000055],[-74.81528993999996,6.363832581000054],[-74.78344333799998,6.373323427000059],[-74.78726209999996,6.357326102000059],[-74.78170162599997,6.3500276680000525],[-74.79448302499998,6.32795397700005],[-74.79038833299995,6.315598562000048],[-74.80950153999999,6.321935991000032],[-74.92260012699995,6.405852143000061],[-74.95040872099997,6.402217264000058],[-74.97968521399997,6.383042978000049],[-75.00549242899996,6.38614788700005],[-75.04083655199997,6.429277475000049],[-75.09914224899995,6.465732313000046],[-75.10782474399997,6.486887023000065],[-75.09141406299995,6.4763204620000465],[-75.07626889299996,6.493685916000061],[-75.06012054399997,6.4935518410000554],[-75.05033798399995,6.5072708450000505],[-75.02192293499996,6.5181233080000425],[-75.01925807699996,6.5403660550000495],[-75.00657185099993,6.545665253000038],[-74.99956080899995,6.5403306640000665],[-74.98966572999996,6.549416266000037]]]}},{"type":"Feature","properties":{"mpio_cdgo":"05667","mpio_nombre":"SAN RAFAEL","dpto_cdgo":"05"},"geometry":{"type":"Polygon","coordinates":[[[-74.92158918399997,6.405025008000052],[-74.82822164899994,6.338663224000072],[-74.85283463099995,6.325255524000056],[-74.86252665899997,6.307360662000065],[-74.87389903199994,6.315877592000049],[-74.91274460099999,6.309547513000041],[-74.91727484399996,6.2952185250000525],[-74.90618195799993,6.277521525000054],[-74.91293926199995,6.268249879000052],[-74.97651053699997,6.271535878000066],[-74.99878460099995,6.263417390000029],[-74.98769705999996,6.250652854000066],[-75.01184967599994,6.249377404000029],[-75.02562939599994,6.26441440800005],[-75.03931915399994,6.2245889730000385],[-75.05802242899995,6.209764894000045],[-75.06267069999996,6.216595311000049],[-75.09449117699995,6.214174025000034],[-75.10359341899994,6.237056671000062],[-75.11640231899997,6.234695170000066],[-75.14587885299994,6.256498965000048],[-75.14012602499997,6.300221958000066],[-75.11651110999998,6.29442814500004],[-75.10594992499995,6.324625947000072],[-75.09056753899995,6.323279017000061],[-75.06599582699994,6.336334751000038],[-75.06429014299994,6.346189965000065],[-75.04458036899996,6.348207205000051],[-75.04511677499994,6.358447652000052],[-75.03707609899999,6.36209451600007],[-75.01815177099996,6.361409637000065],[-74.98587919199997,6.37497178600006],[-74.98667238999997,6.384979087000033],[-74.95040872099997,6.402217264000058],[-74.92158918399997,6.405025008000052]]]}},{"type":"Feature","properties":{"mpio_cdgo":"05665","mpio_nombre":"SAN PEDRO DE URABA","dpto_cdgo":"05"},"geometry":{"type":"Polygon","coordinates":[[[-76.28596206599997,8.595188154000027],[-76.25481459699995,8.594491087000051],[-76.26547082299999,8.584447232000059],[-76.25377244999999,8.575806382000053],[-76.22281106999998,8.573270138000055],[-76.22385997099997,8.561772594000047],[-76.23722938199995,8.556331577000037],[-76.20999636999994,8.522922531000063],[-76.20968197699995,8.476781851000055],[-76.21866846299997,8.443560473000048],[-76.18042894799999,8.396064368000054],[-76.24287729299994,8.369986246000053],[-76.30343039399997,8.311179062000065],[-76.30327582299998,8.284522208000055],[-76.32411990099996,8.26474412600004],[-76.32804125299998,8.24209165700006],[-76.35335615999998,8.194239022000033],[-76.34958237199999,8.172130407000054],[-76.33114775899998,8.15145939200005],[-76.34926511599997,8.155161986000053],[-76.35733513199995,8.146242279000035],[-76.36815124299994,8.152946085000053],[-76.37485222399994,8.111544446000039],[-76.40167998499999,8.102148519000025],[-76.39986090299999,8.147633026000051],[-76.41266939199994,8.165073824000046],[-76.41055493199997,8.190839982000057],[-76.39823185399996,8.196447402000047],[-76.39455278799994,8.21680705600005],[-76.40915748799995,8.231431618000045],[-76.40021197699997,8.254025291000062],[-76.40304569299997,8.277739694000047],[-76.39427762899999,8.286383827000066],[-76.39622983399994,8.312584916000048],[-76.38943961099994,8.31903563800006],[-76.40007712299996,8.327321225000048],[-76.40437205399996,8.372450813000057],[-76.39285896499996,8.380894126000044],[-76.40647208999997,8.411526472000048],[-76.42032970899999,8.412546295000027],[-76.42374419199996,8.431792676000043],[-76.40201495099996,8.44480842300004],[-76.40365554499994,8.463604365000037],[-76.39736105199995,8.454166719000057],[-76.36515320999996,8.45828827300005],[-76.34817897099998,8.443874952000044],[-76.32948067199999,8.445783229000028],[-76.31203914499997,8.48543053800006],[-76.31856741499996,8.511731801000053],[-76.30711650699999,8.520843839000065],[-76.32168835999994,8.528713964000076],[-76.31986011699996,8.546088810000072],[-76.30935772999999,8.564118937000046],[-76.29521447899998,8.569171441000037],[-76.28596206599997,8.595188154000027]]]}},{"type":"Feature","properties":{"mpio_cdgo":"05664","mpio_nombre":"SAN PEDRO","dpto_cdgo":"05"},"geometry":{"type":"Polygon","coordinates":[[[-75.55783560899994,6.525581940000052],[-75.53950194599997,6.506151097000043],[-75.46091807699997,6.511184030000038],[-75.46518814899997,6.485883467000065],[-75.45246317199997,6.460319927000057],[-75.48650557499997,6.467611627000053],[-75.49325125799999,6.440320815000064],[-75.48833492699998,6.430380419000073],[-75.49841028799995,6.416216109000061],[-75.51742846399998,6.410169746000065],[-75.53342728199993,6.387848791000067],[-75.55437063399995,6.383565481000062],[-75.56648962799994,6.4209614770000485],[-75.59119183399997,6.434997717000044],[-75.60128839099997,6.415588749000051],[-75.61430160299994,6.408645879000062],[-75.62122376799994,6.383826709000061],[-75.64768134099995,6.3936386160000325],[-75.66203154699997,6.404914735000034],[-75.64366006699998,6.4148087360000545],[-75.64362822999993,6.440348153000059],[-75.66097998999999,6.454948131000037],[-75.64308353399997,6.477069215000029],[-75.64455493699995,6.497094306000065],[-75.60888634199995,6.511929013000042],[-75.59489830599995,6.502842170000065],[-75.57388678499996,6.525095470000053],[-75.55783560899994,6.525581940000052]]]}},{"type":"Feature","properties":{"mpio_cdgo":"05660","mpio_nombre":"SAN LUIS","dpto_cdgo":"05"},"geometry":{"type":"Polygon","coordinates":[[[-75.05901973299996,6.128226172000041],[-75.04304080899993,6.116345136000064],[-75.00772025399993,6.124313037000036],[-74.95483396399999,6.100035323000043],[-74.94154396799996,6.071792083000048],[-74.92556185399997,6.064019594000058],[-74.92068938699998,6.0441139180000505],[-74.89660670399996,6.036663438000062],[-74.89415809199994,6.028000207000048],[-74.86276998699998,6.01456861500003],[-74.84260828299995,6.026382115000047],[-74.80388864999998,6.002969910000047],[-74.78681993499998,6.0047598320000475],[-74.76918144099994,5.993160080000052],[-74.77268489299996,5.986649296000053],[-74.80112060599998,5.98374463600004],[-74.82787940699995,5.944882092000057],[-74.84651114899998,5.933287410000048],[-74.84408560899993,5.92649590000002],[-74.92658887399995,5.95279574500006],[-74.92543664799996,5.9665467680000575],[-74.93438071599996,5.976076295000041],[-74.97221178999996,5.920463804000065],[-74.98764562099996,5.914483368000049],[-75.00963647899994,5.924902203000045],[-75.06981254599998,5.983480172000043],[-75.06774656299996,5.997816146000048],[-75.08498489599998,6.020345492000047],[-75.08459205899999,6.048329066000065],[-75.08070415699996,6.0560701510000285],[-75.07396976299998,6.05390056400006],[-75.07217768499999,6.1007462820000455],[-75.05901973299996,6.128226172000041]]]}},{"type":"Feature","properties":{"mpio_cdgo":"05659","mpio_nombre":"SAN JUAN DE URABÁ","dpto_cdgo":"05"},"geometry":{"type":"Polygon","coordinates":[[[-76.48641969399995,8.818620563000025],[-76.46950180899995,8.79476734800005],[-76.48332318999996,8.767714840000053],[-76.47215599499998,8.761925846000054],[-76.46470779999999,8.744388770000057],[-76.43336840299997,8.738403081000058],[-76.42902750099995,8.729661847000045],[-76.44541419999996,8.712093143000061],[-76.45040167199994,8.690192008000054],[-76.46109146299995,8.689512793000063],[-76.46585428499998,8.679430938000053],[-76.47625489099994,8.67632463700005],[-76.49009401899997,8.693881955000052],[-76.49083913799996,8.66210329100005],[-76.50232571599997,8.658403949000046],[-76.54578459899994,8.603572580000048],[-76.55543402499995,8.603145466000058],[-76.57666706599997,8.618670834000056],[-76.57072390999997,8.635614196000063],[-76.60508456799994,8.64607202600007],[-76.60418124699999,8.691010985000048],[-76.62419611599995,8.693734340000049],[-76.63160949999997,8.729485182000076],[-76.53956924799996,8.76484301000005],[-76.51383588899995,8.780942483000047],[-76.51030209499999,8.803937631000053],[-76.48641969399995,8.818620563000025]]]}},{"type":"Feature","properties":{"mpio_cdgo":"05658","mpio_nombre":"SAN JOSÉ DE LA MONTAÑA","dpto_cdgo":"05"},"geometry":{"type":"Polygon","coordinates":[[[-75.69763425899998,6.887233816000048],[-75.64637208499994,6.881504153000037],[-75.63565408099998,6.85691035800005],[-75.64132044999997,6.849413015000039],[-75.61422255299993,6.80775101200004],[-75.62691251599995,6.78591214000005],[-75.63475793199996,6.79548793500004],[-75.66790116699997,6.767977040000062],[-75.66713618899996,6.75301631800005],[-75.67655968699995,6.744451385000048],[-75.67808921299996,6.754348269000047],[-75.69503125799997,6.759929284000066],[-75.73450432599998,6.809569561000046],[-75.72363831999996,6.827207247000047],[-75.71837852099998,6.870571236000046],[-75.71226330699994,6.8783282810000514],[-75.70283090299995,6.875469362000047],[-75.69763425899998,6.887233816000048]]]}},{"type":"Feature","properties":{"mpio_cdgo":"05656","mpio_nombre":"SAN JERÓNIMO","dpto_cdgo":"05"},"geometry":{"type":"Polygon","coordinates":[[[-75.67296645499994,6.506869338000058],[-75.65390289599998,6.504236682000055],[-75.64345043499998,6.490882824000039],[-75.64973327999996,6.4619804550000595],[-75.66097998999999,6.454948131000037],[-75.64362822999993,6.440348153000059],[-75.64366006699998,6.4148087360000545],[-75.66203154699997,6.404914735000034],[-75.66872281799994,6.373150439000028],[-75.70720917199998,6.373318251000057],[-75.71744046499998,6.360857678000059],[-75.73802011599997,6.394189177000044],[-75.77969454599997,6.419624024000029],[-75.77863785599999,6.437515189000067],[-75.76728217699997,6.437331572000062],[-75.76426259499993,6.467753063000032],[-75.75717068999995,6.4647710100000495],[-75.73285991799997,6.490950612000063],[-75.67296645499994,6.506869338000058]]]}},{"type":"Feature","properties":{"mpio_cdgo":"05652","mpio_nombre":"SAN FRANCISCO","dpto_cdgo":"05"},"geometry":{"type":"Polygon","coordinates":[[[-75.07010691999994,5.983927624000046],[-75.00963647899994,5.924902203000045],[-74.98415926499996,5.913182686000027],[-74.96202090699995,5.932666052000059],[-74.93438071599996,5.976076295000041],[-74.92543664799996,5.9665467680000575],[-74.92658887399995,5.95279574500006],[-74.84408560899993,5.92649590000002],[-74.85841126799994,5.8962994210000375],[-74.85233244599993,5.881422779000047],[-74.86787985799998,5.87225363500005],[-74.86569542399997,5.854666957000063],[-74.88279083299994,5.84674067900005],[-74.89323116499997,5.828636991000053],[-74.91547004199998,5.843102074000058],[-74.92864287499998,5.833677443000056],[-74.93343299599996,5.8069731970000475],[-74.95023900899997,5.781622094000056],[-74.98121652299994,5.76642412700005],[-75.02785007399996,5.759372623000047],[-75.03996679199997,5.74963301400004],[-75.05460188399996,5.751808226000037],[-75.02197377899995,5.82526265100006],[-75.02948706199999,5.854306326000028],[-75.02295439999995,5.867934069000057],[-75.03635140799997,5.885642922000045],[-75.04114566499999,5.911321075000046],[-75.05460142599998,5.919453067000063],[-75.08375538299998,5.913026506000051],[-75.08664152699998,5.9277067310000575],[-75.11123444199995,5.938711839000064],[-75.11944107099998,5.966851743000063],[-75.11710709399995,5.975439667000046],[-75.10167945199998,5.979501283000047],[-75.10386417199999,5.9892072500000495],[-75.06923327999993,5.999585578000051],[-75.07010691999994,5.983927624000046]]]}},{"type":"Feature","properties":{"mpio_cdgo":"05649","mpio_nombre":"SAN CARLOS","dpto_cdgo":"05"},"geometry":{"type":"Polygon","coordinates":[[[-74.82822164899994,6.338663224000072],[-74.78158290099998,6.30609376600006],[-74.76881034599995,6.267360038000049],[-74.75534815299994,6.2641626240000505],[-74.74886295799996,6.242798199000049],[-74.71320772799999,6.239996045000055],[-74.73974528299993,6.2064126560000545],[-74.77328623499994,6.200830961000065],[-74.78380749999997,6.1919875320000415],[-74.81822642099996,6.135052171000041],[-74.82027505499997,6.087034395000046],[-74.83077778699999,6.0748445540000375],[-74.84783429399994,6.063961763000066],[-74.88724038699996,6.06551909600006],[-74.89388577799997,6.052648354000041],[-74.91894617499997,6.0428931350000425],[-74.92556185399997,6.064019594000058],[-74.94154396799996,6.071792083000048],[-74.95483396399999,6.100035323000043],[-75.01271609099996,6.125336485000048],[-75.04351010799996,6.11642604900004],[-75.06192855699999,6.127890831000059],[-75.06373959099994,6.141858350000064],[-75.08277177399998,6.145553479000057],[-75.07672612699997,6.156924465000031],[-75.11338137899997,6.204266673000063],[-75.12205685899994,6.224513076000051],[-75.11782237299997,6.235356943000056],[-75.10359341899994,6.237056671000062],[-75.09449117699995,6.214174025000034],[-75.06267069999996,6.216595311000049],[-75.05785801699994,6.209809733000043],[-75.03931915399994,6.2245889730000385],[-75.02562939599994,6.26441440800005],[-75.01184967599994,6.249377404000029],[-74.98769705999996,6.250652854000066],[-74.99878460099995,6.263417390000029],[-74.97651053699997,6.271535878000066],[-74.91743203599998,6.273262466000062],[-74.91435357899996,6.267743515000063],[-74.90618195799993,6.277521525000054],[-74.91727484399996,6.2952185250000525],[-74.91274460099999,6.309547513000041],[-74.87389903199994,6.315877592000049],[-74.86252665899997,6.307360662000065],[-74.85261717599997,6.325418615000046],[-74.82822164899994,6.338663224000072]]]}},{"type":"Feature","properties":{"mpio_cdgo":"05647","mpio_nombre":"SAN ANDRÈS","dpto_cdgo":"05"},"geometry":{"type":"Polygon","coordinates":[[[-75.65809713999994,7.028208471000028],[-75.64606258399994,7.009010117000059],[-75.63090458299996,7.00938747500004],[-75.60630459299995,6.982509779000054],[-75.60220918499994,6.948610509000048],[-75.58820341299997,6.933646576000058],[-75.57579633699999,6.893120791000058],[-75.60234816799993,6.862412287000041],[-75.64245254399998,6.8697374100000275],[-75.65513326099995,6.88671041300006],[-75.67188466499994,6.879848046000063],[-75.69783998499997,6.887128723000046],[-75.70283090299995,6.875469362000047],[-75.71226330699994,6.8783282810000514],[-75.71881872199998,6.869762219000052],[-75.72363831999996,6.827207247000047],[-75.73410081099996,6.806090085000051],[-75.76405987499999,6.787343357000054],[-75.75341227999996,6.806636777000051],[-75.76126688199997,6.819099400000027],[-75.75840572299995,6.854990127000065],[-75.73626797299994,6.901180531000023],[-75.73963121899999,6.918939697000042],[-75.73444386899996,6.927638770000044],[-75.70271433199997,6.936583368000072],[-75.67915665999999,7.001033729000028],[-75.65809713999994,7.028208471000028]]]}},{"type":"Feature","properties":{"mpio_cdgo":"05642","mpio_nombre":"SALGAR","dpto_cdgo":"05"},"geometry":{"type":"Polygon","coordinates":[[[-75.99875028499997,6.070020421000038],[-75.97689847399994,6.047698983000032],[-75.94021670399997,6.040708538000047],[-75.93944331699998,5.998681138000052],[-75.94634513699998,5.9922873580000555],[-75.93936778299997,5.973703641000043],[-75.92569731699996,5.967227090000051],[-75.91037556499998,5.971686909000027],[-75.89621106499999,5.95696070200006],[-75.87139442899996,5.950139003000061],[-75.84881024099997,5.956535192000047],[-75.86464891699995,5.920300349000058],[-75.88976207799999,5.909935211000061],[-75.91425953399994,5.863049194000041],[-75.93621951499995,5.8708830800000555],[-75.94273090299998,5.915125784000054],[-75.97089973999994,5.90093513000005],[-75.99565781599995,5.913436085000058],[-76.01320279799995,5.903375548000042],[-76.02236130499995,5.917767487000049],[-76.05386437699997,5.931563324000024],[-76.05112799199998,5.951328247000049],[-76.06727946699993,5.961372542000049],[-76.06678196499996,5.978117746000066],[-76.08584901799998,5.987419510000052],[-76.09696478299998,6.003516129000047],[-76.07690036699995,6.032891919000065],[-76.05528023499994,6.037039032000052],[-76.05785554499994,6.05143722400004],[-76.02778782399997,6.0486340050000535],[-75.99875028499997,6.070020421000038]]]}},{"type":"Feature","properties":{"mpio_cdgo":"05631","mpio_nombre":"SABANETA","dpto_cdgo":"05"},"geometry":{"type":"Polygon","coordinates":[[[-75.60512678299995,6.1631862620000675],[-75.59079904199996,6.14459217600006],[-75.59031887699996,6.112729265000041],[-75.63212640599994,6.13902474300005],[-75.63300870199998,6.151841699000045],[-75.60512678299995,6.1631862620000675]]]}},{"type":"Feature","properties":{"mpio_cdgo":"05628","mpio_nombre":"SABANALARGA","dpto_cdgo":"05"},"geometry":{"type":"Polygon","coordinates":[[[-75.76567335499993,7.0617714070000375],[-75.73523272699998,6.942844794000052],[-75.73626797299994,6.901180531000023],[-75.75840572299995,6.854990127000065],[-75.76126688199997,6.819099400000027],[-75.75346581799994,6.806386933000056],[-75.77047225899997,6.78527897400005],[-75.87130419699997,6.784184020000055],[-75.85538468799996,6.809291114000075],[-75.86453133599997,6.831353476000061],[-75.84310446599994,6.850715833000038],[-75.84583435599995,6.870430554000052],[-75.83089202799994,6.8899148790000595],[-75.83176291299998,6.937249497000039],[-75.82300830699995,6.9781135540000605],[-75.81224284199999,6.986430799000061],[-75.80597975699999,7.007794042000057],[-75.81169785999998,7.01557469100004],[-75.78884220899994,7.03014663600004],[-75.78816815699997,7.042682710000065],[-75.77720568399997,7.043106583000053],[-75.76567335499993,7.0617714070000375]]]}},{"type":"Feature","properties":{"mpio_cdgo":"05615","mpio_nombre":"RIONEGRO","dpto_cdgo":"05"},"geometry":{"type":"Polygon","coordinates":[[[-75.37698511299999,6.23349889800005],[-75.36798183999997,6.228157457000066],[-75.34714728099993,6.233441411000058],[-75.34426698599998,6.223656431000052],[-75.32757549199994,6.224489370000072],[-75.33051136299997,6.213569183000061],[-75.32213522799998,6.206070127000032],[-75.32905321499999,6.198669743000039],[-75.34507092999996,6.200708960000043],[-75.36032120299996,6.1854477260000635],[-75.36412554799995,6.174648651000041],[-75.35063470599994,6.1480633020000255],[-75.35341544099998,6.123236675000044],[-75.38858624499994,6.110075871000049],[-75.38026575899994,6.081799628000056],[-75.38670405999994,6.05763647200007],[-75.41726739399996,6.068551939000031],[-75.44398450799997,6.058920851000039],[-75.45124529799995,6.072101776000068],[-75.44741592699995,6.083721848000039],[-75.46777687999997,6.102414067000041],[-75.45938886399995,6.1113150610000275],[-75.47147468699995,6.119538266000063],[-75.47671828599994,6.114906488000031],[-75.47329415299998,6.165743722000059],[-75.48433209899997,6.176553130000059],[-75.48593354199994,6.205184701000064],[-75.46599045699998,6.195021660000066],[-75.43335773499996,6.210254717000055],[-75.42342782899993,6.199496449000037],[-75.40876451199995,6.214735603000065],[-75.38014677299998,6.217026150000038],[-75.37698511299999,6.23349889800005]]]}},{"type":"Feature","properties":{"mpio_cdgo":"05607","mpio_nombre":"RETIRO","dpto_cdgo":"05"},"geometry":{"type":"Polygon","coordinates":[[[-75.50832839699996,6.154698645000053],[-75.47464372899998,6.156183816000066],[-75.47671828599994,6.114906488000031],[-75.47147468699995,6.119538266000063],[-75.45985589699995,6.111941769000055],[-75.46777687999997,6.102414067000041],[-75.44640093799995,6.081035426000028],[-75.45124529799995,6.072101776000068],[-75.44535339499998,6.068864345000065],[-75.44406193199995,6.041118288000064],[-75.45571726799994,6.026137188000064],[-75.45849048499997,6.001210856000057],[-75.47997410199997,5.9886293680000335],[-75.48029503999999,5.977173837000066],[-75.50608145699994,5.959449820000032],[-75.52858099999997,5.961229091000064],[-75.53436334199995,5.971869207000054],[-75.55279407999996,5.969072767000057],[-75.59332126599998,5.992611108000062],[-75.59209665999998,6.006268474000024],[-75.57068219099995,6.024918314000047],[-75.58685550999996,6.077898237000056],[-75.56654930499997,6.106124900000054],[-75.55064274499995,6.105747936000057],[-75.54296605199994,6.131504481000036],[-75.52593219999994,6.143194526000059],[-75.51987564399997,6.139859699000056],[-75.50832839699996,6.154698645000053]]]}},{"type":"Feature","properties":{"mpio_cdgo":"05604","mpio_nombre":"REMEDIOS","dpto_cdgo":"05"},"geometry":{"type":"Polygon","coordinates":[[[-74.38912677799993,7.264451116000032],[-74.40864624199997,7.219196254000053],[-74.40376331899995,7.209964372000059],[-74.40909940499995,7.194124392000049],[-74.39955469099993,7.188891287000047],[-74.37001640299997,7.125205813000036],[-74.37201027299994,7.09807935300006],[-74.35144496499998,7.0815897650000466],[-74.35569575499994,7.009898842000041],[-74.32948418199999,7.0107140870000535],[-74.32215888299999,7.018860239000048],[-74.30581463099998,6.999159857000052],[-74.28674807599998,7.001674359000049],[-74.27720960099998,7.012199929000076],[-74.24107346199997,7.0006686140000625],[-74.26102673099996,6.985909071000037],[-74.26004574799998,6.968296215000066],[-74.31081500299996,6.955140115000063],[-74.32122228599997,6.9174374220000345],[-74.33762428099999,6.9270183950000614],[-74.35678622799998,6.911891234000052],[-74.37973325099995,6.912180374000059],[-74.38053495099996,6.897986340000045],[-74.39471584299997,6.890179618000047],[-74.39005021199995,6.868073724000055],[-74.40475680899993,6.853997973000048],[-74.39800149999996,6.8467958160000535],[-74.41094698499995,6.835204020000049],[-74.42027824899998,6.804949696000051],[-74.43971618899997,6.786260884000058],[-74.46694770799996,6.814819808000038],[-74.48817308599996,6.815253036000058],[-74.49221652999995,6.793035151000026],[-74.45901094499999,6.778617441000051],[-74.45065508099998,6.785396969000033],[-74.44341418599998,6.777669077000041],[-74.45839021399996,6.744727571000055],[-74.49570555099996,6.700119052000048],[-74.55474176699994,6.716737347000048],[-74.57995254499997,6.705621553000071],[-74.57837431999997,6.793204263000064],[-74.59125979499998,6.815727047000053],[-74.58134912799994,6.819998979000047],[-74.57196797499995,6.863988076000055],[-74.59288600899998,6.8866549260000625],[-74.58879187899998,6.90303145300004],[-74.59441792099994,6.912819411000044],[-74.63349464699996,6.92507676200006],[-74.65000455399996,6.911938558000031],[-74.69007394899995,6.917851047000056],[-74.70400047899994,6.896170759000029],[-74.71413904399998,6.900490949000073],[-74.73107359699998,6.889780095000049],[-74.82210801699995,6.869612071000063],[-74.81552834199994,6.892605040000035],[-74.84401463199998,6.956976704000056],[-74.83687906599994,7.02207706400003],[-74.84230839899999,7.017641342000047],[-74.85474551499993,7.025562272000059],[-74.85824078199994,7.046926150000047],[-74.85288975499998,7.065222243000051],[-74.84592939499998,7.06506633500004],[-74.84888151299998,7.078720510000039],[-74.83631363799998,7.093732558000056],[-74.84301738499994,7.134208312000055],[-74.76071348199997,7.134846817000039],[-74.71398926499995,7.074092757000074],[-74.69896488199998,7.068337022000037],[-74.66724808299995,7.107575054000051],[-74.65824278699995,7.157348652000053],[-74.64071622999995,7.155930265000052],[-74.38912677799993,7.264451116000032]]]}},{"type":"Feature","properties":{"mpio_cdgo":"05591","mpio_nombre":"PUERTO TRIUNFO","dpto_cdgo":"05"},"geometry":{"type":"Polygon","coordinates":[[[-74.56728860899995,6.057515214000034],[-74.56592161699996,5.990013600000054],[-74.57860599799994,5.982710479000048],[-74.59411056499994,5.985965581000073],[-74.61237676099995,5.9698799230000645],[-74.60660669599997,5.94247596200006],[-74.58570502299995,5.925019123000027],[-74.58538663699994,5.90306180400006],[-74.59037624599995,5.894692423000038],[-74.62407820999994,5.882350299000052],[-74.64046626699997,5.859168701000044],[-74.84670279699998,5.932311206000065],[-74.82787940699995,5.944882092000057],[-74.79458063399994,5.987254183000061],[-74.77287653899998,5.986601384000039],[-74.75068991699999,5.998078496000062],[-74.71941522299994,5.987988681000047],[-74.72136180999996,6.000081426000065],[-74.70571300899996,6.014229511000053],[-74.70739859599996,6.02787735000004],[-74.67938517999994,6.032477379000056],[-74.66658556899995,6.0528784590000555],[-74.64112001399997,6.033588522000059],[-74.63317353999997,6.04108311400006],[-74.62617933199994,6.03323160900004],[-74.61345031699994,6.040946868000049],[-74.60690866699997,6.033447193000029],[-74.58852329399997,6.046625082000048],[-74.58721989699995,6.041158059000054],[-74.57737201199996,6.044271729000059],[-74.56728860899995,6.057515214000034]]]}},{"type":"Feature","properties":{"mpio_cdgo":"05585","mpio_nombre":"PUERTO NARE","dpto_cdgo":"05"},"geometry":{"type":"Polygon","coordinates":[[[-74.67965523099997,6.286504811000043],[-74.63562884899994,6.2316146590000585],[-74.63107651999997,6.278138605000038],[-74.61170824299995,6.27664403600005],[-74.60335366399994,6.253578761000028],[-74.53427763999997,6.26933695300005],[-74.57341573299993,6.215661242000067],[-74.57492607799998,6.192109186000039],[-74.61126604699996,6.130379245000029],[-74.58451333199997,6.088208061000046],[-74.56174784499996,6.078295787000059],[-74.57737201199996,6.044271729000059],[-74.58721989699995,6.041158059000054],[-74.58852329399997,6.046625082000048],[-74.60716026899996,6.0333891290000565],[-74.61318903799997,6.040917834000027],[-74.62617933199994,6.03323160900004],[-74.63363643899999,6.041005966000057],[-74.64112001399997,6.033588522000059],[-74.66658556899995,6.0528784590000555],[-74.67938517999994,6.032477379000056],[-74.70739859599996,6.02787735000004],[-74.70571300899996,6.014229511000053],[-74.72136180999996,6.000081426000065],[-74.72030695499996,5.987825557000065],[-74.80327291199995,6.002740797000058],[-74.84260828299995,6.026382115000047],[-74.86276998699998,6.01456861500003],[-74.91861574499995,6.042245721000029],[-74.89388577799997,6.052648354000041],[-74.88772241899994,6.065342968000039],[-74.84783429399994,6.063961763000066],[-74.82147086699996,6.08397535000006],[-74.81097740699994,6.150588422000055],[-74.77537194799999,6.199764931000061],[-74.74482484199996,6.2043154410000625],[-74.72681114599999,6.21558297200005],[-74.69509947399996,6.29163333200006],[-74.67965523099997,6.286504811000043]]]}},{"type":"Feature","properties":{"mpio_cdgo":"05579","mpio_nombre":"PUERTO BERRÍO","dpto_cdgo":"05"},"geometry":{"type":"Polygon","coordinates":[[[-74.44209834799994,6.739931530000035],[-74.41743900099993,6.734665583000037],[-74.39092524799997,6.6898484250000365],[-74.39753816899997,6.673718001000054],[-74.39026640799995,6.670527698000058],[-74.39351018399998,6.654576165000037],[-74.38588196699999,6.656002001000047],[-74.39122884699998,6.6486411260000295],[-74.38180051399996,6.651100692000057],[-74.35968254199997,6.632512115000054],[-74.40894763799997,6.585359992000065],[-74.40288997599998,6.567025528000045],[-74.40673399599996,6.542633674000058],[-74.39379523299993,6.500460644000043],[-74.40468126599995,6.470891262000066],[-74.36949796299996,6.41221732300005],[-74.39025347799998,6.3940851170000315],[-74.42353263799998,6.389977703000056],[-74.44039386199995,6.371054152000056],[-74.45038759499994,6.331878705000065],[-74.50283310999998,6.287496058000045],[-74.55167733199994,6.263407476000054],[-74.60616543199995,6.254058247000046],[-74.61170824299995,6.27664403600005],[-74.63306133399993,6.275400440000055],[-74.62466594599994,6.313548713000046],[-74.64057862999994,6.326979732000041],[-74.66428898599997,6.327090135000049],[-74.68116093999998,6.341890438000064],[-74.67824504099997,6.358457165000061],[-74.69528584399995,6.367730892000054],[-74.69950707699996,6.390473611000061],[-74.72197090199995,6.39860847500006],[-74.72563841499993,6.419951476000051],[-74.71923526999996,6.440057695000064],[-74.73438324799997,6.449122623000051],[-74.74901167799999,6.444652222000059],[-74.75789898099998,6.484289961000059],[-74.73188449599996,6.4762267630000565],[-74.71750989699996,6.483084911000049],[-74.67809700099997,6.47094839600004],[-74.67827887899995,6.455673414000046],[-74.65044622099998,6.450087773000064],[-74.62150135699994,6.541232885000056],[-74.63040828399994,6.570395776000055],[-74.60815787199994,6.58169569100005],[-74.59034664499995,6.61399853000006],[-74.58035486499995,6.615554896000049],[-74.57971068899997,6.625908731000038],[-74.56736789899998,6.627286422000054],[-74.54506527699994,6.654441500000075],[-74.52273384999995,6.667913591000058],[-74.45342688099998,6.754458404000047],[-74.44209834799994,6.739931530000035]]]}},{"type":"Feature","properties":{"mpio_cdgo":"05576","mpio_nombre":"PUEBLORRICO","dpto_cdgo":"05"},"geometry":{"type":"Polygon","coordinates":[[[-75.88652325199996,5.907162722000066],[-75.88443417599996,5.859439541000029],[-75.86992552199996,5.84237117400005],[-75.86266335499994,5.844627947000049],[-75.84663904899998,5.819023620000053],[-75.82113293999998,5.821549413000071],[-75.82408450799994,5.812819546000071],[-75.81234906899994,5.796882071000027],[-75.83655176099995,5.729210684000066],[-75.86767137399994,5.752906899000038],[-75.87573954799996,5.779558228000042],[-75.87091785599995,5.829369315000065],[-75.91501333799994,5.847761560000038],[-75.91231248299994,5.873630973000047],[-75.88652325199996,5.907162722000066]]]}},{"type":"Feature","properties":{"mpio_cdgo":"05543","mpio_nombre":"PEQUE","dpto_cdgo":"05"},"geometry":{"type":"Polygon","coordinates":[[[-75.88434455299995,7.219382882000048],[-75.87388682199997,7.1779207760000645],[-75.89423477999998,7.159212857000057],[-75.87348782499998,7.142577125000059],[-75.87551948399994,7.104225779000046],[-75.86450648599998,7.091542226000058],[-75.85474785899999,7.100318184000059],[-75.83275081099998,7.101029572000073],[-75.79488367099998,7.07873283400005],[-75.79547854099997,7.058138597000038],[-75.77537798299994,7.045750787000031],[-75.78797699899997,7.042907114000059],[-75.78845652999996,7.030540700000074],[-75.81169785999998,7.01557469100004],[-75.80597975699999,7.007794042000057],[-75.81224284199999,6.986430799000061],[-75.82300830699995,6.9781135540000605],[-75.83176291299998,6.937249497000039],[-75.83089202799994,6.8899148790000595],[-75.84522605099994,6.871681878000061],[-75.86908192499999,6.888357450000058],[-75.87677948099997,6.918612297000038],[-75.90168054099996,6.92780891600006],[-75.90866425699994,6.9488433510000505],[-75.90446450999997,6.972435706000056],[-75.91427978699994,6.973482667000042],[-75.92172749499997,6.961454495000055],[-75.95437462699994,6.966110617000027],[-75.97873198999997,6.987278490000051],[-75.98235199099997,7.001197786000034],[-75.97274444599998,7.014182530000028],[-75.96364529399995,7.084809233000044],[-75.96986151099998,7.126296761000049],[-75.94823916299998,7.160540063000042],[-75.95414844499999,7.1788313620000395],[-75.91849986599993,7.189920627000049],[-75.92215590799998,7.198565208000048],[-75.90827935999994,7.208997367000052],[-75.90674717699994,7.219656521000047],[-75.88434455299995,7.219382882000048]]]}},{"type":"Feature","properties":{"mpio_cdgo":"05541","mpio_nombre":"PEÑOL","dpto_cdgo":"05"},"geometry":{"type":"Polygon","coordinates":[[[-75.24204849099993,6.321442870000055],[-75.22252099899998,6.323558913000056],[-75.19973555499996,6.287276378000058],[-75.18245241299996,6.2847340180000515],[-75.19403447499997,6.272137791000034],[-75.18880691699997,6.247061089000056],[-75.19662650799995,6.241914523000048],[-75.18539086799996,6.216251381000063],[-75.18856692799994,6.201776356000039],[-75.16331908799998,6.171675230000062],[-75.17481494899994,6.161791548000053],[-75.18517760599997,6.175485263000041],[-75.20690982899998,6.169210895000049],[-75.21284233999995,6.157143154000039],[-75.25481224499998,6.173690567000051],[-75.25479457499995,6.191600731000051],[-75.24493665999995,6.195056616000045],[-75.24887302399998,6.20782169000006],[-75.28400962399996,6.261059200000034],[-75.28186516999995,6.269314328000064],[-75.26445855399999,6.267505068000048],[-75.22803870799999,6.290064659000052],[-75.24204849099993,6.321442870000055]]]}},{"type":"Feature","properties":{"mpio_cdgo":"05501","mpio_nombre":"OLAYA","dpto_cdgo":"05"},"geometry":{"type":"Polygon","coordinates":[[[-75.79739229899997,6.655636861000062],[-75.77166196099995,6.664845165000031],[-75.75121763199996,6.647351368000045],[-75.72080948799999,6.652716060000046],[-75.71777151499998,6.634830491000059],[-75.72450931699996,6.621747134000032],[-75.74669172399996,6.6157258750000665],[-75.76315828199995,6.596946939000077],[-75.76513567399996,6.578579375000061],[-75.75436444899998,6.547698077000064],[-75.80132808599996,6.538262816000042],[-75.79820015999996,6.586484176000056],[-75.82401297399997,6.649036591000026],[-75.81954434499994,6.657638342000041],[-75.79739229899997,6.655636861000062]]]}},{"type":"Feature","properties":{"mpio_cdgo":"05495","mpio_nombre":"NECHÍ","dpto_cdgo":"05"},"geometry":{"type":"Polygon","coordinates":[[[-74.82752366599993,8.199065008000048],[-74.81129528999998,8.182537159000049],[-74.81236595499996,8.167525409000064],[-74.79863011399993,8.159513523000044],[-74.77356100099996,8.121778833000064],[-74.76069820499998,8.130456262000052],[-74.73825826099994,8.11652169100006],[-74.72858598799996,8.118374936000066],[-74.71808106599997,8.09813256700005],[-74.67394269199997,8.077895072000047],[-74.66768108899998,8.060034019000057],[-74.65025860099996,8.051513441000054],[-74.63091895399998,8.05464581700005],[-74.62568016099993,8.035816280000063],[-74.61463070599996,8.031822738000074],[-74.60257088899994,8.03737841800006],[-74.59117025199998,8.004327613000044],[-74.56109131599999,7.9675329710000256],[-74.57370275699998,7.950905245000058],[-74.59792311799998,7.941746894000062],[-74.60084146599996,7.929180188000032],[-74.61373253699998,7.930827315000045],[-74.61673739499997,7.917081307000046],[-74.63862963999998,7.901609630000053],[-74.64974441299995,7.912995384000055],[-74.65627475499997,7.907074754000064],[-74.68029576199996,7.929811498000049],[-74.69604720799998,7.919221093000033],[-74.70360001399996,7.933028450000052],[-74.72820317999998,7.931255229000044],[-74.73419110999998,7.942827401000045],[-74.75662114699998,7.952947055000038],[-74.75954399699998,7.963987692000046],[-74.78910912399994,7.973160173000053],[-74.79575075499997,7.99279477400006],[-74.78569884899997,7.9976202130000615],[-74.78987344699993,8.009677242000066],[-74.80902400399998,8.007047575000058],[-74.81295231499996,7.997574316000055],[-74.80363354899998,7.981741765000038],[-74.81801686099999,7.970849097000041],[-74.82006957699997,7.937222099000053],[-74.80684412699998,7.917934335000041],[-74.81185212299994,7.9025847520000525],[-74.80082832899996,7.894940969000061],[-74.80861165499994,7.882599282000058],[-74.80587948999994,7.8571583840000585],[-74.78088832099996,7.830880903000036],[-74.80102826299998,7.826654455000039],[-74.79037026199995,7.802692334000028],[-74.82283946199993,7.767714326000032],[-74.92548606799994,7.812029485000039],[-74.91783472599997,7.821718562000058],[-74.92429804499994,7.848449082000059],[-74.93455901099998,7.844943753000052],[-74.94558135399996,7.862664279000057],[-74.92622273099994,7.900354977000063],[-74.90744523299998,7.905260924000061],[-74.90737523899998,7.911178605000032],[-74.89772878299993,7.907647086000054],[-74.90215113699998,7.913182980000045],[-74.89433352299994,7.920309686000053],[-74.93274471799998,7.980720141000063],[-74.95049349199996,7.98674131100006],[-74.93463968699996,8.028822117000061],[-74.91127513099997,8.02741779300004],[-74.91342161299997,8.099647309000034],[-74.89393909199998,8.11560325000005],[-74.86711042599995,8.159158407000064],[-74.86787587799995,8.196067862000064],[-74.82752366599993,8.199065008000048]]]}},{"type":"Feature","properties":{"mpio_cdgo":"05490","mpio_nombre":"NECOCLÍ","dpto_cdgo":"05"},"geometry":{"type":"Polygon","coordinates":[[[-76.62838174799998,8.720402114000024],[-76.62274400399997,8.692673565000064],[-76.60418124699999,8.691010985000048],[-76.60508456799994,8.64607202600007],[-76.57072390999997,8.635614196000063],[-76.57666706599997,8.618670834000056],[-76.56544888499997,8.611413711000068],[-76.56634170199999,8.571859335000056],[-76.55610439399999,8.55868997500005],[-76.53554290799997,8.552450270000065],[-76.52848968599994,8.53284708600006],[-76.49845809099997,8.51651269100006],[-76.50387049899996,8.508743682000045],[-76.48038230199995,8.495362688000057],[-76.48779402899999,8.481975970000065],[-76.48126019699998,8.468822955000064],[-76.48940414899994,8.462899090000064],[-76.47661203499996,8.448181236000039],[-76.47650688999994,8.432543581000061],[-76.44974664799997,8.453813007000065],[-76.43569046399995,8.454614187000061],[-76.44466903999995,8.391228872000056],[-76.43202833299995,8.384599562000062],[-76.42545349399995,8.36934984900006],[-76.43722993899996,8.36163719600006],[-76.45422584499994,8.374427051000055],[-76.47788678699999,8.361440404000064],[-76.48495211799997,8.37576868800005],[-76.49563113899995,8.37197106800005],[-76.50290753099995,8.378823916000044],[-76.49462700699996,8.381017779000047],[-76.49993796399997,8.38876054700006],[-76.53936093599998,8.392060496000056],[-76.55069192899998,8.401484349000043],[-76.58084445899993,8.393203825000057],[-76.58456593599993,8.398662308000041],[-76.58659323699999,8.377137704000063],[-76.59679732199999,8.377186408000057],[-76.59143758599998,8.371755286000052],[-76.60406062699997,8.365741200000059],[-76.60970589799996,8.371469751000063],[-76.62147247999997,8.330476481000062],[-76.64929444499995,8.322100965000061],[-76.66716741499994,8.306075539000062],[-76.68370360199998,8.306660872000066],[-76.67910336399996,8.296121894000066],[-76.68570337299997,8.275228502000061],[-76.70180811999995,8.28718516400005],[-76.72604102399998,8.28275588200006],[-76.73693916499997,8.262417546000052],[-76.75104671799994,8.271133249000059],[-76.77432177599997,8.26653089000007],[-76.75326957399994,8.329171797000072],[-76.76102621599995,8.351100234000057],[-76.75814542699999,8.392921577000038],[-76.76773954199996,8.41396876400006],[-76.78805819899998,8.421150802000057],[-76.80374321999994,8.469886814000063],[-76.82507741099994,8.496617266000044],[-76.84802956499993,8.510554486000046],[-76.89390895699995,8.52568608100006],[-76.90291835799997,8.53114462700006],[-76.91124379199994,8.534987888000046],[-76.91365898899994,8.535096570000064],[-76.91574512699998,8.546185648000062],[-76.92829198899994,8.541956352000057],[-76.93492288899995,8.547700319000057],[-76.92263812499993,8.52745692800005],[-76.91528137999995,8.53459487300006],[-76.90727967599997,8.532258974000058],[-76.91499435799994,8.531365178000044],[-76.92159281399995,8.527277088000062],[-76.92728871599996,8.526346348000061],[-76.93826178899997,8.553369863000057],[-76.89142601699996,8.592095610000058],[-76.88524518499997,8.623096325000063],[-76.79845078699998,8.631601321000062],[-76.69178152199999,8.655029506000062],[-76.64513402199998,8.67438953900006],[-76.63318404899996,8.695535833000065],[-76.64093847699996,8.710552145000065],[-76.62838174799998,8.720402114000024]]]}},{"type":"Feature","properties":{"mpio_cdgo":"05483","mpio_nombre":"NARIÑO","dpto_cdgo":"05"},"geometry":{"type":"Polygon","coordinates":[[[-75.25396615699998,5.6870566540000596],[-75.17899153499997,5.646951258000058],[-75.13654143499997,5.654262438000046],[-75.12985015299995,5.667085192000059],[-75.10034154699997,5.663140672000054],[-75.09351959799994,5.672283875000062],[-75.06944243399994,5.662218252000059],[-75.09368798199995,5.655304468000054],[-75.09916247399997,5.6419324290000645],[-75.08901279299994,5.615022463000059],[-75.09589989799997,5.603254065000044],[-75.08810791999997,5.595024730000034],[-75.12992213599995,5.553125980000061],[-75.13620976799996,5.5285330530000465],[-75.19658376899997,5.519024727000044],[-75.22057374699995,5.503065737000043],[-75.27800339099997,5.418633564000061],[-75.28701757799996,5.45830036600006],[-75.28395580699998,5.485926492000033],[-75.25376244699999,5.528214699000046],[-75.24794098799998,5.577463589000047],[-75.27173009299997,5.604262707000032],[-75.25976732299995,5.638748717000055],[-75.26368648199997,5.680269592000059],[-75.25396615699998,5.6870566540000596]]]}},{"type":"Feature","properties":{"mpio_cdgo":"05480","mpio_nombre":"MUTATÁ","dpto_cdgo":"05"},"geometry":{"type":"Polygon","coordinates":[[[-76.49619111499999,7.551399124000056],[-76.45254228199997,7.501125871000056],[-76.45573018799996,7.483870593000063],[-76.43883669899998,7.4697374790000595],[-76.41628620999995,7.41850461100006],[-76.37517648199997,7.388258217000043],[-76.35591648399998,7.364163702000042],[-76.21802559199995,7.150103664000028],[-76.24891180799995,7.15398887300006],[-76.26864143699999,7.144426705000058],[-76.28257154899995,7.153549806000058],[-76.31742720099999,7.152539682000054],[-76.32509371699996,7.166398497000046],[-76.35319697999995,7.179012757000066],[-76.43354939499994,7.191217972000061],[-76.43157705399994,7.172228195000059],[-76.45574713399998,7.135471442000039],[-76.48527204199996,7.1350796770000215],[-76.49850854999994,7.152246651000041],[-76.50844436499995,7.184072748000062],[-76.50444642199994,7.194553057000064],[-76.53036570999996,7.254962212000066],[-76.56267506499995,7.273475178000069],[-76.57895025199997,7.30417790100006],[-76.58553749699996,7.29791115200004],[-76.61874603999996,7.316170812000053],[-76.65959563899997,7.444202801000074],[-76.68248093899996,7.46763700300005],[-76.64410618299996,7.468331140000032],[-76.61683691899998,7.455731196000045],[-76.57537156499995,7.485740324000062],[-76.57735108799994,7.497143921000031],[-76.55917768099994,7.530370001000051],[-76.53903778399996,7.5310587500000565],[-76.52729395699998,7.547363444000041],[-76.49619111499999,7.551399124000056]]]}},{"type":"Feature","properties":{"mpio_cdgo":"05467","mpio_nombre":"MONTEBELLO","dpto_cdgo":"05"},"geometry":{"type":"Polygon","coordinates":[[[-75.57877542799997,5.972150529000032],[-75.53436334199995,5.971869207000054],[-75.52870983299994,5.961274561000039],[-75.50969793199994,5.962769386000048],[-75.49967153899996,5.94105182900006],[-75.48151191799997,5.934545228000047],[-75.47422008599995,5.918671614000061],[-75.48777967199999,5.90123277400005],[-75.48451092299996,5.871737715000052],[-75.50484839399996,5.862134971000046],[-75.52566918299993,5.868952283000056],[-75.53385644899998,5.860340988000075],[-75.55535375899996,5.923523983000052],[-75.54900602599997,5.955085484000051],[-75.57877542799997,5.972150529000032]]]}},{"type":"Feature","properties":{"mpio_cdgo":"05440","mpio_nombre":"MARINILLA","dpto_cdgo":"05"},"geometry":{"type":"Polygon","coordinates":[[[-75.29651697599996,6.261975016000065],[-75.27154768699995,6.243408118000048],[-75.24491935699996,6.195160435000048],[-75.25479457499995,6.191600731000051],[-75.25369146799994,6.1699017030000505],[-75.26775666199995,6.169059399000048],[-75.29351126699999,6.151011155000049],[-75.31133444899996,6.151976692000062],[-75.30257892399999,6.10069068100006],[-75.31365156499999,6.09433044900004],[-75.31982818999995,6.111514209000063],[-75.34718261999996,6.123984147000044],[-75.34517876199999,6.140980131000049],[-75.36414747199996,6.1747692490000645],[-75.34507092999996,6.200708960000043],[-75.32533657899995,6.200972085000046],[-75.33071966999995,6.218974201000037],[-75.32177055599993,6.227901771000063],[-75.32857967699994,6.23220598000006],[-75.30842084599993,6.240466171000037],[-75.29651697599996,6.261975016000065]]]}},{"type":"Feature","properties":{"mpio_cdgo":"05425","mpio_nombre":"MACEO","dpto_cdgo":"05"},"geometry":{"type":"Polygon","coordinates":[[[-74.60564749799994,6.656154601000026],[-74.56142925699999,6.637123036000048],[-74.56752306799996,6.62717357300005],[-74.57971068899997,6.625908731000038],[-74.58043950099994,6.615465556000061],[-74.59034664499995,6.61399853000006],[-74.60815787199994,6.58169569100005],[-74.63040828399994,6.570395776000055],[-74.62150135699994,6.541232885000056],[-74.65035667599994,6.450184783000054],[-74.67827887899995,6.455673414000046],[-74.67809700099997,6.47094839600004],[-74.71750989699996,6.483084911000049],[-74.73188449599996,6.4762267630000565],[-74.75789898099998,6.484289961000059],[-74.74901167799999,6.444652222000059],[-74.73438324799997,6.449122623000051],[-74.71921135999997,6.439991932000055],[-74.72563841499993,6.419951476000051],[-74.71710979599999,6.395864705000065],[-74.73025465399996,6.393610825000053],[-74.74158815899995,6.413873761000048],[-74.75692024399996,6.412609032000034],[-74.76075372599996,6.425212773000055],[-74.77998658699994,6.428101910000066],[-74.79196388199995,6.455553383000051],[-74.80976064199996,6.458025725000027],[-74.82029729499999,6.489901323000026],[-74.84242494799997,6.5196870620000595],[-74.86476299299994,6.531278505000046],[-74.73461526499995,6.603865434000056],[-74.73099086499997,6.5973387950000415],[-74.70261161099995,6.6131093340000575],[-74.68227719399994,6.601980993000041],[-74.66582527999998,6.622370559000046],[-74.63300007499998,6.6237221670000395],[-74.62397045799997,6.653961123000045],[-74.60564749799994,6.656154601000026]]]}},{"type":"Feature","properties":{"mpio_cdgo":"05411","mpio_nombre":"LIBORINA","dpto_cdgo":"05"},"geometry":{"type":"Polygon","coordinates":[[[-75.73410081099996,6.806090085000051],[-75.72681615999994,6.797970393000071],[-75.71399960599996,6.719090423000068],[-75.71874637299999,6.653216180000072],[-75.75121763199996,6.647351368000045],[-75.77166196099995,6.664845165000031],[-75.78584688599994,6.665816431000053],[-75.79714840399998,6.655690398000047],[-75.81954434499994,6.657638342000041],[-75.82416946499995,6.641628384000057],[-75.83599034699995,6.66117345400005],[-75.83277113999998,6.684314058000041],[-75.84782837099993,6.711525574000063],[-75.86080118999996,6.719387316000052],[-75.86280945699997,6.734254186000044],[-75.84625792699995,6.7468082210000375],[-75.87130419699997,6.784184020000055],[-75.75992618799995,6.786425662000056],[-75.74891384699998,6.801831569000058],[-75.73410081099996,6.806090085000051]]]}},{"type":"Feature","properties":{"mpio_cdgo":"05400","mpio_nombre":"LA UNIÓN","dpto_cdgo":"05"},"geometry":{"type":"Polygon","coordinates":[[[-75.34644346099998,6.033741497000051],[-75.33437349299999,6.010285420000059],[-75.34517822999999,6.002095989000054],[-75.31978188799997,5.9531153750000385],[-75.30043678799996,5.952239514000041],[-75.29313096899995,5.960413294000034],[-75.28864284199994,5.955002358000058],[-75.28605530399994,5.932529170000066],[-75.29447162099996,5.915877637000051],[-75.28579171399997,5.873043015000064],[-75.30778083599995,5.867509617000053],[-75.31504231199995,5.877618353000059],[-75.34789762299994,5.885830510000062],[-75.38102523999999,5.881809946000033],[-75.41758567999995,5.903748887000063],[-75.40910232599998,5.940807011000061],[-75.41866119799994,5.981346836000057],[-75.40073639499997,6.002656806000061],[-75.38774088699995,5.99568890200004],[-75.38030403499994,6.000830669000038],[-75.36165651499994,6.030067107000036],[-75.34644346099998,6.033741497000051]]]}},{"type":"Feature","properties":{"mpio_cdgo":"05390","mpio_nombre":"LA PINTADA","dpto_cdgo":"05"},"geometry":{"type":"Polygon","coordinates":[[[-75.61938156999997,5.800939495000023],[-75.59918927899997,5.808811295000055],[-75.58290849599996,5.788955973000043],[-75.56734727299994,5.740514336000047],[-75.57194130599999,5.72294032700006],[-75.59926247199996,5.737311282000064],[-75.59788583799997,5.683624572000042],[-75.61467881099998,5.669699406000063],[-75.62429449399997,5.692930843000056],[-75.61642360699994,5.739960618000055],[-75.64211887599998,5.757391509000058],[-75.64008014899997,5.762452430000053],[-75.62412863199995,5.752145306000045],[-75.61938156999997,5.800939495000023]]]}},{"type":"Feature","properties":{"mpio_cdgo":"05380","mpio_nombre":"LA ESTRELLA","dpto_cdgo":"05"},"geometry":{"type":"Polygon","coordinates":[[[-75.65228509999997,6.170606319000058],[-75.62556630899996,6.160960460000069],[-75.63406683199997,6.150572729000032],[-75.63205264299995,6.1388224880000735],[-75.60617100299999,6.116254400000059],[-75.62942393399999,6.10602977700006],[-75.63511631299997,6.113012064000031],[-75.65759120499996,6.108635655000057],[-75.67249479499998,6.1188703470000405],[-75.67947103399996,6.163823275000027],[-75.65228509999997,6.170606319000058]]]}},{"type":"Feature","properties":{"mpio_cdgo":"05376","mpio_nombre":"LA CEJA","dpto_cdgo":"05"},"geometry":{"type":"Polygon","coordinates":[[[-75.41619433899996,6.067650834000062],[-75.37409227599994,6.055461395000066],[-75.36035024499995,6.031119064000052],[-75.38030403499994,6.000830669000038],[-75.38774088699995,5.99568890200004],[-75.40073639499997,6.002656806000061],[-75.41868810399995,5.981297166000047],[-75.40910232599998,5.940807011000061],[-75.41790547199997,5.900154225000051],[-75.44809553499994,5.914574561000052],[-75.44138303599993,5.922691731000043],[-75.44734171999994,5.935367847000066],[-75.47069374899996,5.946050889000048],[-75.48470953899994,5.935165662000031],[-75.49967153899996,5.94105182900006],[-75.50843715599996,5.958646697000063],[-75.45849048499997,6.001210856000057],[-75.45571726799994,6.026137188000064],[-75.44406193199995,6.041118288000064],[-75.44498657399998,6.059644745000071],[-75.41619433899996,6.067650834000062]]]}},{"type":"Feature","properties":{"mpio_cdgo":"05368","mpio_nombre":"JERICÓ","dpto_cdgo":"05"},"geometry":{"type":"Polygon","coordinates":[[[-75.72619665999997,5.83268292200006],[-75.69957447399997,5.828603729000065],[-75.66552321399996,5.80068222400007],[-75.67610371699999,5.797430235000036],[-75.68730385799995,5.775087081000038],[-75.70781590299998,5.77010847400004],[-75.73533722299999,5.734971385000051],[-75.74475003099997,5.73432162000006],[-75.74380035299998,5.716545006000047],[-75.75095771599996,5.718411776000039],[-75.77096905999997,5.689801472000056],[-75.79959438899994,5.679730667000058],[-75.80004384699998,5.6623784020000585],[-75.80879958199995,5.653702782000039],[-75.83745884199999,5.739539272000059],[-75.82438483499999,5.752153695000061],[-75.81234906899994,5.796882071000027],[-75.82408450799994,5.812819546000071],[-75.82113293999998,5.821549413000071],[-75.81509632299998,5.830503191000048],[-75.81227502199994,5.809571963000053],[-75.78386926599995,5.8220884950000595],[-75.75844240999999,5.874196870000048],[-75.72619665999997,5.83268292200006]]]}},{"type":"Feature","properties":{"mpio_cdgo":"05364","mpio_nombre":"JARDÍN","dpto_cdgo":"05"},"geometry":{"type":"Polygon","coordinates":[[[-75.80879958199995,5.653702782000039],[-75.78852750299995,5.654842047000045],[-75.77668758699997,5.638204993000045],[-75.75783837099993,5.639043246000028],[-75.75069941199996,5.621768215000031],[-75.76035677899995,5.5936494600000515],[-75.74241247099997,5.589470543000061],[-75.73053329899994,5.563375620000045],[-75.76475946599999,5.548318391000066],[-75.77149215099996,5.537291971000059],[-75.78567968699997,5.539968864000059],[-75.83249416699994,5.488838934000057],[-75.85232863999994,5.493564043000049],[-75.86227499599994,5.506332880000059],[-75.86802412599997,5.490242126000055],[-75.90517773099998,5.47991870900006],[-75.88357187699995,5.500639454000066],[-75.88365351899995,5.524812024000028],[-75.87153904299998,5.530985091000048],[-75.87347972999999,5.575739425000052],[-75.88247740699995,5.5899433450000515],[-75.87971535799994,5.63247986600004],[-75.85877915999998,5.63510470500006],[-75.82947319199997,5.622010549000038],[-75.82573344799994,5.640449466000064],[-75.80879958199995,5.653702782000039]]]}},{"type":"Feature","properties":{"mpio_cdgo":"05360","mpio_nombre":"ITAGÜÍ","dpto_cdgo":"05"},"geometry":{"type":"Polygon","coordinates":[[[-75.60069563399998,6.200170092000064],[-75.59146835599995,6.19309051700003],[-75.58098861499997,6.19672193100007],[-75.60512678299995,6.1631862620000675],[-75.62535278699994,6.153594172000055],[-75.62556630899996,6.160960460000069],[-75.64542234799995,6.165487322000047],[-75.64772881199997,6.171641174000058],[-75.63596633099996,6.174204822000036],[-75.62713002799995,6.188365040000065],[-75.62948561699994,6.196284047000063],[-75.60069563399998,6.200170092000064]]]}},{"type":"Feature","properties":{"mpio_cdgo":"05353","mpio_nombre":"HISPANIA","dpto_cdgo":"05"},"geometry":{"type":"Polygon","coordinates":[[[-75.91000479499996,5.8486891510000305],[-75.90582997699994,5.840051120000055],[-75.88502946099999,5.839762377000056],[-75.86965279499998,5.823056985000051],[-75.87369711299993,5.775902099000064],[-75.89253105799997,5.7539224780000495],[-75.90414185099996,5.76587771100003],[-75.92064885399998,5.7535641710000505],[-75.95484344399995,5.7953411340000685],[-75.95080941199996,5.80517386300005],[-75.91495641199998,5.819400234000057],[-75.91000479499996,5.8486891510000305]]]}},{"type":"Feature","properties":{"mpio_cdgo":"05347","mpio_nombre":"HELICONIA","dpto_cdgo":"05"},"geometry":{"type":"Polygon","coordinates":[[[-75.73665341899994,6.267399651000062],[-75.70798044099996,6.258409540000059],[-75.70239484899997,6.204186908000054],[-75.69451399099995,6.194363991000046],[-75.69703400099996,6.170330798000066],[-75.71355867999995,6.150825887000053],[-75.73350902299995,6.158362899000053],[-75.74587718699996,6.144854095000028],[-75.74386672899993,6.179034307000052],[-75.78151581299994,6.184089896000046],[-75.81603558799998,6.223082434000048],[-75.81993957399999,6.244797602000062],[-75.80992206499997,6.259755520000056],[-75.79093501199998,6.265991241000052],[-75.77592359699997,6.246292053000047],[-75.75689133599997,6.2507218520000265],[-75.73665341899994,6.267399651000062]]]}},{"type":"Feature","properties":{"mpio_cdgo":"05321","mpio_nombre":"GUATAPÉ","dpto_cdgo":"05"},"geometry":{"type":"Polygon","coordinates":[[[-75.13535441899995,6.335575739000035],[-75.11852087499994,6.293798989000038],[-75.13995453499996,6.30037629900005],[-75.13853595799998,6.289154612000061],[-75.14585744099998,6.2854061630000615],[-75.14587885299994,6.256498965000048],[-75.11781291699998,6.235361903000069],[-75.14535524299998,6.181103291000056],[-75.16036896899999,6.169463237000059],[-75.18888657699995,6.202710723000052],[-75.19403447499997,6.272137791000034],[-75.17103107899999,6.297582323000029],[-75.15724300099998,6.296905220000042],[-75.13535441899995,6.335575739000035]]]}},{"type":"Feature","properties":{"mpio_cdgo":"05318","mpio_nombre":"GUARNE","dpto_cdgo":"05"},"geometry":{"type":"Polygon","coordinates":[[[-75.40888026899995,6.348964601000034],[-75.38584938799994,6.328290698000046],[-75.38707876399997,6.298534439000036],[-75.39549429199997,6.285688080000057],[-75.38750559199997,6.271437243000037],[-75.39536912899996,6.267265651000059],[-75.37875872899997,6.219292448000033],[-75.38657777499998,6.212780888000054],[-75.40876451199995,6.214735603000065],[-75.42342782899993,6.199496449000037],[-75.43335773499996,6.210254717000055],[-75.47486848399996,6.195538026000065],[-75.48597505499998,6.205221563000066],[-75.49171819899993,6.228565352000032],[-75.47862393799994,6.230425271000058],[-75.47318936199997,6.241628182000056],[-75.49626455799995,6.270473161000041],[-75.50125750299998,6.296740784000065],[-75.49106345299998,6.293893868000055],[-75.48442674999995,6.320149416000049],[-75.46685462699998,6.319182549000061],[-75.45123429199998,6.3350863690000665],[-75.42435994099998,6.315321570000037],[-75.42304933299994,6.332716539000046],[-75.40888026899995,6.348964601000034]]]}},{"type":"Feature","properties":{"mpio_cdgo":"05315","mpio_nombre":"GUADALUPE","dpto_cdgo":"05"},"geometry":{"type":"Polygon","coordinates":[[[-75.22189803299995,6.932579476000058],[-75.20935092799994,6.922231770000053],[-75.18298451999993,6.91906145400003],[-75.16999524999994,6.905471132000059],[-75.17987902799996,6.881015861000037],[-75.18121670499994,6.846584556000039],[-75.20147145899995,6.830583364000063],[-75.22469202799994,6.79326493800005],[-75.25988520799996,6.802343043000064],[-75.26569670599997,6.797285010000053],[-75.28212699799997,6.8072331620000455],[-75.28719291699997,6.8385872490000565],[-75.27619020499998,6.830386686000054],[-75.26744930599995,6.846472963000053],[-75.25816013599996,6.84793006600006],[-75.25610776499997,6.899254853000059],[-75.24402967999998,6.908591161000061],[-75.24262978199994,6.927239496000027],[-75.22189803299995,6.932579476000058]]]}},{"type":"Feature","properties":{"mpio_cdgo":"05313","mpio_nombre":"GRANADA","dpto_cdgo":"05"},"geometry":{"type":"Polygon","coordinates":[[[-75.12093553199998,6.231009634000031],[-75.07672612699997,6.156924465000031],[-75.08277177399998,6.145553479000057],[-75.06373959099994,6.141858350000064],[-75.05947258299994,6.1319015410000475],[-75.07222107399997,6.100546679000047],[-75.07396976299998,6.05390056400006],[-75.08070415699996,6.0560701510000285],[-75.08459205899999,6.048329066000065],[-75.08324844599997,6.023136233000059],[-75.08943127499998,6.018440768000062],[-75.10816109299998,6.041523734000066],[-75.11975429899996,6.039869519000035],[-75.15607876399997,6.064805847000059],[-75.16948678599994,6.108699441000056],[-75.19836319399997,6.125249101000065],[-75.20434763299994,6.142428204000055],[-75.22098060299999,6.146255316000065],[-75.23343338199999,6.163609721000057],[-75.21259987399998,6.157153699000048],[-75.19557586999997,6.173187640000037],[-75.18505730999993,6.17545089500004],[-75.17527894899996,6.161774364000053],[-75.16036896899999,6.169463237000059],[-75.14535524299998,6.181103291000056],[-75.12958827399996,6.221964609000054],[-75.12093553199998,6.231009634000031]]]}},{"type":"Feature","properties":{"mpio_cdgo":"05310","mpio_nombre":"GÓMEZ PLATA","dpto_cdgo":"05"},"geometry":{"type":"Polygon","coordinates":[[[-75.18014172999995,6.847533141000042],[-75.17328474799996,6.825514608000049],[-75.14100955199996,6.793039496000063],[-75.11018969899999,6.783559040000057],[-75.12800918999994,6.739450622000049],[-75.10700115999998,6.716485272000057],[-75.12688124199997,6.69251637800005],[-75.12278577099994,6.657887088000052],[-75.14568534699998,6.652291146000039],[-75.15663392999994,6.639590785000053],[-75.16182112899997,6.585548567000046],[-75.18183437499994,6.585177661000046],[-75.19736880699998,6.574678801000061],[-75.19756459599995,6.59078895600004],[-75.21018763699993,6.607442805000062],[-75.22801693799994,6.616123077000054],[-75.24646497299995,6.640923225000051],[-75.28093044299999,6.648481897000067],[-75.28162103099999,6.659389944000054],[-75.29399863099997,6.666512776000047],[-75.28494470899994,6.68034939100005],[-75.26555328799998,6.686217022000051],[-75.25862892699996,6.700628289000065],[-75.26342168899998,6.728944609000052],[-75.25667993699994,6.730690412000058],[-75.25838758899994,6.746717424000053],[-75.24920896599997,6.759844994000048],[-75.25835201299998,6.776957076000031],[-75.22469202799994,6.79326493800005],[-75.20147145899995,6.830583364000063],[-75.18014172999995,6.847533141000042]]]}},{"type":"Feature","properties":{"mpio_cdgo":"05308","mpio_nombre":"GIRARDOTA","dpto_cdgo":"05"},"geometry":{"type":"Polygon","coordinates":[[[-75.44746233999996,6.4341786380000485],[-75.42089454099994,6.395565206000072],[-75.41167166699995,6.39485865100005],[-75.39980985099999,6.358495909000055],[-75.41607048299994,6.3477313930000605],[-75.42476700199995,6.315126356000064],[-75.46086524699996,6.336708682000051],[-75.48710521299995,6.372957321000058],[-75.47351761199997,6.37609199700006],[-75.48888505499997,6.394389740000065],[-75.48833492699998,6.430380419000073],[-75.44746233999996,6.4341786380000485]]]}},{"type":"Feature","properties":{"mpio_cdgo":"05234","mpio_nombre":"DABEIBA","dpto_cdgo":"05"},"geometry":{"type":"Polygon","coordinates":[[[-76.43441763499999,7.190661761000058],[-76.35319697999995,7.179012757000066],[-76.32509371699996,7.166398497000046],[-76.31742720099999,7.152539682000054],[-76.28257154899995,7.153549806000058],[-76.26864143699999,7.144426705000058],[-76.24891180799995,7.15398887300006],[-76.21802559199995,7.150103664000028],[-76.20269477499994,7.13837680000006],[-76.15936478999998,7.127293270000052],[-76.14056704799998,7.136644549000039],[-76.13464218999997,7.149303283000052],[-76.11361613099996,7.136215898000046],[-76.10167123799994,7.138143261000039],[-76.09212959899997,7.158796983000059],[-76.06148214199999,7.17147951000004],[-76.02952597999996,7.157012388000055],[-76.01317908299995,7.1579760690000285],[-76.00078888299998,7.1438260370000535],[-75.99167282699995,7.145832089000066],[-75.98453390199995,7.131896514000061],[-75.96666584699994,7.131335257000046],[-75.97016017399994,7.103563098000052],[-75.96357390999998,7.085832402000051],[-75.97433322599994,7.008501186000046],[-75.99994615499998,7.000335075000066],[-76.01642669999995,6.967417388000058],[-76.05490128099996,6.9429700330000514],[-76.06378142799997,6.947010359000046],[-76.07476681699995,6.940314382000054],[-76.15530553399998,6.977591626000049],[-76.17090726199996,6.959313973000064],[-76.23430236299998,6.963019779000035],[-76.23937300199998,6.9398224990000585],[-76.22475078399998,6.920375224000054],[-76.24391676799996,6.908567958000049],[-76.26691537799996,6.913540861000058],[-76.28796975699998,6.901263239000059],[-76.29901486699998,6.874215542000059],[-76.29994798799999,6.846456859000057],[-76.28699490999998,6.848696140000072],[-76.28070438999998,6.835747050000066],[-76.28632257699996,6.827052077000076],[-76.27502834999996,6.808941540000035],[-76.29938502199997,6.779669858000034],[-76.31601167499997,6.775216491000037],[-76.32973595599998,6.7845840010000416],[-76.33283273799998,6.798979042000042],[-76.36460881099998,6.806260372000054],[-76.40684718499995,6.849359203000063],[-76.42605245499993,6.856452124000043],[-76.43693165999997,6.844536639000069],[-76.43940447999995,6.812084096000035],[-76.42863848499996,6.745008882000036],[-76.44203786899999,6.738237911000056],[-76.52118182699996,6.764578037000035],[-76.54330513299999,6.737941719000048],[-76.54197241599996,6.726989066000044],[-76.55868943099995,6.720459005000066],[-76.56410508399995,6.700871688000063],[-76.57752932999995,6.694807444000048],[-76.58880854599994,6.714463444000046],[-76.60521649299994,6.719007653000062],[-76.61872949599996,6.747774929000059],[-76.59794252399996,6.755008492000059],[-76.57603244799998,6.786360269000056],[-76.58031859899995,6.804203905000065],[-76.56019535399997,6.884858491000045],[-76.54123852999999,6.889774822000049],[-76.51258671599999,6.925507433000064],[-76.52345486499996,6.9617387720000465],[-76.53658059499998,6.955230094000058],[-76.54544709799995,6.96790201400006],[-76.54944867599994,7.016716096000039],[-76.53061055499995,7.060098949000064],[-76.53875537999994,7.068741166000052],[-76.52486621199995,7.106260733000056],[-76.51408498799998,7.111150049000059],[-76.50826462499998,7.138619409000057],[-76.49240238899995,7.131536375000053],[-76.45888654799995,7.132813913000064],[-76.43157705399994,7.172228195000059],[-76.43441763499999,7.190661761000058]]]}},{"type":"Feature","properties":{"mpio_cdgo":"05284","mpio_nombre":"FRONTINO","dpto_cdgo":"05"},"geometry":{"type":"Polygon","coordinates":[[[-76.22451638499996,6.920345720000057],[-76.24578270699999,6.876044138000054],[-76.22156387799998,6.84829546900005],[-76.19519552099996,6.850080232000039],[-76.19484912299998,6.838761911000063],[-76.17963780899998,6.8381432690000565],[-76.15731522599998,6.823673140000039],[-76.13473470799994,6.849179011000047],[-76.12795967399995,6.852416366000057],[-76.12118227699995,6.851849972000025],[-76.12988154799996,6.843887370000061],[-76.12655762099996,6.829742410000051],[-76.08303565399996,6.784916539000051],[-76.09054192599996,6.777664368000046],[-76.08187417899995,6.755912373000058],[-76.09069507899994,6.746793847000049],[-76.09020406999997,6.732493212000065],[-76.07670525899994,6.731432247000043],[-76.11607095199997,6.707409531000053],[-76.13349588099999,6.706868450000059],[-76.14894676999995,6.686007051000047],[-76.17633647899999,6.679409988000032],[-76.18443698599998,6.665099468000051],[-76.16890050799998,6.6572968540000375],[-76.17011229799994,6.636897579000049],[-76.15508921599996,6.625338387000056],[-76.16256046799998,6.615301498000065],[-76.16220433899997,6.592717985000036],[-76.19529692599997,6.585888511000064],[-76.20594006799996,6.571777381000061],[-76.22618993999998,6.571667759000036],[-76.24774739399999,6.538543489000062],[-76.28301266899996,6.5367820710000615],[-76.30769012299999,6.507406718000027],[-76.33434448399998,6.512801369000044],[-76.34492742799995,6.527245651000044],[-76.34293931299999,6.548487091000027],[-76.35610123199996,6.553674129000058],[-76.36414338099996,6.565520602000049],[-76.36171429299998,6.582262625000055],[-76.37880759699993,6.59364570200006],[-76.40458286599994,6.587477687000046],[-76.40469248599999,6.5795351930000265],[-76.43330340399996,6.560062630000061],[-76.44907435999994,6.537290192000057],[-76.45751180699995,6.497228927000037],[-76.47049351399994,6.489641867000046],[-76.48354216699994,6.49650986000006],[-76.49215888899994,6.52432198300005],[-76.51184446499997,6.528416553000056],[-76.52277037799996,6.545055181000066],[-76.51356226599995,6.556012238000051],[-76.52374201299995,6.586828015000037],[-76.54061109299994,6.588606857000059],[-76.56378876199994,6.56636587600002],[-76.55776965099994,6.593158587000062],[-76.57568095599999,6.620357727000055],[-76.56734457499994,6.648290083000063],[-76.57752932999995,6.694807444000048],[-76.56410508399995,6.700871688000063],[-76.55868943099995,6.720459005000066],[-76.54197241599996,6.726989066000044],[-76.54330513299999,6.737941719000048],[-76.52118182699996,6.764578037000035],[-76.44203786899999,6.738237911000056],[-76.42863848499996,6.745008882000036],[-76.43940447999995,6.812084096000035],[-76.43693165999997,6.844536639000069],[-76.42605245499993,6.856452124000043],[-76.40684718499995,6.849359203000063],[-76.36460881099998,6.806260372000054],[-76.33283273799998,6.798979042000042],[-76.32973595599998,6.7845840010000416],[-76.31601167499997,6.775216491000037],[-76.29938502199997,6.779669858000034],[-76.27503193299998,6.808844021000027],[-76.28632257699996,6.827052077000076],[-76.28070438999998,6.835747050000066],[-76.28699490999998,6.848696140000072],[-76.29994798799999,6.846456859000057],[-76.28911069199995,6.900150317000055],[-76.26699691399995,6.9135162480000645],[-76.24400581299994,6.908546587000046],[-76.22451638499996,6.920345720000057]]]}},{"type":"Feature","properties":{"mpio_cdgo":"05361","mpio_nombre":"ITUANGO","dpto_cdgo":"05"},"geometry":{"type":"Polygon","coordinates":[[[-75.75008066099997,7.613552282000057],[-75.71186875799998,7.581286822000038],[-75.68279033499994,7.583446757000047],[-75.67129618999996,7.597969971000055],[-75.63318152699998,7.583121027000061],[-75.60171266499998,7.5896816020000415],[-75.57523337699996,7.562930512000037],[-75.55749507199994,7.500622465000049],[-75.54162191799998,7.49175550700005],[-75.54733874099998,7.465648087000034],[-75.54261249899997,7.4415894370000615],[-75.56791498099994,7.3800350880000565],[-75.53958823099998,7.370395998000049],[-75.51533621499993,7.378321630000073],[-75.51536364999998,7.34699121500006],[-75.52959555399997,7.299506621000035],[-75.51047919099994,7.294147679000048],[-75.48779374799994,7.303856720000056],[-75.48373450499997,7.290313008000055],[-75.44425523199999,7.249420237000038],[-75.47792073499994,7.223528203000058],[-75.51058597999997,7.230381050000062],[-75.53454298499997,7.2045718330000454],[-75.56359620699999,7.2015261200000396],[-75.59602998699995,7.185535701000049],[-75.63548495499998,7.140356415000042],[-75.66080033699996,7.1379382930000475],[-75.67501191299993,7.092962607000061],[-75.68813433099996,7.08354601800005],[-75.69737138799997,7.088363814000047],[-75.74379397399997,7.076645709000047],[-75.77426439999994,7.054402509000056],[-75.77537798299994,7.045750787000031],[-75.79547854099997,7.058138597000038],[-75.79488367099998,7.07873283400005],[-75.83275081099998,7.101029572000073],[-75.85474785899999,7.100318184000059],[-75.86450648599998,7.091542226000058],[-75.87551948399994,7.104225779000046],[-75.87348782499998,7.142577125000059],[-75.89423477999998,7.159212857000057],[-75.87388682199997,7.1779207760000645],[-75.88608155899993,7.222012188000065],[-75.90674717699994,7.219656521000047],[-75.90827935999994,7.208997367000052],[-75.92215590799998,7.198565208000048],[-75.91849986599993,7.189920627000049],[-75.95270729099997,7.180993097000055],[-75.94887093799997,7.158171155000048],[-75.96871249399999,7.129557316000046],[-75.98453390199995,7.131896514000061],[-75.99167282699995,7.145832089000066],[-76.00078888299998,7.1438260370000535],[-76.01317908299995,7.1579760690000285],[-76.02952597999996,7.157012388000055],[-76.05610455999994,7.172002991000056],[-76.09212959899997,7.158796983000059],[-76.10167123799994,7.138143261000039],[-76.11409202199997,7.136382461000039],[-76.13192960499998,7.149303283000052],[-76.15748501599995,7.127269475000048],[-76.20269477499994,7.13837680000006],[-76.21680022099997,7.147491184000046],[-76.35591648399998,7.364163702000042],[-76.38092539299998,7.391709823000042],[-75.84549601499998,7.347087269000042],[-75.83373334799995,7.371340718000056],[-75.83210975699996,7.402072375000046],[-75.81765888199999,7.415823579000062],[-75.82746759099996,7.426034583000046],[-75.82508112499994,7.442187751000063],[-75.80120755899998,7.446399687000053],[-75.78777923599995,7.45983691400005],[-75.77512562499999,7.501377450000064],[-75.78725385899997,7.512223405000043],[-75.76678166299996,7.529083544000059],[-75.77639834499996,7.544913898000061],[-75.77387344399995,7.56488046100003],[-75.76089425699996,7.5773120920000565],[-75.76547453699999,7.601544216000036],[-75.75008066099997,7.613552282000057]]]}},{"type":"Feature","properties":{"mpio_cdgo":"05847","mpio_nombre":"URRAO","dpto_cdgo":"05"},"geometry":{"type":"Polygon","coordinates":[[[-76.37548161499996,6.590895226000043],[-76.36171429299998,6.582262625000055],[-76.36414338099996,6.565520602000049],[-76.35610123199996,6.553674129000058],[-76.34293931299999,6.548487091000027],[-76.34221057399998,6.520667463000052],[-76.31784163399993,6.506210861000056],[-76.30293326499998,6.509545976000027],[-76.29519547599995,6.525772700000061],[-76.27277312899997,6.54164772200005],[-76.24774739399999,6.538543489000062],[-76.22604045799994,6.571757451000053],[-76.20594006799996,6.571777381000061],[-76.19529692599997,6.585888511000064],[-76.16284711599997,6.592792726000027],[-76.13630997399997,6.577740372000051],[-76.11461640099998,6.5537195350000275],[-76.09786586099995,6.551790041000061],[-76.09190496599996,6.540026184000055],[-76.07693533699995,6.541313716000047],[-76.07047341899994,6.51368715600006],[-76.05793173099994,6.5070269090000465],[-76.08307325799996,6.479681336000056],[-76.08659629599998,6.462605065000048],[-76.07785327999994,6.453358758000036],[-76.06213990399993,6.45706885900006],[-76.04325089499997,6.435449607000066],[-76.03761374799996,6.404605411000034],[-76.04378982799994,6.378745053000046],[-76.01593411999994,6.36411249300005],[-76.01009059499995,6.367643942000029],[-75.98815858099994,6.344852816000071],[-76.00194207399994,6.286542807000046],[-76.04944595799998,6.254770119000057],[-76.04694841499997,6.227363464000064],[-76.03398415799995,6.210883057000046],[-76.03992521599997,6.196808418000046],[-76.03148525199998,6.178074643000059],[-76.01639685999999,6.169642427000042],[-76.01661395199994,6.129148360000045],[-76.00845678699994,6.121191593000049],[-76.00765161599998,6.089836349000052],[-75.99645217299997,6.078337255000065],[-76.02778782399997,6.0486340050000535],[-76.05785554499994,6.05143722400004],[-76.05528023499994,6.037039032000052],[-76.07690036699995,6.032891919000065],[-76.09696478299998,6.003516129000047],[-76.11353283099999,6.021253908000062],[-76.12373213199999,6.01821581300004],[-76.13185437599998,5.9998012750000385],[-76.14382072599994,5.9976312050000615],[-76.17265157999998,6.017391196000062],[-76.17474142999998,6.043577750000054],[-76.19090645999995,6.05772974100006],[-76.19695652399997,6.080175259000043],[-76.20578836499999,6.14734567000005],[-76.20120759299994,6.16030231700006],[-76.21344725299997,6.167252216000065],[-76.20946804599998,6.184548608000057],[-76.22427739799997,6.18825094400006],[-76.23767364299994,6.208345312000063],[-76.26155036899996,6.209162359000061],[-76.28518559299994,6.193406707000065],[-76.32640514899998,6.202591713000061],[-76.33278932299999,6.196162549000064],[-76.38981234699997,6.191494804000058],[-76.40517388799998,6.185585769000056],[-76.40913604199994,6.172380083000064],[-76.42083012199998,6.165723324000055],[-76.44524959199998,6.168441554000026],[-76.45008360399999,6.195243951000066],[-76.46749936299994,6.210537326000065],[-76.49359185099996,6.217692098000043],[-76.51136582299995,6.196135126000058],[-76.51876247999996,6.208822489000056],[-76.53061793899997,6.305309998000041],[-76.52281452999995,6.367172003000064],[-76.54303997299996,6.411690036000039],[-76.53476780799997,6.420734272000061],[-76.54902350499998,6.4363686620000635],[-76.54400505799998,6.486387686000057],[-76.58216731099998,6.535041798000066],[-76.57007616399994,6.5421420760000615],[-76.56378876199994,6.56636587600002],[-76.55230144199999,6.57061998100005],[-76.54655301599996,6.584839901000066],[-76.52396623399994,6.586932654000066],[-76.51356973999998,6.556311199000049],[-76.52262089299995,6.544778640000061],[-76.51184446499997,6.528416553000056],[-76.49215888899994,6.52432198300005],[-76.48368230599993,6.496655605000058],[-76.47049351399994,6.489641867000046],[-76.45690058899999,6.497919867000064],[-76.44907435999994,6.537290192000057],[-76.43330340399996,6.560062630000061],[-76.40469248599999,6.5795351930000265],[-76.40433372899997,6.587617206000061],[-76.37548161499996,6.590895226000043]]]}},{"type":"Feature","properties":{"mpio_cdgo":"05475","mpio_nombre":"MURINDÓ","dpto_cdgo":"05"},"geometry":{"type":"Polygon","coordinates":[[[-76.67568395699999,7.029853725000066],[-76.64527629899999,7.008332139000061],[-76.61560779999996,7.016789560000063],[-76.60333142199994,7.000489474000062],[-76.59293738199995,7.011625605000063],[-76.58404592599999,6.98312265900006],[-76.57183445899994,6.979654079000056],[-76.54746009799999,7.002956053000048],[-76.54401942099997,6.962495880000063],[-76.53634803899996,6.955186174000062],[-76.52457281299996,6.963166247000061],[-76.51256767999996,6.926192717000049],[-76.54123852999999,6.889774822000049],[-76.56019535399997,6.884858491000045],[-76.58031859899995,6.804203905000065],[-76.57603244799998,6.786360269000056],[-76.59794252399996,6.755008492000059],[-76.61872949599996,6.747774929000059],[-76.60521649299994,6.719007653000062],[-76.58880854599994,6.714463444000046],[-76.57698895299995,6.694105863000061],[-76.56734457499994,6.648290083000063],[-76.57329421199995,6.633332220000057],[-76.63253502499998,6.644405178000056],[-76.64048543299998,6.652051002000064],[-76.64592888499999,6.644944056000043],[-76.68353517599996,6.647066377000044],[-76.70063403099994,6.664170728000045],[-76.74999987799998,6.639948554000057],[-76.79968531899993,6.655589555000063],[-76.84924299699998,6.659270327000058],[-76.87034608499994,6.681771787000059],[-76.85976766799996,6.720940046000067],[-76.87108411399998,6.723439681000059],[-76.88758360299994,6.757410736000054],[-76.89736444099998,6.757226231000061],[-76.90103060799999,6.777322695000066],[-76.92184555699998,6.784225230000061],[-76.90538572899999,6.805796025000063],[-76.90911022499995,6.823209410000061],[-76.88405055799996,6.848223141000062],[-76.85507292199998,6.846158850000052],[-76.83528532499997,6.8286840880000454],[-76.83432321099997,6.83847369700004],[-76.81793948799998,6.837682637000057],[-76.83055740699996,6.858589209000058],[-76.79804438499997,6.861634288000062],[-76.78553793799995,6.877529086000038],[-76.79670236899995,6.901599713000053],[-76.80009403699995,6.948564633000046],[-76.80831495099994,6.950246907000064],[-76.81338292699996,6.96351463700006],[-76.82845989199996,6.955526491000057],[-76.81914465299997,6.975981492000074],[-76.83029028799996,6.972402111000065],[-76.83184559599994,6.989140185000053],[-76.84252066499994,6.988321923000058],[-76.82477514199996,7.0054575720000685],[-76.70665981599996,7.02491520600006],[-76.68401874699998,7.021338582000055],[-76.67568395699999,7.029853725000066]]]}},{"type":"Feature","properties":{"mpio_cdgo":"05873","mpio_nombre":"VIGIA DEL FUERTE","dpto_cdgo":"05"},"geometry":{"type":"Polygon","coordinates":[[[-76.91534394499996,6.841852890000041],[-76.90025140199998,6.836564339000063],[-76.89978821499994,6.828164745000038],[-76.90918929899993,6.823060044000044],[-76.90538572899999,6.805796025000063],[-76.92183617399996,6.784195001000057],[-76.90103060799999,6.777322695000066],[-76.89736444099998,6.757226231000061],[-76.88758360299994,6.757410736000054],[-76.87108411399998,6.723439681000059],[-76.85976766799996,6.720940046000067],[-76.87034608499994,6.681771787000059],[-76.85005155199997,6.659739625000043],[-76.79968531899993,6.655589555000063],[-76.74999987799998,6.639948554000057],[-76.70063403099994,6.664170728000045],[-76.68353517599996,6.647066377000044],[-76.64592888499999,6.644944056000043],[-76.64048543299998,6.652051002000064],[-76.63253502499998,6.644405178000056],[-76.57329421199995,6.633332220000057],[-76.57568095599999,6.620357727000055],[-76.55779622599994,6.591537534000054],[-76.56669836399999,6.548883887000045],[-76.58216731099998,6.535041798000066],[-76.54400505799998,6.486387686000057],[-76.54902350499998,6.4363686620000635],[-76.53476780799997,6.420734272000061],[-76.54303997299996,6.411690036000039],[-76.52281452999995,6.367172003000064],[-76.53061793899997,6.305309998000041],[-76.51978140299997,6.24223474300004],[-76.52336600799998,6.219555227000058],[-76.51136582299995,6.196135126000058],[-76.49359185099996,6.217692098000043],[-76.45713394999996,6.204965098000059],[-76.44524959199998,6.168441554000026],[-76.46867794199994,6.176573804000043],[-76.47476561999997,6.16048747800005],[-76.48228665599999,6.160549693000064],[-76.49896741799995,6.174172850000048],[-76.55286367599996,6.17851339300006],[-76.58351411299998,6.193451434000053],[-76.61803217399995,6.186897414000043],[-76.64388869099997,6.168326266000065],[-76.67848924299994,6.173125061000064],[-76.68674419799999,6.161523799000065],[-76.71809754299994,6.172696826000049],[-76.71378104099995,6.191420602000051],[-76.72144851199994,6.199864289000061],[-76.71781356299994,6.217016704000059],[-76.72674253899999,6.223770409000053],[-76.72306865099995,6.236981178000065],[-76.75647628399997,6.252152620000061],[-76.75935067199998,6.261442036000062],[-76.74897622299994,6.2796020820000535],[-76.78190796299998,6.288815355000054],[-76.79024540699999,6.320236733000058],[-76.77765256699996,6.327880291000042],[-76.79078719199998,6.338657420000061],[-76.78900076599996,6.349873833000061],[-76.77138543299998,6.3632427430000575],[-76.78737541099997,6.377900222000051],[-76.76917436499997,6.379789148000043],[-76.76507436999998,6.389292350000062],[-76.79204611799997,6.40923454600005],[-76.79526314899994,6.419970675000059],[-76.77089746799999,6.420770173000051],[-76.76177937399996,6.432153514000049],[-76.76876547099994,6.440167540000061],[-76.78938112099996,6.433010120000063],[-76.79583421999996,6.443651070000044],[-76.78176684599998,6.462648688000058],[-76.78228080999997,6.47456502700004],[-76.77057386099995,6.464856827000062],[-76.76798500799998,6.477991454000062],[-76.80036517699995,6.50796054500006],[-76.81998877999996,6.48724971300004],[-76.81935671999997,6.525476530000049],[-76.84110135599997,6.5214511730000595],[-76.85128271899998,6.560720081000056],[-76.86392214899996,6.571496095000043],[-76.88188526999994,6.560456874000067],[-76.89053270599999,6.566237451000063],[-76.89926333099999,6.585527212000045],[-76.89100184299997,6.603420760000063],[-76.86307648799993,6.609036287000038],[-76.85805106699996,6.6197153100000605],[-76.87404104499996,6.630261082000061],[-76.90800071199999,6.628129082000044],[-76.91235988499994,6.639855066000052],[-76.89610340699994,6.65911918200004],[-76.89808311899998,6.668218244000059],[-76.90935224599997,6.670159882000064],[-76.92484729599994,6.646898271000055],[-76.93748699299994,6.654588692000061],[-76.93896789699994,6.686344163000058],[-76.95228450199994,6.6751237780000565],[-76.96412257899993,6.680883391000066],[-76.93364812099998,6.710918794000065],[-76.94017684299996,6.723164526000062],[-76.95732243599997,6.72478030700006],[-76.96716388699997,6.7431307100000595],[-76.96526735699996,6.780394156000057],[-76.95785012999994,6.792514987000061],[-76.97126515099995,6.796940274000065],[-76.97230885099998,6.809019359000047],[-76.95794754199994,6.816742739000063],[-76.93300716399995,6.812123009000061],[-76.91353696799996,6.846882324000035],[-76.91534394499996,6.841852890000041]]]}}]}