sede_id,sede,dane_ie_principal,institucion_principal,municipio_id,municipio,subregion,operador,link_linea_base,link_noviembre
20512000104401,E R SANTA INES DEL MONTE,205120001044,CENTRO EDUCATIVO RURAL SANTA INES DEL MONTE,5120,CACERES,Bajo Cauca,CORPOEDUCACIÓN,,
20512000104404,E. R. LA LANCHA ,205120001044,CENTRO EDUCATIVO RURAL SANTA INES DEL MONTE,5120,CACERES,Bajo Cauca,CORPOEDUCACIÓN,https://drive.google.com/file/d/19Gs_jjmBP4tudzlalhBoro2slXJd6U9j/view?usp=sharing,
20512000104402,ESCUELA GETSEMANY,205120001044,CENTRO EDUCATIVO RURAL SANTA INES DEL MONTE,5120,CACERES,Bajo Cauca,CORPOEDUCACIÓN,,
20512000104403,ESCUELA PATIO BONITO ,205120001044,CENTRO EDUCATIVO RURAL SANTA INES DEL MONTE,5120,CACERES,Bajo Cauca,CORPOEDUCACIÓN,,
20512000036601,COLEGIO AURELIO MEJIA,205120000366,I. E. AURELIO MEJIA,5120,CACERES,Bajo Cauca,CORPOEDUCACIÓN,,
20512000036602,E R ASTURIAS,205120000366,I. E. AURELIO MEJIA,5120,CACERES,Bajo Cauca,CORPOEDUCACIÓN,https://drive.google.com/file/d/1TDE4esooW5Shv3C0_yYviZZW2QG6yjpJ/view?usp=sharing,
20512000036604,E R LOS COMUNEROS,205120000366,I. E. AURELIO MEJIA,5120,CACERES,Bajo Cauca,CORPOEDUCACIÓN,https://drive.google.com/file/d/1_UjrBflQOK4ZmC5KSh6Pp4nFCAzqJVvQ/view?usp=sharing,
20512000036605,E R SAN JUDAS,205120000366,I. E. AURELIO MEJIA,5120,CACERES,Bajo Cauca,CORPOEDUCACIÓN,https://drive.google.com/file/d/1qEcY-G2VR5Wm2gdDiD2P0fzEpgBcPZ3E/view?usp=sharing,
20512000036606,E R SAN LORENZO,205120000366,I. E. AURELIO MEJIA,5120,CACERES,Bajo Cauca,CORPOEDUCACIÓN,,
20512000143503,E R LA CEIBA ,205120001435,I. E. GASPAR DE RODAS,5120,CACERES,Bajo Cauca,CORPOEDUCACIÓN,,
20512000143502,E U JARDIN ,205120001435,I. E. GASPAR DE RODAS,5120,CACERES,Bajo Cauca,CORPOEDUCACIÓN,https://drive.google.com/file/d/10pRYC-XnoT-hOvhxG_E1GxBOK5-hZ4qA/view?usp=sharing,
20512000143501,LICEO GASPAR DE RODAS,205120001435,I. E. GASPAR DE RODAS,5120,CACERES,Bajo Cauca,CORPOEDUCACIÓN,,
20512000008101,COLEGIO GUARUMO,205120000081,I. E. GUARUMO,5120,CACERES,Bajo Cauca,CORPOEDUCACIÓN,,
20512000008105,COLEGIO PUENTE RIO MAN,205120000081,I. E. GUARUMO,5120,CACERES,Bajo Cauca,CORPOEDUCACIÓN,https://drive.google.com/file/d/1O15RkXvlpX-gSiKprokjFAx-U0R952lT/view?usp=sharing,
20512000031504,E. R. NICARAGUA ,205120000315,I. E. MANIZALES,5120,CACERES,Bajo Cauca,CORPOEDUCACIÓN,,
20512000031503,E. R. SANTA LUCIA ,205120000315,I. E. MANIZALES,5120,CACERES,Bajo Cauca,CORPOEDUCACIÓN,,
20512000031501,E. U. MANIZALES,205120000315,I. E. MANIZALES,5120,CACERES,Bajo Cauca,CORPOEDUCACIÓN,,
20512000039105,C.E.R LA GRANJA,205120000391,I. E. PIAMONTE,5120,CACERES,Bajo Cauca,CORPOEDUCACIÓN,https://drive.google.com/file/d/1aHvUNDwQvIkaLnynyebNoSjkQC_V13QQ/view?usp=sharing,
20512000039103,C.E.R. SAN MATIAS,205120000391,I. E. PIAMONTE,5120,CACERES,Bajo Cauca,CORPOEDUCACIÓN,https://drive.google.com/file/d/1aiZsq_odzenNIsFvaxeau7PHS0SGry7V/view?usp=sharing,
20512000039101,COLEGIO PIAMONTE,205120000391,I. E. PIAMONTE,5120,CACERES,Bajo Cauca,CORPOEDUCACIÓN,https://drive.google.com/file/d/1fMlN8MG8gC3NQyyTC2YJuWJyI2kOLErD/view?usp=sharing,
20512000039102,E. R. AGUA LINDA ,205120000391,I. E. PIAMONTE,5120,CACERES,Bajo Cauca,CORPOEDUCACIÓN,,
20512000039106,EL CACUCHO,205120000391,I. E. PIAMONTE,5120,CACERES,Bajo Cauca,CORPOEDUCACIÓN,,
20512000035808,C.E R BEJUQUILLO,205120000358,I.E.R. EL TIGRE,5120,CACERES,Bajo Cauca,CORPOEDUCACIÓN,,
20512000035811,C.E.R ANARA,205120000358,I.E.R. EL TIGRE,5120,CACERES,Bajo Cauca,CORPOEDUCACIÓN,https://drive.google.com/file/d/1ispq4W5-6yxF4maKnjNhwBVs19Fd5-Ir/view?usp=sharing,
20512000035807,C.E.R PELADERO,205120000358,I.E.R. EL TIGRE,5120,CACERES,Bajo Cauca,CORPOEDUCACIÓN,,
20512000035814,C.E.R. EL DIAMANTE,205120000358,I.E.R. EL TIGRE,5120,CACERES,Bajo Cauca,CORPOEDUCACIÓN,,
20512000035813,C.E.R. SAN PABLO,205120000358,I.E.R. EL TIGRE,5120,CACERES,Bajo Cauca,CORPOEDUCACIÓN,,
20512000035803,E R ALTO TAMANA,205120000358,I.E.R. EL TIGRE,5120,CACERES,Bajo Cauca,CORPOEDUCACIÓN,,
20512000035802,E R EL CALVARIO,205120000358,I.E.R. EL TIGRE,5120,CACERES,Bajo Cauca,CORPOEDUCACIÓN,https://drive.google.com/file/d/1hHIKBDwysid6XP1sxulJ6c0_zQBiCZwC/view?usp=sharing,
20512000035804,E R ESPIRITU SANTO,205120000358,I.E.R. EL TIGRE,5120,CACERES,Bajo Cauca,CORPOEDUCACIÓN,https://drive.google.com/file/d/1Mc3t5cMJqy7arFijHwZFTxiB0j8T3nE4/view?usp=sharing,
20512000035805,E R I MURIBA,205120000358,I.E.R. EL TIGRE,5120,CACERES,Bajo Cauca,CORPOEDUCACIÓN,,
20512000035810,E R I SAN JUAN DE LOS CUATRO MORROS,205120000358,I.E.R. EL TIGRE,5120,CACERES,Bajo Cauca,CORPOEDUCACIÓN,,
20512000035809,E R LA ALCANCIA,205120000358,I.E.R. EL TIGRE,5120,CACERES,Bajo Cauca,CORPOEDUCACIÓN,https://drive.google.com/file/d/1FdGJX-g6gAxDRyKKMkF5AV_2-bobont_/view?usp=sharing,
20512000035806,ESCUELA LA FLORESTA,205120000358,I.E.R. EL TIGRE,5120,CACERES,Bajo Cauca,CORPOEDUCACIÓN,https://drive.google.com/file/d/1fTRz3NXcpsyGzFIdc7kvvU0Cvr_Fm-P1/view?usp=sharing,
20512000035812,ESCUELA SAN FRANCISCO,205120000358,I.E.R. EL TIGRE,5120,CACERES,Bajo Cauca,CORPOEDUCACIÓN,,
20512000035801,I. E. R. EL TIGRE,205120000358,I.E.R. EL TIGRE,5120,CACERES,Bajo Cauca,CORPOEDUCACIÓN,,
10512000034504,BUENOS AIRES,105120000345,INSTITUCION EDUCATIVA MONSEÑOR GERARDO PATIÑO,5120,CACERES,Bajo Cauca,CORPOEDUCACIÓN,,
10512000034501,LICEO CACERES,105120000345,INSTITUCION EDUCATIVA MONSEÑOR GERARDO PATIÑO,5120,CACERES,Bajo Cauca,CORPOEDUCACIÓN,,
10512000034502,ROMUALDO GALLEGO TORO,105120000345,INSTITUCION EDUCATIVA MONSEÑOR GERARDO PATIÑO,5120,CACERES,Bajo Cauca,CORPOEDUCACIÓN,,
20515400012805,BARRIO CHINO,205154000128,CENTRO EDUCATIVO RURAL RIVERAS DEL CAUCA,5154,CAUCASIA,Bajo Cauca,CORPOEDUCACIÓN,https://drive.google.com/file/d/19Rln-UEcLovjKJ9xZQ4qASFDkwQh7hkV/view?usp=sharing,
20515400012801,C. E. R. RIVERAS DEL CAUCA,205154000128,CENTRO EDUCATIVO RURAL RIVERAS DEL CAUCA,5154,CAUCASIA,Bajo Cauca,CORPOEDUCACIÓN,https://drive.google.com/file/d/1rO9eWWV00QeeHEA8CMXDtUvJq-pvNqjK/view?usp=sharing,
20515400012804,LA ESMERALDA,205154000128,CENTRO EDUCATIVO RURAL RIVERAS DEL CAUCA,5154,CAUCASIA,Bajo Cauca,CORPOEDUCACIÓN,,
20515400012803,LA ILUSION,205154000128,CENTRO EDUCATIVO RURAL RIVERAS DEL CAUCA,5154,CAUCASIA,Bajo Cauca,CORPOEDUCACIÓN,https://drive.google.com/file/d/1VvkzRAowD5m-MpyRC2-KkWpnHhjFNztQ/view?usp=sharing,
20515400012807,LOS MEDIOS,205154000128,CENTRO EDUCATIVO RURAL RIVERAS DEL CAUCA,5154,CAUCASIA,Bajo Cauca,CORPOEDUCACIÓN,,
20515400012808,RIO VIEJO,205154000128,CENTRO EDUCATIVO RURAL RIVERAS DEL CAUCA,5154,CAUCASIA,Bajo Cauca,CORPOEDUCACIÓN,https://drive.google.com/file/d/1mqAtXw_7ESb1ABvl_VB-gCX9QezK4bHH/view?usp=sharing,
20515400012806,SANTIAGO CASTILLO,205154000128,CENTRO EDUCATIVO RURAL RIVERAS DEL CAUCA,5154,CAUCASIA,Bajo Cauca,CORPOEDUCACIÓN,https://drive.google.com/file/d/1HrgRZSoHNnMs8agOGu5DNaUnCK18YRFq/view?usp=sharing,
20515400101904,C. E. R. 20 DE JULIO,205154001019,E R VILLA FATIMA,5154,CAUCASIA,Bajo Cauca,CORPOEDUCACIÓN,https://drive.google.com/file/d/1UfNDwfrw3C1zf9XTKMjtRRcR9Mfb_taP/view?usp=sharing,
20515400101902,E R I LAS BATATAS,205154001019,E R VILLA FATIMA,5154,CAUCASIA,Bajo Cauca,CORPOEDUCACIÓN,https://drive.google.com/file/d/1aXSkmbUIULJ_2eCMZbSOHYZp0G68t5pw/view?usp=sharing,
20589500047805,E R I LUIS LOPEZ DE MESA,205154001019,E R VILLA FATIMA,5154,CAUCASIA,Bajo Cauca,CORPOEDUCACIÓN,,
20515400101907,E R I SANTA TERESITA,205154001019,E R VILLA FATIMA,5154,CAUCASIA,Bajo Cauca,CORPOEDUCACIÓN,https://drive.google.com/file/d/15czNqsViMbHwZGhqDmGwZC5BWDuYCaKW/view?usp=sharing,
20515400101906,E R JOSE ANTONIO PAEZ,205154001019,E R VILLA FATIMA,5154,CAUCASIA,Bajo Cauca,CORPOEDUCACIÓN,https://drive.google.com/file/d/1PPKshmiJ5zq1oYY2CJB4ewIIZb9eBXU0/view?usp=sharing,
20515400101908,E R LA GARRAPATA,205154001019,E R VILLA FATIMA,5154,CAUCASIA,Bajo Cauca,CORPOEDUCACIÓN,,
20515400101909,E R QUEBRADONA,205154001019,E R VILLA FATIMA,5154,CAUCASIA,Bajo Cauca,CORPOEDUCACIÓN,https://drive.google.com/file/d/1UXP7M2e81nhMdtUfwFekLzHKh-Hyu8ep/view?usp=sharing,
20515400101901,E R VILLA FATIMA,205154001019,E R VILLA FATIMA,5154,CAUCASIA,Bajo Cauca,CORPOEDUCACIÓN,,
20515400101903,ER LA JAGUA,205154001019,E R VILLA FATIMA,5154,CAUCASIA,Bajo Cauca,CORPOEDUCACIÓN,,
10515400227401,I. E. ESCUELA NORMAL SUPERIOR DEL BAJO CAUCA,105154002274,I. E. ESCUELA NORMAL SUPERIOR DEL BAJO CAUCA,5154,CAUCASIA,Bajo Cauca,CORPOEDUCACIÓN,https://drive.google.com/file/d/1LUW1WOB9UkW_rlF55EKLMsUt_AtVNbDp/view?usp=sharing,
10515400075102,E U I SAN RAFAEL,105154000751,I. E. LA MISERICORDIA,5154,CAUCASIA,Bajo Cauca,CORPOEDUCACIÓN,,
10515400075102,E U I SAN RAFAEL,105154000751,I. E. LA MISERICORDIA,5154,CAUCASIA,Bajo Cauca,CORPOEDUCACIÓN,,
10515400075101,E U LA MISERICORDIA,105154000751,I. E. LA MISERICORDIA,5154,CAUCASIA,Bajo Cauca,CORPOEDUCACIÓN,,
20515400201501,LICEO CONCEJO MUNICIPAL,205154002015,I. E. LICEO CONCEJO MUNICIPAL,5154,CAUCASIA,Bajo Cauca,CORPOEDUCACIÓN,https://drive.google.com/file/d/10VHeY3BkZxpC0pIVchWbp65DVVEJaZc7/view?usp=sharing,
10515400040901,E U MARCO FIDEL SUAREZ,105154000409,I. E. MARCO FIDEL SUAREZ,5154,CAUCASIA,Bajo Cauca,CORPOEDUCACIÓN,https://drive.google.com/file/d/1_6xiZY8v_smvmnW6lq7wqo1Vk4zuslAh/view?usp=sharing,
20515400099309,C. E. R. CRISTO SALVADOR,205154000993,I. E. R. KILOMETRO 18,5154,CAUCASIA,Bajo Cauca,CORPOEDUCACIÓN,,
20515400099311,CORRALES NEGROS,205154000993,I. E. R. KILOMETRO 18,5154,CAUCASIA,Bajo Cauca,CORPOEDUCACIÓN,https://drive.google.com/file/d/1go5EwamNXrrxrTNXcwQddZtO44r274GF/view?usp=sharing,
20515400099307,E R EL BRASIL,205154000993,I. E. R. KILOMETRO 18,5154,CAUCASIA,Bajo Cauca,CORPOEDUCACIÓN,,
20515400099302,E R EL CORCOVADO,205154000993,I. E. R. KILOMETRO 18,5154,CAUCASIA,Bajo Cauca,CORPOEDUCACIÓN,,
20515400099305,E R I LAS MERCEDES,205154000993,I. E. R. KILOMETRO 18,5154,CAUCASIA,Bajo Cauca,CORPOEDUCACIÓN,,
20515400099306,E R I SANTO DOMINGO,205154000993,I. E. R. KILOMETRO 18,5154,CAUCASIA,Bajo Cauca,CORPOEDUCACIÓN,https://drive.google.com/file/d/1EsKOpPHgjGwzORFloQLhecJ2dnVZhF0b/view?usp=sharing,
20515400099313,E R LAS PARCELAS,205154000993,I. E. R. KILOMETRO 18,5154,CAUCASIA,Bajo Cauca,CORPOEDUCACIÓN,https://drive.google.com/file/d/1m9QucCV92BhlMIv9ohvxgD6n0p4GnRs6/view?usp=sharing,
20515400099314,E R SANTO TOMAS DE AQUINO,205154000993,I. E. R. KILOMETRO 18,5154,CAUCASIA,Bajo Cauca,CORPOEDUCACIÓN,https://drive.google.com/file/d/1usOxmy30ne8ddrK683RH3d69qW04OGPQ/view?usp=sharing,
20515400099310,E.R. SANTA INÉS,205154000993,I. E. R. KILOMETRO 18,5154,CAUCASIA,Bajo Cauca,CORPOEDUCACIÓN,,
20515400099312,EL TORO,205154000993,I. E. R. KILOMETRO 18,5154,CAUCASIA,Bajo Cauca,CORPOEDUCACIÓN,,
20515400099301,I. E. R. KILOMETRO 18,205154000993,I. E. R. KILOMETRO 18,5154,CAUCASIA,Bajo Cauca,CORPOEDUCACIÓN,https://drive.google.com/file/d/1Sj51MSKCbFztRGKtcHYOtcibx-xWZ1au/view?usp=sharing,
20515400129901,C. E. R. NO HAY COMO DIOS,205154001299,I. E. R. NO HAY COMO DIOS,5154,CAUCASIA,Bajo Cauca,CORPOEDUCACIÓN,https://drive.google.com/file/d/1TvJm87HudFciPCrviVpLULGgDMAhDbTA/view?usp=sharing,
20515400129911,C. E. R. SANTA ELENA,205154001299,I. E. R. NO HAY COMO DIOS,5154,CAUCASIA,Bajo Cauca,CORPOEDUCACIÓN,https://drive.google.com/file/d/1iz4dlJ_jKb0WQC-uvF5Vf94h3SP774-I/view?usp=sharing,
20515400129903,E R EL PARAISO,205154001299,I. E. R. NO HAY COMO DIOS,5154,CAUCASIA,Bajo Cauca,CORPOEDUCACIÓN,,
20515400129904,E R I BLAS DE LEZO,205154001299,I. E. R. NO HAY COMO DIOS,5154,CAUCASIA,Bajo Cauca,CORPOEDUCACIÓN,,
20515400129905,E R I CRISTO VIVE,205154001299,I. E. R. NO HAY COMO DIOS,5154,CAUCASIA,Bajo Cauca,CORPOEDUCACIÓN,,
20515400129909,E R LA GLORIA (D),205154001299,I. E. R. NO HAY COMO DIOS,5154,CAUCASIA,Bajo Cauca,CORPOEDUCACIÓN,https://drive.google.com/file/d/1wIMwYXrl34JsF5q4Xxgpz6qUZyc3Frn4/view?usp=sharing,
20515400129908,E R LA REVERSA,205154001299,I. E. R. NO HAY COMO DIOS,5154,CAUCASIA,Bajo Cauca,CORPOEDUCACIÓN,https://drive.google.com/file/d/1LsqkcBA3ha_XhSf8QerZ0EIMxbSt1BkF/view?usp=sharing,
20515400129910,E R SAN AGATON,205154001299,I. E. R. NO HAY COMO DIOS,5154,CAUCASIA,Bajo Cauca,CORPOEDUCACIÓN,https://drive.google.com/file/d/1WexqvRvFnMphnpBDhApJpUp9dqghgdXg/view?usp=sharing,
20515400043803,E R ANTIOQUIA LA GRANDE,205154000438,I. E. R. SANTA ROSITA,5154,CAUCASIA,Bajo Cauca,CORPOEDUCACIÓN,,
20515400043802,E R LA VIRGEN,205154000438,I. E. R. SANTA ROSITA,5154,CAUCASIA,Bajo Cauca,CORPOEDUCACIÓN,https://drive.google.com/file/d/172IIxyxr0qCYg0yukOjyHNjZ9QagCohh/view?usp=sharing,
20515400043801,I. E. R. SANTA ROSITA,205154000438,I. E. R. SANTA ROSITA,5154,CAUCASIA,Bajo Cauca,CORPOEDUCACIÓN,https://drive.google.com/file/d/1YKYpm_xG-7HL88HPsFkSCg-H0IBLq1mv/view?usp=sharing,
20515400159101,I.E.R LAS MALVINAS,205154001591,I.E.R. LAS MALVINAS,5154,CAUCASIA,Bajo Cauca,CORPOEDUCACIÓN,,
20515400159101,I.E.R LAS MALVINAS,205154001591,I.E.R. LAS MALVINAS,5154,CAUCASIA,Bajo Cauca,CORPOEDUCACIÓN,https://drive.google.com/file/d/1lW7AR4HlMIIx-n3s7tyVHjIWCpBzdAoR/view?usp=sharing,
10515400188001,COLEGIO DIVINO NIÑO,105154001880,INSTITUCION EDUCATIVA DIVINO NIÑO,5154,CAUCASIA,Bajo Cauca,CORPOEDUCACIÓN,,
10515400188003,E U CARACOLI,105154001880,INSTITUCION EDUCATIVA DIVINO NIÑO,5154,CAUCASIA,Bajo Cauca,CORPOEDUCACIÓN,https://drive.google.com/file/d/1rPA17tFdgvrk44zo9ATnfibEwi_u-XqL/view?usp=sharing,
10515400188004,SAN JOSE,105154001880,INSTITUCION EDUCATIVA DIVINO NIÑO,5154,CAUCASIA,Bajo Cauca,CORPOEDUCACIÓN,https://drive.google.com/file/d/1wQE5Qo6Ar1T566VV8nuPIOwdyYU_peSG/view?usp=sharing,
10515400030101,LICEO CAUCASIA 1A. AGRUPACION,105154000301,INSTITUCION EDUCATIVA LICEO CAUCASIA,5154,CAUCASIA,Bajo Cauca,CORPOEDUCACIÓN,https://drive.google.com/file/d/1fZbTobcY644-iVqYtSsXBwwDtu_G3pNj/view?usp=sharing,
20515400089608,C E R LA UNION ,205154000896,INSTITUCION EDUCATIVA RURAL MARGENTO,5154,CAUCASIA,Bajo Cauca,CORPOEDUCACIÓN,,
20515400089606,E R I LA TRINIDAD,205154000896,INSTITUCION EDUCATIVA RURAL MARGENTO,5154,CAUCASIA,Bajo Cauca,CORPOEDUCACIÓN,,
20515400089607,E R I VILLA DEL SOCORRO,205154000896,INSTITUCION EDUCATIVA RURAL MARGENTO,5154,CAUCASIA,Bajo Cauca,CORPOEDUCACIÓN,https://drive.google.com/file/d/1s3qtx1Ka4rFabQyI3NjosibbV9BOHl4j/view?usp=sharing,
20515400089603,E R RISARALDA,205154000896,INSTITUCION EDUCATIVA RURAL MARGENTO,5154,CAUCASIA,Bajo Cauca,CORPOEDUCACIÓN,https://drive.google.com/file/d/1iQ-tG7cdbRMdzncYN7o2C-PvAVU6LNK3/view?usp=sharing,
20515400089605,E R SANTA ISABEL,205154000896,INSTITUCION EDUCATIVA RURAL MARGENTO,5154,CAUCASIA,Bajo Cauca,CORPOEDUCACIÓN,,
20515400089601,INSTITUCION EDUCATIVA RURAL MARGENTO,205154000896,INSTITUCION EDUCATIVA RURAL MARGENTO,5154,CAUCASIA,Bajo Cauca,CORPOEDUCACIÓN,https://drive.google.com/file/d/1OCjeKRpHJeoGyNmfCWHc1CkHByHzgAJw/view?usp=sharing,
10515400029802,E U CAUCASIA ,105154000298,INSTITUCION EDUCATIVA SANTA TERESITA,5154,CAUCASIA,Bajo Cauca,CORPOEDUCACIÓN,https://drive.google.com/file/d/1PL-k65fpKuw8zjifYYzcwkWd3TM7pVuU/view?usp=sharing,
10515400029801,I. E. SANTA TERESITA,105154000298,INSTITUCION EDUCATIVA SANTA TERESITA,5154,CAUCASIA,Bajo Cauca,CORPOEDUCACIÓN,,
10515400028002,EL CAMELLO,105154000280,INSTITUCION EDUCATIVA SANTO DOMINGO,5154,CAUCASIA,Bajo Cauca,CORPOEDUCACIÓN,,
10515400028002,EL CAMELLO,105154000280,INSTITUCION EDUCATIVA SANTO DOMINGO,5154,CAUCASIA,Bajo Cauca,CORPOEDUCACIÓN,https://drive.google.com/file/d/1MbTyUKp5RXDhis_TeVr3XoiigAEvKMMv/view?usp=sharing,
10515400028001,I. E. SANTO DOMINGO,105154000280,INSTITUCION EDUCATIVA SANTO DOMINGO,5154,CAUCASIA,Bajo Cauca,CORPOEDUCACIÓN,https://drive.google.com/file/d/1Xie3CXd84qFxfGcSM7WGAloasi2Kykmb/view?usp=sharing,
20515400022503,E R APARTADA,205154000225,INSTITUCIÓN EDUCATIVA RURAL CACERI,5154,CAUCASIA,Bajo Cauca,CORPOEDUCACIÓN,https://drive.google.com/file/d/1T_1IAMYbg96z7dDtBRl-TevqIUgf9yOB/view?usp=sharing,
20515400022502,E R I ALTO CACERI,205154000225,INSTITUCIÓN EDUCATIVA RURAL CACERI,5154,CAUCASIA,Bajo Cauca,CORPOEDUCACIÓN,,
20515400022501,I. E. R. CACERI,205154000225,INSTITUCIÓN EDUCATIVA RURAL CACERI,5154,CAUCASIA,Bajo Cauca,CORPOEDUCACIÓN,,
20515400097704,E R I LA DESCONOCIDA,205154000977,INSTITUCIÓN EDUCATIVA RURAL CUTURU,5154,CAUCASIA,Bajo Cauca,CORPOEDUCACIÓN,,
20515400097703,E R LOS LAURELES,205154000977,INSTITUCIÓN EDUCATIVA RURAL CUTURU,5154,CAUCASIA,Bajo Cauca,CORPOEDUCACIÓN,,
20515400097701,I. E. R CUTURU,205154000977,INSTITUCIÓN EDUCATIVA RURAL CUTURU,5154,CAUCASIA,Bajo Cauca,CORPOEDUCACIÓN,https://drive.google.com/file/d/1lLE98QrKsRWg6Tb7IgV7XirJ8fdVT_w1/view?usp=sharing,
20525000059709,C. E. R. BORRACHERA,205250000597,C. E. R. EL REAL,5250,EL BAGRE,Bajo Cauca,CORPOEDUCACIÓN,https://drive.google.com/file/d/1A4FFRg8QwkHty6SnMQ9GIz_gqKoIXFlR/view?usp=sharing,
20525000059701,C. E. R. EL REAL,205250000597,C. E. R. EL REAL,5250,EL BAGRE,Bajo Cauca,CORPOEDUCACIÓN,https://drive.google.com/file/d/15CJydDCxpYLW9AWhUW3WoTO9eaL_Myp_/view?usp=sharing,
20525000059707,C. E. R. LAS DANTAS,205250000597,C. E. R. EL REAL,5250,EL BAGRE,Bajo Cauca,CORPOEDUCACIÓN,https://drive.google.com/file/d/1pAC4iiPrQXFizWavwrhEDvYTjrS0V2P9/view?usp=sharing,
20525000059702,C. E. R. LOS AGUACATES,205250000597,C. E. R. EL REAL,5250,EL BAGRE,Bajo Cauca,CORPOEDUCACIÓN,,
20525000059704,C. E. R. LUIS CANO,205250000597,C. E. R. EL REAL,5250,EL BAGRE,Bajo Cauca,CORPOEDUCACIÓN,,
20525000059708,C. E. R. QUEBRADA BAMBA,205250000597,C. E. R. EL REAL,5250,EL BAGRE,Bajo Cauca,CORPOEDUCACIÓN,https://drive.google.com/file/d/1_owQA_5FpMRuvrfkLyCvGtHFuBBUV5kn/view?usp=sharing,
20525000059705,C. E. R. SANTA ISABEL,205250000597,C. E. R. EL REAL,5250,EL BAGRE,Bajo Cauca,CORPOEDUCACIÓN,,
20525000059703,C. E. R. VILLA ABAJO,205250000597,C. E. R. EL REAL,5250,EL BAGRE,Bajo Cauca,CORPOEDUCACIÓN,,
20525000059706,LA YE,205250000597,C. E. R. EL REAL,5250,EL BAGRE,Bajo Cauca,CORPOEDUCACIÓN,,
10525000097501,COLEGIO VEINTE DE JULIO,105250000975,I. E. 20 DE JULIO,5250,EL BAGRE,Bajo Cauca,CORPOEDUCACIÓN,,
10525000097502,E U I EL PORVENIR,105250000975,I. E. 20 DE JULIO,5250,EL BAGRE,Bajo Cauca,CORPOEDUCACIÓN,,
10525000097503,E U I EL PROGRESO,105250000975,I. E. 20 DE JULIO,5250,EL BAGRE,Bajo Cauca,CORPOEDUCACIÓN,,
10525000097504,E.U. LOS COMODATOS,105250000975,I. E. 20 DE JULIO,5250,EL BAGRE,Bajo Cauca,CORPOEDUCACIÓN,,
10525000097505,LA PAZ,105250000975,I. E. 20 DE JULIO,5250,EL BAGRE,Bajo Cauca,CORPOEDUCACIÓN,,
10525000018501,I. E. BIJAO,105250000185,I. E. BIJAO,5250,EL BAGRE,Bajo Cauca,CORPOEDUCACIÓN,,
10525000016903,E U I PORTUGAL,105250000169,I. E. EL BAGRE,5250,EL BAGRE,Bajo Cauca,SIN FRONTERAS,,
10525000016903,E U I PORTUGAL,105250000169,I. E. EL BAGRE,5250,EL BAGRE,Bajo Cauca,SIN FRONTERAS,,
10525000016901,LICEO EL BAGRE,105250000169,I. E. EL BAGRE,5250,EL BAGRE,Bajo Cauca,SIN FRONTERAS,,
10525000093203,C.E.R CORONCORO,105250000932,I. E. LA ESMERALDA,5250,EL BAGRE,Bajo Cauca,CORPOEDUCACIÓN,https://drive.google.com/file/d/1a7RMn5_Rdvaag-mPLzCsH__q40U2qKSN/view?usp=sharing,
10525000093204,C.E.R PINDORA,105250000932,I. E. LA ESMERALDA,5250,EL BAGRE,Bajo Cauca,CORPOEDUCACIÓN,https://drive.google.com/file/d/1S07uGHU0ydhfUtxSsBxOKqWQ9E4ieu8m/view?usp=sharing,
10525000093201,COLEGIO LA ESMERALDA,105250000932,I. E. LA ESMERALDA,5250,EL BAGRE,Bajo Cauca,CORPOEDUCACIÓN,,
10525000093202,E U I NUEVA GRANADA,105250000932,I. E. LA ESMERALDA,5250,EL BAGRE,Bajo Cauca,CORPOEDUCACIÓN,,
10525000033901,COLEGIO LAS DELICIAS,105250000339,I. E. LAS DELICIAS,5250,EL BAGRE,Bajo Cauca,CORPOEDUCACIÓN,,
10525000033902,E U I LA VEGA,105250000339,I. E. LAS DELICIAS,5250,EL BAGRE,Bajo Cauca,CORPOEDUCACIÓN,,
20525000002304,E U PUERTO CLAVER,205250000023,I. E. R. PUERTO CLAVER,5250,EL BAGRE,Bajo Cauca,CORPOEDUCACIÓN,https://drive.google.com/file/d/1Vh1MqvpW4j9FTI5HEuR8Y89mebophqBx/view?usp=sharing,
20525000002308,EL CASTILLO,205250000023,I. E. R. PUERTO CLAVER,5250,EL BAGRE,Bajo Cauca,CORPOEDUCACIÓN,https://drive.google.com/file/d/1xMpk6QHl-w25wdguEdJ9OJoPaqSNl7MN/view?usp=sharing,
20525000002302,LA RICA,205250000023,I. E. R. PUERTO CLAVER,5250,EL BAGRE,Bajo Cauca,CORPOEDUCACIÓN,,
20525000002301,LICEO PUERTO CLAVER,205250000023,I. E. R. PUERTO CLAVER,5250,EL BAGRE,Bajo Cauca,CORPOEDUCACIÓN,,
20525000002303,SANTA MARGARITA,205250000023,I. E. R. PUERTO CLAVER,5250,EL BAGRE,Bajo Cauca,CORPOEDUCACIÓN,https://drive.google.com/file/d/1XDA8igG_t1UdNOin16GUgkS9sTfPWHn8/view?usp=sharing,
20525000002310,SANTA TERESA,205250000023,I. E. R. PUERTO CLAVER,5250,EL BAGRE,Bajo Cauca,CORPOEDUCACIÓN,,
20525000173901,COLEGIO PUERTO LOPEZ,205250001739,I. E. R. PUERTO LOPEZ,5250,EL BAGRE,Bajo Cauca,CORPOEDUCACIÓN,https://drive.google.com/file/d/12ubtlpCfJNkw6qE_gN_E7LG_0rnleQYx/view?usp=sharing,
20525000173905,E R I BOCAS DE LAS NEGRAS,205250001739,I. E. R. PUERTO LOPEZ,5250,EL BAGRE,Bajo Cauca,CORPOEDUCACIÓN,,
20525000173902,E R LAS NEGRITAS,205250001739,I. E. R. PUERTO LOPEZ,5250,EL BAGRE,Bajo Cauca,CORPOEDUCACIÓN,,
20525000173907,LA CAPILLA,205250001739,I. E. R. PUERTO LOPEZ,5250,EL BAGRE,Bajo Cauca,CORPOEDUCACIÓN,https://drive.google.com/file/d/1AYBlSGJt_UwaVE_RfEPRjrNwodiC3FC1/view?usp=sharing,
20525000173908,VILLA GRANDE,205250001739,I. E. R. PUERTO LOPEZ,5250,EL BAGRE,Bajo Cauca,CORPOEDUCACIÓN,,
20549500005305,C. E. R. POPALES,205495000053,I. E. COLORADO,5495,NECHI,Bajo Cauca,CORPOEDUCACIÓN,,
20549500005301,COLEGIO COLORADO,205495000053,I. E. COLORADO,5495,NECHI,Bajo Cauca,CORPOEDUCACIÓN,https://drive.google.com/file/d/1rmn82EoRYXJYLxvGkzS1mqXDU_dLBGm2/view?usp=sharing,
20549500005304,E R CAÑO PESCADO,205495000053,I. E. COLORADO,5495,NECHI,Bajo Cauca,CORPOEDUCACIÓN,,
20549500005303,E R I LONDRES,205495000053,I. E. COLORADO,5495,NECHI,Bajo Cauca,CORPOEDUCACIÓN,https://drive.google.com/file/d/1XFY7kzNwXqQ6c4EudsdIPIJQDWY4hKiM/view?usp=sharing,
20549500005302,E R LA INMACULADA,205495000053,I. E. COLORADO,5495,NECHI,Bajo Cauca,CORPOEDUCACIÓN,,
10549500002401,COLEGIO DE NECHI,105495000024,I. E. NECHI,5495,NECHI,Bajo Cauca,SIN FRONTERAS,,
10549500002402,E U DIVINO NIÑO,105495000024,I. E. NECHI,5495,NECHI,Bajo Cauca,SIN FRONTERAS,,
10549500002403,E U NECHI,105495000024,I. E. NECHI,5495,NECHI,Bajo Cauca,SIN FRONTERAS,,
10549500002404,E U SAN NICOLAS,105495000024,I. E. NECHI,5495,NECHI,Bajo Cauca,SIN FRONTERAS,,
10549500002405,E U SANTA LUCIA,105495000024,I. E. NECHI,5495,NECHI,Bajo Cauca,SIN FRONTERAS,,
10549500002406,ESCUELA URBANA ASOMADEN,105495000024,I. E. NECHI,5495,NECHI,Bajo Cauca,SIN FRONTERAS,,
10549500002406,ESCUELA URBANA ASOMADEN,105495000024,I. E. NECHI,5495,NECHI,Bajo Cauca,SIN FRONTERAS,,
20549500009632,ALTO SAN PEDRO POZO DEL TIGRE,205495000096,I.E.R TRINIDAD ARRIBA,5495,NECHI,Bajo Cauca,CORPOEDUCACIÓN,,
20549500009608,C. E. R. ALTO SAN PEDRO,205495000096,I.E.R TRINIDAD ARRIBA,5495,NECHI,Bajo Cauca,CORPOEDUCACIÓN,,
20549500009609,C. E. R. BELLA FATIMA,205495000096,I.E.R TRINIDAD ARRIBA,5495,NECHI,Bajo Cauca,CORPOEDUCACIÓN,,
20549500009603,C. E. R. FRAGUA ABAJO,205495000096,I.E.R TRINIDAD ARRIBA,5495,NECHI,Bajo Cauca,CORPOEDUCACIÓN,,
20549500009611,C. E. R. LA ESPERANZA,205495000096,I.E.R TRINIDAD ARRIBA,5495,NECHI,Bajo Cauca,CORPOEDUCACIÓN,https://drive.google.com/file/d/1nOUOGcq6FeR0-EkY1uA-lTPbXNmXkOK5/view?usp=sharing,
20549500009627,C. E. R. LA PLATA,205495000096,I.E.R TRINIDAD ARRIBA,5495,NECHI,Bajo Cauca,CORPOEDUCACIÓN,,
20549500009604,C. E. R. LAS FLORES,205495000096,I.E.R TRINIDAD ARRIBA,5495,NECHI,Bajo Cauca,CORPOEDUCACIÓN,https://drive.google.com/file/d/1mAGsUR_57ZV2p5_gE19pc_YegEsesUkz/view?usp=sharing,
20549500009615,C. E. R. MADRE DE DIOS,205495000096,I.E.R TRINIDAD ARRIBA,5495,NECHI,Bajo Cauca,CORPOEDUCACIÓN,,
20549500009612,C. E. R. MALA NOCHE,205495000096,I.E.R TRINIDAD ARRIBA,5495,NECHI,Bajo Cauca,CORPOEDUCACIÓN,,
20549500009613,C. E. R. MARIA DEL MAR,205495000096,I.E.R TRINIDAD ARRIBA,5495,NECHI,Bajo Cauca,CORPOEDUCACIÓN,,
20549500009614,C. E. R. PLATANAL,205495000096,I.E.R TRINIDAD ARRIBA,5495,NECHI,Bajo Cauca,CORPOEDUCACIÓN,https://drive.google.com/file/d/1WWwbGi_u4Mex3oPXKWn81ReKj2NsZCiD/view?usp=sharing,
20549500009616,C. E. R. SAN PABLO ABAJO,205495000096,I.E.R TRINIDAD ARRIBA,5495,NECHI,Bajo Cauca,CORPOEDUCACIÓN,,
20549500009617,C. E. R. SAN PABLO ARRIBA,205495000096,I.E.R TRINIDAD ARRIBA,5495,NECHI,Bajo Cauca,CORPOEDUCACIÓN,,
20549500009618,C. E. R. SAN PABLO MEDIO,205495000096,I.E.R TRINIDAD ARRIBA,5495,NECHI,Bajo Cauca,CORPOEDUCACIÓN,https://drive.google.com/file/d/1JCIWhtpigHwv19v3TKxkS5R9771YkNL2/view?usp=sharing,
20549500009619,C. E. R. SAN PEDRO ABAJO,205495000096,I.E.R TRINIDAD ARRIBA,5495,NECHI,Bajo Cauca,CORPOEDUCACIÓN,https://drive.google.com/file/d/1nOL1NNd6JBg1UZYuT53IQ5yiUT6eihy1/view?usp=sharing,
20549500009620,C. E. R. SAN PEDRO ARRIBA,205495000096,I.E.R TRINIDAD ARRIBA,5495,NECHI,Bajo Cauca,CORPOEDUCACIÓN,https://drive.google.com/file/d/1Jw0_OSVZJcLKObT9-8N-JmPCPqxddP-Q/view?usp=sharing,
20549500009621,C. E. R. SAN PEDRO MEDIO,205495000096,I.E.R TRINIDAD ARRIBA,5495,NECHI,Bajo Cauca,CORPOEDUCACIÓN,,
20549500009607,C. E. R. SANTA ELENA,205495000096,I.E.R TRINIDAD ARRIBA,5495,NECHI,Bajo Cauca,CORPOEDUCACIÓN,,
20549500009622,C. E. R. SANTA TERESITA,205495000096,I.E.R TRINIDAD ARRIBA,5495,NECHI,Bajo Cauca,CORPOEDUCACIÓN,,
20549500009626,C. E. R. TABOGA,205495000096,I.E.R TRINIDAD ARRIBA,5495,NECHI,Bajo Cauca,CORPOEDUCACIÓN,https://drive.google.com/file/d/1hDdZve8ikbNTcCSY3VslUY9yx4lR7Wj4/view?usp=sharing,
20549500009602,C. E. R. TRINIDAD ABAJO,205495000096,I.E.R TRINIDAD ARRIBA,5495,NECHI,Bajo Cauca,CORPOEDUCACIÓN,,
20549500009628,C.E.R. ISLA VERDE,205495000096,I.E.R TRINIDAD ARRIBA,5495,NECHI,Bajo Cauca,CORPOEDUCACIÓN,,
20549500009610,C.E.R. LA CEIBA,205495000096,I.E.R TRINIDAD ARRIBA,5495,NECHI,Bajo Cauca,CORPOEDUCACIÓN,https://drive.google.com/file/d/1lWSPh_lfiWKIvkExx_0rQf-k53Jfj9cz/view?usp=sharing,
20549500009623,C.E.R. QUEBRADA CIÉNAGA SAN PEDRO,205495000096,I.E.R TRINIDAD ARRIBA,5495,NECHI,Bajo Cauca,CORPOEDUCACIÓN,,
20549500009605,C.E.R. SANTA MARIA,205495000096,I.E.R TRINIDAD ARRIBA,5495,NECHI,Bajo Cauca,CORPOEDUCACIÓN,,
20549500009601,I.E.R TRINIDAD ARRIBA,205495000096,I.E.R TRINIDAD ARRIBA,5495,NECHI,Bajo Cauca,CORPOEDUCACIÓN,,
20549500009629,MORROPUTO,205495000096,I.E.R TRINIDAD ARRIBA,5495,NECHI,Bajo Cauca,CORPOEDUCACIÓN,,
20549500009630,SAN PABLO MEDIO PETACA,205495000096,I.E.R TRINIDAD ARRIBA,5495,NECHI,Bajo Cauca,CORPOEDUCACIÓN,,
20549500031202,BIJAGUAL,205495000312,INSTITUCION EDUCATIVA RURAL JORGE ELIECER GAITAN,5495,NECHI,Bajo Cauca,CORPOEDUCACIÓN,https://drive.google.com/file/d/1ueEyIdWu3JFPGmHGItlceBjxXGsehRo7/view?usp=sharing,
20549500031201,COLEGIO JORGE ELIECER GAITAN,205495000312,INSTITUCION EDUCATIVA RURAL JORGE ELIECER GAITAN,5495,NECHI,Bajo Cauca,CORPOEDUCACIÓN,https://drive.google.com/file/d/1wwkuuZoZMmTju3QBjeMfd6NVKuedvkWN/view?usp=sharing,
20549500031204,PUERTO GAITAN,205495000312,INSTITUCION EDUCATIVA RURAL JORGE ELIECER GAITAN,5495,NECHI,Bajo Cauca,CORPOEDUCACIÓN,,
20549500031203,QUEBRADA CIENAGA BIJAGUAL,205495000312,INSTITUCION EDUCATIVA RURAL JORGE ELIECER GAITAN,5495,NECHI,Bajo Cauca,CORPOEDUCACIÓN,,
20549500015103,E R EL CARMEN,205495000151,INSTITUCIÓN EDUCATIVA RURAL LA CONCHA,5495,NECHI,Bajo Cauca,CORPOEDUCACIÓN,https://drive.google.com/file/d/1UdrtF4IKRmaPGgRVDaXRaSvsm-4psVav/view?usp=sharing,
20549500015105,E R I LA POMPOSA,205495000151,INSTITUCIÓN EDUCATIVA RURAL LA CONCHA,5495,NECHI,Bajo Cauca,CORPOEDUCACIÓN,https://drive.google.com/file/d/1PkXYWQQWxUFeN3zPdOLL9xa5Fn6RCBi1/view?usp=sharing,
20549500015106,E R I PUERTO ASTILLA,205495000151,INSTITUCIÓN EDUCATIVA RURAL LA CONCHA,5495,NECHI,Bajo Cauca,CORPOEDUCACIÓN,https://drive.google.com/file/d/18H2egPdDNQ26iqj6F4Awunhmpr81RAfx/view?usp=sharing,
20549500015102,E R LA CONCEPCION,205495000151,INSTITUCIÓN EDUCATIVA RURAL LA CONCHA,5495,NECHI,Bajo Cauca,CORPOEDUCACIÓN,,
20549500015101,I. E. R. LA CONCHA,205495000151,INSTITUCIÓN EDUCATIVA RURAL LA CONCHA,5495,NECHI,Bajo Cauca,CORPOEDUCACIÓN,https://drive.google.com/file/d/1aQs7Cbhwow0LAQCv8oqpwmaKxuiaRPhC/view?usp=sharing,
20579000025101,C. E. R. CARLOS ARTURO QUINTERO,205790000251,C. E. R. CARLOS ARTURO QUINTERO,5790,TARAZA,Bajo Cauca,CORPOEDUCACIÓN,https://drive.google.com/file/d/1TJHRBUnD_DYq3aumKpFYTDxZEtCoIoji/view?usp=sharing,
20579000025105,C. E. R. DORADAS ALTO,205790000251,C. E. R. CARLOS ARTURO QUINTERO,5790,TARAZA,Bajo Cauca,CORPOEDUCACIÓN,https://drive.google.com/file/d/1SzNLdafcGbevfEgEyABEbNxeWa6_BeQS/view?usp=sharing,
20579000025103,C. E. R. EL TRES,205790000251,C. E. R. CARLOS ARTURO QUINTERO,5790,TARAZA,Bajo Cauca,CORPOEDUCACIÓN,,
20579000025106,C. E. R. LA PIPIOLA,205790000251,C. E. R. CARLOS ARTURO QUINTERO,5790,TARAZA,Bajo Cauca,CORPOEDUCACIÓN,https://drive.google.com/file/d/1GiMvPjKnLkIApLn19jbyVscQzhdljrJ4/view?usp=sharing,
20579000025104,C. E. R. PUERTO ANTIOQUIA,205790000251,C. E. R. CARLOS ARTURO QUINTERO,5790,TARAZA,Bajo Cauca,CORPOEDUCACIÓN,https://drive.google.com/file/d/1xCcXQjA1yN-BwMdVpC7o2zf_mrlcqhem/view?usp=sharing,
20579000025109,C. E. R. TAHAMI,205790000251,C. E. R. CARLOS ARTURO QUINTERO,5790,TARAZA,Bajo Cauca,CORPOEDUCACIÓN,,
20579000025108,C. E. R. TAMACO,205790000251,C. E. R. CARLOS ARTURO QUINTERO,5790,TARAZA,Bajo Cauca,CORPOEDUCACIÓN,,
20579000025102,C.E.R. LAS ACACIAS,205790000251,C. E. R. CARLOS ARTURO QUINTERO,5790,TARAZA,Bajo Cauca,CORPOEDUCACIÓN,,
20579000033201,I.E.R. MONTENEGRO,205790000332,I.E.R. MONTENEGRO,5790,TARAZA,Bajo Cauca,CORPOEDUCACIÓN,https://drive.google.com/file/d/1s7cFGkoQUZ8r5jD6G90YX8RZQrCxA7di/view?usp=sharing,
20579000023503,E R EL CINCO ,205790000235,INSTITUCION EDUCATIVA LA INMACULADA,5790,TARAZA,Bajo Cauca,CORPOEDUCACIÓN,,
20579000023502,E R EL NUEVE ,205790000235,INSTITUCION EDUCATIVA LA INMACULADA,5790,TARAZA,Bajo Cauca,CORPOEDUCACIÓN,,
20579000023501,I.E. LA INMACULADA,205790000235,INSTITUCION EDUCATIVA LA INMACULADA,5790,TARAZA,Bajo Cauca,CORPOEDUCACIÓN,https://drive.google.com/file/d/1Hcm3FxJKsL8zkLz-5rYr7L_fygey6kj0/view?usp=sharing,
20579000023504,PUQUI,205790000235,INSTITUCION EDUCATIVA LA INMACULADA,5790,TARAZA,Bajo Cauca,CORPOEDUCACIÓN,,
10579000018402,E U ANGEL AMABLE ARROYAVE,105790000184,INSTITUCION EDUCATIVA RAFAEL NUÑEZ,5790,TARAZA,Bajo Cauca,CORPOEDUCACIÓN,,
10579000018403,LAS PALMAS,105790000184,INSTITUCION EDUCATIVA RAFAEL NUÑEZ,5790,TARAZA,Bajo Cauca,CORPOEDUCACIÓN,https://drive.google.com/file/d/1D5RT6bcL5aA2LcEEVUeCdGQoIWnJYOYF/view?usp=sharing,
10579000018401,LICEO RAFAEL NUÑEZ,105790000184,INSTITUCION EDUCATIVA RAFAEL NUÑEZ,5790,TARAZA,Bajo Cauca,CORPOEDUCACIÓN,,
20579000108802,EL GUAIMARO,205790001088,INSTITUCION EDUCATIVA RURAL LA CAUCANA,5790,TARAZA,Bajo Cauca,CORPOEDUCACIÓN,,
20579000108801,I. E. R. LA CAUCANA,205790001088,INSTITUCION EDUCATIVA RURAL LA CAUCANA,5790,TARAZA,Bajo Cauca,CORPOEDUCACIÓN,https://drive.google.com/file/d/1GIcRbQLZFR_LMAe-eXv6QYKCo5WY36Ef/view?usp=sharing,
20579000108803,LA ESPERANZA,205790001088,INSTITUCION EDUCATIVA RURAL LA CAUCANA,5790,TARAZA,Bajo Cauca,CORPOEDUCACIÓN,https://drive.google.com/file/d/1qaOHjtp3E1278dVtXDiuTT4gLzEDrrPa/view?usp=sharing,
20579000108804,LA PALMERA,205790001088,INSTITUCION EDUCATIVA RURAL LA CAUCANA,5790,TARAZA,Bajo Cauca,CORPOEDUCACIÓN,,
20579000026008,LOS ANGELES,205790001088,INSTITUCION EDUCATIVA RURAL LA CAUCANA,5790,TARAZA,Bajo Cauca,CORPOEDUCACIÓN,,
20579000108807,QUINTERON,205790001088,INSTITUCION EDUCATIVA RURAL LA CAUCANA,5790,TARAZA,Bajo Cauca,CORPOEDUCACIÓN,,
20579000108809,SANTA CLARA,205790001088,INSTITUCION EDUCATIVA RURAL LA CAUCANA,5790,TARAZA,Bajo Cauca,CORPOEDUCACIÓN,,
20579000026005,TARAZA NORTE,205790001088,INSTITUCION EDUCATIVA RURAL LA CAUCANA,5790,TARAZA,Bajo Cauca,CORPOEDUCACIÓN,https://drive.google.com/file/d/1vDYB2nHBFSrU3_Stu_uU-4mzuJdQj1T1/view?usp=sharing,
10579000020601,COLEGIO ANTONIO ROLDAN BETANCUR,105790000206,INTITUCION EDUCATIVA ANTONIO ROLDAN BETANCUR,5790,TARAZA,Bajo Cauca,CORPOEDUCACIÓN,https://drive.google.com/file/d/1SZGF56Yp9VJyNin6grjwarEUaOOSSC9w/view?usp=sharing,
10579000020602,EDUARDO CORREA,105790000206,INTITUCION EDUCATIVA ANTONIO ROLDAN BETANCUR,5790,TARAZA,Bajo Cauca,CORPOEDUCACIÓN,https://drive.google.com/file/d/1Rl1srAh2UNZsQ0oAWvEz28f9UmNxDvSg/view?usp=sharing,
10589500009101,COLEGIO FRANCISCO DE PAULA SANTANDER,105895000091,I. E. FRANCISCO DE PAULA SANTANDER,5895,ZARAGOZA,Bajo Cauca,CORPOEDUCACIÓN,https://drive.google.com/file/d/119cQs8ue_I6WpgZiQcegNgg-UNnT5LnE/view?usp=sharing,
10589500009102,E U I SAN GREGORIO,105895000091,I. E. FRANCISCO DE PAULA SANTANDER,5895,ZARAGOZA,Bajo Cauca,CORPOEDUCACIÓN,https://drive.google.com/file/d/1TOTB_cau7-cUf1Vm8lJApxrJTNpOdkrd/view?usp=sharing,
10589500111901,I. E. LUIS FERNANDO RESTREPO RESTREPO,105895001119,I. E. LUIS FERNANDO RESTREPO RESTREPO,5895,ZARAGOZA,Bajo Cauca,CORPOEDUCACIÓN,https://drive.google.com/file/d/1F2_wq9a3JtCIcyzEjmEW8e3FghMsRW_Q/view?usp=sharing,
20589500173304,E R I  CIMARRONCITO,205895001733,I. E. R. CORDERO ICACAL,5895,ZARAGOZA,Bajo Cauca,CORPOEDUCACIÓN,https://drive.google.com/file/d/1GiFDVrYfgJb8aqaXEFQaW1qkyMlbzeHX/view?usp=sharing,
20589500173308,E R I EL DOCE,205895001733,I. E. R. CORDERO ICACAL,5895,ZARAGOZA,Bajo Cauca,CORPOEDUCACIÓN,https://drive.google.com/file/d/1cNY5s7LCHtZeDKuxEJ3xRPmlbc8A1pbR/view?usp=sharing,
20589500173311,E R I EL DOCE N° 2,205895001733,I. E. R. CORDERO ICACAL,5895,ZARAGOZA,Bajo Cauca,CORPOEDUCACIÓN,https://drive.google.com/file/d/1mzxFUUG6s7NIckFpOR1oW2MyoOKwwG7u/view?usp=sharing,
20589500173307,E R I SAN ALFONSO,205895001733,I. E. R. CORDERO ICACAL,5895,ZARAGOZA,Bajo Cauca,CORPOEDUCACIÓN,https://drive.google.com/file/d/196SoDQViHuwg9GryAYoi7-533_wzTnuj/view?usp=sharing,
20589500173302,E R LA ARENOSA,205895001733,I. E. R. CORDERO ICACAL,5895,ZARAGOZA,Bajo Cauca,CORPOEDUCACIÓN,https://drive.google.com/file/d/1eAHmICWBFXS-oOv5BCUsieIWPZ7uHOyJ/view?usp=sharing,
20589500173309,ERI CORDERITO,205895001733,I. E. R. CORDERO ICACAL,5895,ZARAGOZA,Bajo Cauca,CORPOEDUCACIÓN,https://drive.google.com/file/d/1JAT2LJ7ECUFTo8d66rsCXIRrk73BbO56/view?usp=sharing,
20589500173310,ERI LA VICTORIA,205895001733,I. E. R. CORDERO ICACAL,5895,ZARAGOZA,Bajo Cauca,CORPOEDUCACIÓN,,
20589500173301,I. E. R. CORDERO ICACAL,205895001733,I. E. R. CORDERO ICACAL,5895,ZARAGOZA,Bajo Cauca,CORPOEDUCACIÓN,https://drive.google.com/file/d/1AmOGKlZ4AyH32lS3WmCSfTfBQR4irE_z/view?usp=sharing,
20589500170901,I. E. R. EL SALTILLO,205895001709,I. E. R. EL SALTILLO,5895,ZARAGOZA,Bajo Cauca,CORPOEDUCACIÓN,https://drive.google.com/file/d/182-VWA53s_cnApy1ctd2j1M1c3UK0dCo/view?usp=sharing,
20589500035407,ARENALES,205895000354,I. E. R. VEGAS DE SEGOVIA,5895,ZARAGOZA,Bajo Cauca,CORPOEDUCACIÓN,https://drive.google.com/file/d/1Qx8irnY77XVjrR1b3v5WiuwEaTMGb809/view?usp=sharing,
20589500035411,E R I LA LINEA,205895000354,I. E. R. VEGAS DE SEGOVIA,5895,ZARAGOZA,Bajo Cauca,CORPOEDUCACIÓN,https://drive.google.com/file/d/1FbsazOZoF1eH8JfRQHvGSH8ytggCDqzI/view?usp=sharing,
20589500035405,E R I MAESTRO ESTEBAN CENTRAL,205895000354,I. E. R. VEGAS DE SEGOVIA,5895,ZARAGOZA,Bajo Cauca,CORPOEDUCACIÓN,,
20589500035408,E R I SAN JUAN DE POPALES,205895000354,I. E. R. VEGAS DE SEGOVIA,5895,ZARAGOZA,Bajo Cauca,CORPOEDUCACIÓN,https://drive.google.com/file/d/1Ejl59jJjcKEYZrMcBovkL5i_WuDKpsso/view?usp=sharing,
20589500035412,GERMANIA,205895000354,I. E. R. VEGAS DE SEGOVIA,5895,ZARAGOZA,Bajo Cauca,CORPOEDUCACIÓN,,
20589500035401,I. E. R. VEGAS DE SEGOVIA,205895000354,I. E. R. VEGAS DE SEGOVIA,5895,ZARAGOZA,Bajo Cauca,CORPOEDUCACIÓN,https://drive.google.com/file/d/1i_6H_Wrzxac--p8-4Cxik9z_FQZNliV-/view?usp=sharing,
20589500035413,LA ESPERANZA,205895000354,I. E. R. VEGAS DE SEGOVIA,5895,ZARAGOZA,Bajo Cauca,CORPOEDUCACIÓN,https://drive.google.com/file/d/1IszRqeNGudRafj6h_mFwwnFT-eiC2EL7/view?usp=sharing,
20589500035409,LAS BLANQUITAS,205895000354,I. E. R. VEGAS DE SEGOVIA,5895,ZARAGOZA,Bajo Cauca,CORPOEDUCACIÓN,https://drive.google.com/file/d/1cdkw9pfYFCloxmfRMltJFKTd4SYwpijp/view?usp=sharing,
20589500035410,MAESTRO ESTEBAN OCCIDENTAL,205895000354,I. E. R. VEGAS DE SEGOVIA,5895,ZARAGOZA,Bajo Cauca,CORPOEDUCACIÓN,,
20589500035418,MINA MONTON,205895000354,I. E. R. VEGAS DE SEGOVIA,5895,ZARAGOZA,Bajo Cauca,CORPOEDUCACIÓN,,
20589500035406,SAN ANTONIO DEL BOROCO,205895000354,I. E. R. VEGAS DE SEGOVIA,5895,ZARAGOZA,Bajo Cauca,CORPOEDUCACIÓN,,
10589500116002,E U MARCO FIDEL SUAREZ,105895001160,I. E. SANTO CRISTO DE ZARAGOZA,5895,ZARAGOZA,Bajo Cauca,CORPOEDUCACIÓN,https://drive.google.com/file/d/1t4odMsyC9VQNop6rUv2jocTMvVddzrim/view?usp=sharing,
10589500116001,LICEO SANTO CRISTO DE ZARAGOZA,105895001160,I. E. SANTO CRISTO DE ZARAGOZA,5895,ZARAGOZA,Bajo Cauca,CORPOEDUCACIÓN,,
20589500020606,C.E.R BAGRE MEDIO,205895000206,I. E.R.  NANCY ROCIO GARCIA,5895,ZARAGOZA,Bajo Cauca,CORPOEDUCACIÓN,,
20589500020601,COLEGIO NANCY ROCIO GARCIA,205895000206,I. E.R.  NANCY ROCIO GARCIA,5895,ZARAGOZA,Bajo Cauca,CORPOEDUCACIÓN,https://drive.google.com/file/d/1qEGo6UjfVrUKjZ1EL_otOAVI3RWDGZ5F/view?usp=sharing,
20589500020602,E R I MARIA AUXILIADORA,205895000206,I. E.R.  NANCY ROCIO GARCIA,5895,ZARAGOZA,Bajo Cauca,CORPOEDUCACIÓN,,
20589500020603,E R I TOSNOVAN,205895000206,I. E.R.  NANCY ROCIO GARCIA,5895,ZARAGOZA,Bajo Cauca,CORPOEDUCACIÓN,,
20589500020605,E R LA OCHO,205895000206,I. E.R.  NANCY ROCIO GARCIA,5895,ZARAGOZA,Bajo Cauca,CORPOEDUCACIÓN,,
20589500020604,E R PUERTO JOBO,205895000206,I. E.R.  NANCY ROCIO GARCIA,5895,ZARAGOZA,Bajo Cauca,CORPOEDUCACIÓN,https://drive.google.com/file/d/15EoiPIMcRucjG14bbXDXuAGUXMu-6ZsK/view?usp=sharing,
20589500020607,ERI BOCAS DE LA ZORRA,205895000206,I. E.R.  NANCY ROCIO GARCIA,5895,ZARAGOZA,Bajo Cauca,CORPOEDUCACIÓN,,
20589500020608,ERI BOCAS DEL RIO BAGRE,205895000206,I. E.R.  NANCY ROCIO GARCIA,5895,ZARAGOZA,Bajo Cauca,CORPOEDUCACIÓN,,
20589500020610,ERI CAÑO LA TRES,205895000206,I. E.R.  NANCY ROCIO GARCIA,5895,ZARAGOZA,Bajo Cauca,CORPOEDUCACIÓN,https://drive.google.com/file/d/1TUCtDtsGOXdCLZAqaCwUAq0O1GIOU4vU/view?usp=sharing,
20589500020611,ERI VILLA SEVERA,205895000206,I. E.R.  NANCY ROCIO GARCIA,5895,ZARAGOZA,Bajo Cauca,CORPOEDUCACIÓN,,
20589500107512,AQUI SI,205895001075,I.E.R. LA PAJUILA,5895,ZARAGOZA,Bajo Cauca,CORPOEDUCACIÓN,https://drive.google.com/file/d/1gO2c87i7nL5GWEmGeEEGgKhcOq-RQGTk/view?usp=sharing,
20589500107502,BOCAS DEL MAESTRO ESTEBAN,205895001075,I.E.R. LA PAJUILA,5895,ZARAGOZA,Bajo Cauca,CORPOEDUCACIÓN,https://drive.google.com/file/d/1lwIPa_dO8NA-UIRQaYHsVkT2DsZI_xCr/view?usp=sharing,
20589500107503,CHILONA ABAJO,205895001075,I.E.R. LA PAJUILA,5895,ZARAGOZA,Bajo Cauca,CORPOEDUCACIÓN,https://drive.google.com/file/d/1YcviYaGk_VjmalCu3zuz38fPdsALP42Y/view?usp=sharing,
20589500107504,EL CINCUENTA,205895001075,I.E.R. LA PAJUILA,5895,ZARAGOZA,Bajo Cauca,CORPOEDUCACIÓN,,
20589500107505,EL SALTO,205895001075,I.E.R. LA PAJUILA,5895,ZARAGOZA,Bajo Cauca,CORPOEDUCACIÓN,,
20589500107501,I.E.R. LA PAJUILA,205895001075,I.E.R. LA PAJUILA,5895,ZARAGOZA,Bajo Cauca,CORPOEDUCACIÓN,https://drive.google.com/file/d/1UZhCdIm5osO1aEsB0WQylBkV_f2cSXEJ/view?usp=sharing,
20589500107507,LA CIENAGA,205895001075,I.E.R. LA PAJUILA,5895,ZARAGOZA,Bajo Cauca,CORPOEDUCACIÓN,https://drive.google.com/file/d/10wciJma-RsX2Ln6_sIFx0ropr7bTftlp/view?usp=sharing,
20589500107509,LA MATURANA,205895001075,I.E.R. LA PAJUILA,5895,ZARAGOZA,Bajo Cauca,CORPOEDUCACIÓN,,
20589500107508,LAS PARCELAS,205895001075,I.E.R. LA PAJUILA,5895,ZARAGOZA,Bajo Cauca,CORPOEDUCACIÓN,https://drive.google.com/file/d/1TraTGKlU6r-EB7kGmJ_9t-tFAmA-5ExG/view?usp=sharing,
20589500107510,PUENTE ANGOSTURA,205895001075,I.E.R. LA PAJUILA,5895,ZARAGOZA,Bajo Cauca,CORPOEDUCACIÓN,https://drive.google.com/file/d/1WX5k74zrck8OmBr5lLq23HsrUg5p_whm/view?usp=sharing,
20589500107511,QUEBRADONA #1,205895001075,I.E.R. LA PAJUILA,5895,ZARAGOZA,Bajo Cauca,CORPOEDUCACIÓN,https://drive.google.com/file/d/1aCaLgkOunlbAtX5Jvi1m3xvEoQTv5IvQ/view?usp=sharing,
20589500107506,RIO VIEJO,205895001075,I.E.R. LA PAJUILA,5895,ZARAGOZA,Bajo Cauca,CORPOEDUCACIÓN,https://drive.google.com/file/d/1Ie2Jf6xWo6OTqxHJ3EsYOjnV45L49nm_/view?usp=sharing,
20589500032006,BIJAGUAL MEDIO,205895000320,INSTITUCION EDUCATIVA RURAL SIMON BOLIVAR,5895,ZARAGOZA,Bajo Cauca,CORPOEDUCACIÓN,,
20589500032002,CHILONA CENTRAL,205895000320,INSTITUCION EDUCATIVA RURAL SIMON BOLIVAR,5895,ZARAGOZA,Bajo Cauca,CORPOEDUCACIÓN,,
20589500032001,I.E.R. SIMON BOLIVAR,205895000320,INSTITUCION EDUCATIVA RURAL SIMON BOLIVAR,5895,ZARAGOZA,Bajo Cauca,CORPOEDUCACIÓN,,
20589500032007,JALA - JALA,205895000320,INSTITUCION EDUCATIVA RURAL SIMON BOLIVAR,5895,ZARAGOZA,Bajo Cauca,CORPOEDUCACIÓN,,
20589500032008,LA DIEZ Y OCHO,205895000320,INSTITUCION EDUCATIVA RURAL SIMON BOLIVAR,5895,ZARAGOZA,Bajo Cauca,CORPOEDUCACIÓN,,
20589500032003,QUEBRADA DE PATO ARRIBA,205895000320,INSTITUCION EDUCATIVA RURAL SIMON BOLIVAR,5895,ZARAGOZA,Bajo Cauca,CORPOEDUCACIÓN,,
20589500032009,SAN ACEVEDO,205895000320,INSTITUCION EDUCATIVA RURAL SIMON BOLIVAR,5895,ZARAGOZA,Bajo Cauca,CORPOEDUCACIÓN,,
10557900018602,E U LA MILLA,105579000186,I. E. ALFONSO LOPEZ PUMAREJO,5579,PUERTO BERRIO,Magdalena Medio,FRATERNIDAD MEDELLÍN CTA,,
10557900018601,I.E. ALFONSO LOPEZ PUMAREJO,105579000186,I. E. ALFONSO LOPEZ PUMAREJO,5579,PUERTO BERRIO,Magdalena Medio,FRATERNIDAD MEDELLÍN CTA,,
10557900018601,I.E. ALFONSO LOPEZ PUMAREJO,105579000186,I. E. ALFONSO LOPEZ PUMAREJO,5579,PUERTO BERRIO,Magdalena Medio,FRATERNIDAD MEDELLÍN CTA,https://drive.google.com/file/d/1I2vFDsMRjirJxF6nk5AfvCRIPygzmQmM/view?usp=sharing,
10557900025901,COLEGIO AMERICA,105579000259,I. E. AMERICA,5579,PUERTO BERRIO,Magdalena Medio,FRATERNIDAD MEDELLÍN CTA,,
10557900025903,E U PEDRO JUSTO BERRIO,105579000259,I. E. AMERICA,5579,PUERTO BERRIO,Magdalena Medio,FRATERNIDAD MEDELLÍN CTA,,
10557900025904,SEDE 2 I.E. AMERICA,105579000259,I. E. AMERICA,5579,PUERTO BERRIO,Magdalena Medio,FRATERNIDAD MEDELLÍN CTA,,
10557900030501,COLEGIO ANTONIO NARIÑO,105579000305,I. E. ANTONIO NARIÑO,5579,PUERTO BERRIO,Magdalena Medio,FRATERNIDAD MEDELLÍN CTA,,
10557900030501,COLEGIO ANTONIO NARIÑO,105579000305,I. E. ANTONIO NARIÑO,5579,PUERTO BERRIO,Magdalena Medio,FRATERNIDAD MEDELLÍN CTA,https://drive.google.com/file/d/1JVN69EgRAmY7BJaJuSo9IgJGH2iS_szu/view?usp=sharing,
10557900030504,MADRE LAURA,105579000305,I. E. ANTONIO NARIÑO,5579,PUERTO BERRIO,Magdalena Medio,FRATERNIDAD MEDELLÍN CTA,,
20557900007520,C. E. R. ALTO BUENOS AIRES,205579000075,I. E. R. LA CARLOTA,5579,PUERTO BERRIO,Magdalena Medio,FRATERNIDAD MEDELLÍN CTA,https://drive.google.com/file/d/1Yfmc1bLDz-kJcTKU9SqQemG1QTDsiPMj/view?usp=sharing,
20557900007508,C. E. R. BODEGAS,205579000075,I. E. R. LA CARLOTA,5579,PUERTO BERRIO,Magdalena Medio,FRATERNIDAD MEDELLÍN CTA,,
20557900007513,C. E. R. CABAÑAS,205579000075,I. E. R. LA CARLOTA,5579,PUERTO BERRIO,Magdalena Medio,FRATERNIDAD MEDELLÍN CTA,,
20557900007518,C. E. R. CALAMAR,205579000075,I. E. R. LA CARLOTA,5579,PUERTO BERRIO,Magdalena Medio,FRATERNIDAD MEDELLÍN CTA,https://drive.google.com/file/d/1VYFsdgbeTVXBiAuY4B3Bxg-DE1mFxJp-/view?usp=sharing,
20557900007510,C. E. R. CALERA,205579000075,I. E. R. LA CARLOTA,5579,PUERTO BERRIO,Magdalena Medio,FRATERNIDAD MEDELLÍN CTA,,
20557900007521,C. E. R. CRISTALINA,205579000075,I. E. R. LA CARLOTA,5579,PUERTO BERRIO,Magdalena Medio,FRATERNIDAD MEDELLÍN CTA,,
20557900007514,C. E. R. EL BRASIL,205579000075,I. E. R. LA CARLOTA,5579,PUERTO BERRIO,Magdalena Medio,FRATERNIDAD MEDELLÍN CTA,https://drive.google.com/file/d/1CRh9OiCEwFnKaWJLvV_u55xbmsbuE2Yo/view?usp=sharing,
20557900007507,C. E. R. EL JARDIN,205579000075,I. E. R. LA CARLOTA,5579,PUERTO BERRIO,Magdalena Medio,FRATERNIDAD MEDELLÍN CTA,https://drive.google.com/file/d/1w23nPhx4aU-gNNuDc5N4ICDwYBPuDQHq/view?usp=sharing,
20557900007502,C. E. R. GUASIMAL,205579000075,I. E. R. LA CARLOTA,5579,PUERTO BERRIO,Magdalena Medio,FRATERNIDAD MEDELLÍN CTA,,
20557900007503,C. E. R. GUASIMAL ALICANTE,205579000075,I. E. R. LA CARLOTA,5579,PUERTO BERRIO,Magdalena Medio,FRATERNIDAD MEDELLÍN CTA,,
20557900007516,C. E. R. LA MESETA,205579000075,I. E. R. LA CARLOTA,5579,PUERTO BERRIO,Magdalena Medio,FRATERNIDAD MEDELLÍN CTA,,
20557900007504,C. E. R. LAS FLORES,205579000075,I. E. R. LA CARLOTA,5579,PUERTO BERRIO,Magdalena Medio,FRATERNIDAD MEDELLÍN CTA,,
20557900007519,C. E. R. MALENA,205579000075,I. E. R. LA CARLOTA,5579,PUERTO BERRIO,Magdalena Medio,FRATERNIDAD MEDELLÍN CTA,,
20557900007515,C. E. R. PALESTINA,205579000075,I. E. R. LA CARLOTA,5579,PUERTO BERRIO,Magdalena Medio,FRATERNIDAD MEDELLÍN CTA,,
20557900007505,C. E. R. PUERTO MURILLO,205579000075,I. E. R. LA CARLOTA,5579,PUERTO BERRIO,Magdalena Medio,FRATERNIDAD MEDELLÍN CTA,,
20557900007509,C. E. R. SAN JUAN DE BEDOUT,205579000075,I. E. R. LA CARLOTA,5579,PUERTO BERRIO,Magdalena Medio,FRATERNIDAD MEDELLÍN CTA,,
20557900007517,C. E. R. SAN JULIAN,205579000075,I. E. R. LA CARLOTA,5579,PUERTO BERRIO,Magdalena Medio,FRATERNIDAD MEDELLÍN CTA,https://drive.google.com/file/d/1M0ZxNcF04ocqckS2w031hTf8e6E1luiJ/view?usp=sharing,
20557900007506,C. E. R. SANTA MARTINA,205579000075,I. E. R. LA CARLOTA,5579,PUERTO BERRIO,Magdalena Medio,FRATERNIDAD MEDELLÍN CTA,https://drive.google.com/file/d/1IsFmSyIwyFpM98HbisbAlX4HTpmkhm-6/view?usp=sharing,
20557900007522,CARAMANDÚ,205579000075,I. E. R. LA CARLOTA,5579,PUERTO BERRIO,Magdalena Medio,FRATERNIDAD MEDELLÍN CTA,,
20557900007511,EL SUAN,205579000075,I. E. R. LA CARLOTA,5579,PUERTO BERRIO,Magdalena Medio,FRATERNIDAD MEDELLÍN CTA,https://drive.google.com/file/d/1Aqu4WKw44MY3GW_fJ4ZUvr1PizFZcq5x/view?usp=sharing,
20557900007501,I. E. R. LA CARLOTA,205579000075,I. E. R. LA CARLOTA,5579,PUERTO BERRIO,Magdalena Medio,FRATERNIDAD MEDELLÍN CTA,https://drive.google.com/file/d/1xLIG9z88GKB8F9n_vlBiHS9i8NT97hZE/view?usp=sharing,
10557900016001,COLEGIO BOMBONA,105579000160,INSTITUCION EDUCATIVA BOMBONA,5579,PUERTO BERRIO,Magdalena Medio,FRATERNIDAD MEDELLÍN CTA,https://drive.google.com/file/d/1TV8Y8u-LkKl51qEBY448fwvgtF5HwOhU/view?usp=sharing,
10557900016002,E U LA ISLA,105579000160,INSTITUCION EDUCATIVA BOMBONA,5579,PUERTO BERRIO,Magdalena Medio,FRATERNIDAD MEDELLÍN CTA,https://drive.google.com/file/d/1Z5rw1gReNjXr6ZkDU0UOlH0s96oHWY21/view?usp=sharing,
10557900090901,I. E. ESCUELA NORMAL SUPERIOR DEL MAGDALENA MEDIO,105579000909,INSTITUCION EDUCATIVA ESCUELA NORMAL SUPERIOR DEL MAGDALENA MEDIO,5579,PUERTO BERRIO,Magdalena Medio,FRATERNIDAD MEDELLÍN CTA,,
10538700007704,C. E. R. LAS ANGELITAS,105387000077,I. E. CARLOS ARTURO DUQUE RAMIREZ,5585,PUERTO NARE,Magdalena Medio,FRATERNIDAD MEDELLÍN CTA,,
10538700007703,C. E. R. SANTA BARBARA,105387000077,I. E. CARLOS ARTURO DUQUE RAMIREZ,5585,PUERTO NARE,Magdalena Medio,FRATERNIDAD MEDELLÍN CTA,,
10538700007701,COLEGIO CARLOS ARTURO DUQUE RAMIREZ,105387000077,I. E. CARLOS ARTURO DUQUE RAMIREZ,5585,PUERTO NARE,Magdalena Medio,FRATERNIDAD MEDELLÍN CTA,,
10538700007702,E U SAN LUIS BELTRÁN,105387000077,I. E. CARLOS ARTURO DUQUE RAMIREZ,5585,PUERTO NARE,Magdalena Medio,FRATERNIDAD MEDELLÍN CTA,,
20538700032201,I. E. R. LA SIERRA,205387000322,I. E. R. LA SIERRA,5585,PUERTO NARE,Magdalena Medio,FRATERNIDAD MEDELLÍN CTA,https://drive.google.com/file/d/1kEC08_yvPlvEoxX6qpiym1mP-4CJdl62/view?usp=sharing,
20538700032203,LA ANGOSTURA,205387000322,I. E. R. LA SIERRA,5585,PUERTO NARE,Magdalena Medio,FRATERNIDAD MEDELLÍN CTA,https://drive.google.com/file/d/18WuKlqRdYbw5KU9BOIosr6MWKF-fwoaf/view?usp=sharing,
20538700004711,C. E. R.  SERRANIAS,205387000047,I. E. R. LA UNION,5585,PUERTO NARE,Magdalena Medio,FRATERNIDAD MEDELLÍN CTA,,
20538700004702,C. E. R. COMINALES,205387000047,I. E. R. LA UNION,5585,PUERTO NARE,Magdalena Medio,FRATERNIDAD MEDELLÍN CTA,,
20538700004713,C. E. R. EL DELIRIO,205387000047,I. E. R. LA UNION,5585,PUERTO NARE,Magdalena Medio,FRATERNIDAD MEDELLÍN CTA,https://drive.google.com/file/d/1PzB25-MMLbZXefXEKYTaXneOueE5GHrF/view?usp=sharing,
20538700004703,C. E. R. EL DIAMANTE,205387000047,I. E. R. LA UNION,5585,PUERTO NARE,Magdalena Medio,FRATERNIDAD MEDELLÍN CTA,,
20538700004704,C. E. R. HOYO RICO,205387000047,I. E. R. LA UNION,5585,PUERTO NARE,Magdalena Medio,FRATERNIDAD MEDELLÍN CTA,,
20538700004714,C. E. R. LA ARABIA,205387000047,I. E. R. LA UNION,5585,PUERTO NARE,Magdalena Medio,FRATERNIDAD MEDELLÍN CTA,,
20538700004705,C. E. R. LA ESMERALDA ALTA,205387000047,I. E. R. LA UNION,5585,PUERTO NARE,Magdalena Medio,FRATERNIDAD MEDELLÍN CTA,,
20538700004707,C. E. R. LA MIRANDA,205387000047,I. E. R. LA UNION,5585,PUERTO NARE,Magdalena Medio,FRATERNIDAD MEDELLÍN CTA,,
20538700004712,C. E. R. PORVENIR RIO COCORNA,205387000047,I. E. R. LA UNION,5585,PUERTO NARE,Magdalena Medio,FRATERNIDAD MEDELLÍN CTA,https://drive.google.com/file/d/1LW2FwRLhZJN9OxIMwhG-t_oJkQATFBIE/view?usp=sharing,
20538700004710,C. E. R. SANTA RITA,205387000047,I. E. R. LA UNION,5585,PUERTO NARE,Magdalena Medio,FRATERNIDAD MEDELLÍN CTA,,
20538700004701,I. E. R. LA UNION,205387000047,I. E. R. LA UNION,5585,PUERTO NARE,Magdalena Medio,FRATERNIDAD MEDELLÍN CTA,,
20538700012802,C. E. R. CAMINITO DE ORO,205387000128,INSTITUCION EDUCATIVA RURAL JORGE ENRIQUE VILLEGAS,5585,PUERTO NARE,Magdalena Medio,FRATERNIDAD MEDELLÍN CTA,https://drive.google.com/file/d/1uKPN3NSjKvyTBo7v3oz4ydEwTYRutl9H/view?usp=sharing,
20538700012803,C. E. R. EL GATICO,205387000128,INSTITUCION EDUCATIVA RURAL JORGE ENRIQUE VILLEGAS,5585,PUERTO NARE,Magdalena Medio,FRATERNIDAD MEDELLÍN CTA,,
20538700012801,I. E. R JORGE ENRIQUE VILLEGAS,205387000128,INSTITUCION EDUCATIVA RURAL JORGE ENRIQUE VILLEGAS,5585,PUERTO NARE,Magdalena Medio,FRATERNIDAD MEDELLÍN CTA,https://drive.google.com/file/d/1U7V1kbQfyEb0MX-hesOhDHQnPriYP5tw/view?usp=sharing,
10559100002701,I. E. PABLO VI,105591000027,I. E. PABLO VI,5591,PUERTO TRIUNFO,Magdalena Medio,FRATERNIDAD MEDELLÍN CTA,,
20559100009902,C. E. R. BALSORA,205591000099,I. E. R. DORADAL,5591,PUERTO TRIUNFO,Magdalena Medio,FRATERNIDAD MEDELLÍN CTA,,
20559100009901,I. E. R. DORADAL,205591000099,I. E. R. DORADAL,5591,PUERTO TRIUNFO,Magdalena Medio,FRATERNIDAD MEDELLÍN CTA,,
20559100009903,I.E.R. DORADAL (SEDE B PRIMARIA),205591000099,I. E. R. DORADAL,5591,PUERTO TRIUNFO,Magdalena Medio,FRATERNIDAD MEDELLÍN CTA,,
20559100005602,C. E. R. SANTIAGO BERRIO,205591000056,I. E. R. ENRIQUE DURAN,5591,PUERTO TRIUNFO,Magdalena Medio,FRATERNIDAD MEDELLÍN CTA,https://drive.google.com/file/d/1DYZETdpydSVFid12I43n3fSC61afay_3/view?usp=sharing,
20559100005601,I. E. R. ENRIQUE DURAN,205591000056,I. E. R. ENRIQUE DURAN,5591,PUERTO TRIUNFO,Magdalena Medio,FRATERNIDAD MEDELLÍN CTA,https://drive.google.com/file/d/1lEqdRXQ0CBOyhHydEzYT8f9e1jHIp1Wz/view?usp=sharing,
20559100007201,I. E. R. ESTACION COCORNA,205591000072,I. E. R. ESTACION COCORNA,5591,PUERTO TRIUNFO,Magdalena Medio,FRATERNIDAD MEDELLÍN CTA,,
20559100006403,C. E. R. ALTO DEL POLLO,205591000064,I. E. R. HERMANO DANIEL,5591,PUERTO TRIUNFO,Magdalena Medio,FRATERNIDAD MEDELLÍN CTA,https://drive.google.com/file/d/1fFVCbe5yuDPp0P4xVYiSwpMnEAKnW3E1/view?usp=sharing,
20559100006402,C. E. R. LA FLORIDA,205591000064,I. E. R. HERMANO DANIEL,5591,PUERTO TRIUNFO,Magdalena Medio,FRATERNIDAD MEDELLÍN CTA,https://drive.google.com/file/d/1jukXwB8exLB33nQEPcV8EtUuq7HP-KV_/view?usp=sharing,
20559100006401,I. E. R. HERMANO DANIEL,205591000064,I. E. R. HERMANO DANIEL,5591,PUERTO TRIUNFO,Magdalena Medio,FRATERNIDAD MEDELLÍN CTA,,
20559100013701,I. E. R. PUERTO PERALES,205591000137,I. E. R. PUERTO PERALES,5591,PUERTO TRIUNFO,Magdalena Medio,FRATERNIDAD MEDELLÍN CTA,,
20589300085301,C. E. R. CAÑO BLANCO,205893000853,C. E. R. CAÑO BLANCO,5893,YONDO,Magdalena Medio,FRATERNIDAD MEDELLÍN CTA,,
20589300085303,C. E. R. EL PARAISO,205893000853,C. E. R. CAÑO BLANCO,5893,YONDO,Magdalena Medio,FRATERNIDAD MEDELLÍN CTA,,
20589300085305,C. E. R. EL REMOLINO,205893000853,C. E. R. CAÑO BLANCO,5893,YONDO,Magdalena Medio,FRATERNIDAD MEDELLÍN CTA,,
20589300085312,C. E. R. LA CONGOJA,205893000853,C. E. R. CAÑO BLANCO,5893,YONDO,Magdalena Medio,FRATERNIDAD MEDELLÍN CTA,https://drive.google.com/file/d/1mG513pu3uGFhCLfC1wr1vRSORqut26DH/view?usp=sharing,
20589300085306,C. E. R. LA SOLEDAD,205893000853,C. E. R. CAÑO BLANCO,5893,YONDO,Magdalena Medio,FRATERNIDAD MEDELLÍN CTA,https://drive.google.com/file/d/1LuxW35NeUJAmGkvL_dqBuJnz69UVnKLm/view?usp=sharing,
20589300085307,C. E. R. LA UNION,205893000853,C. E. R. CAÑO BLANCO,5893,YONDO,Magdalena Medio,FRATERNIDAD MEDELLÍN CTA,,
20589300085308,C. E. R. MATECAÑA,205893000853,C. E. R. CAÑO BLANCO,5893,YONDO,Magdalena Medio,FRATERNIDAD MEDELLÍN CTA,,
20589300085309,C. E. R. PUERTO MATILDE,205893000853,C. E. R. CAÑO BLANCO,5893,YONDO,Magdalena Medio,FRATERNIDAD MEDELLÍN CTA,,
20589300085310,C. E. R. VIENTO LIBRE,205893000853,C. E. R. CAÑO BLANCO,5893,YONDO,Magdalena Medio,FRATERNIDAD MEDELLÍN CTA,,
20589300085311,C. E. R. VIETNAM,205893000853,C. E. R. CAÑO BLANCO,5893,YONDO,Magdalena Medio,FRATERNIDAD MEDELLÍN CTA,,
20589300055114,C. E. R. BELLAVISTA,205893000551,C. E. R. LA PRIMAVERA,5893,YONDO,Magdalena Medio,FRATERNIDAD MEDELLÍN CTA,,
20589300055104,C. E. R. CASABE VIEJO,205893000551,C. E. R. LA PRIMAVERA,5893,YONDO,Magdalena Medio,FRATERNIDAD MEDELLÍN CTA,https://drive.google.com/file/d/1Yt1OEd9jv4u7vAbFkuib9ZXRvJSAnfFQ/view?usp=sharing,
20589300055102,C. E. R. CAÑO BONITO,205893000551,C. E. R. LA PRIMAVERA,5893,YONDO,Magdalena Medio,FRATERNIDAD MEDELLÍN CTA,https://drive.google.com/file/d/1bOD-Hk5ipHU18Tp3IWtCahsJIIox0192/view?usp=sharing,
20589300055103,C. E. R. CAÑO NEGRO,205893000551,C. E. R. LA PRIMAVERA,5893,YONDO,Magdalena Medio,FRATERNIDAD MEDELLÍN CTA,https://drive.google.com/file/d/1pwm0u4o6E6KtNTlcFD9tEdeC4zFN-9zd/view?usp=sharing,
20589300055105,C. E. R. CONDOR,205893000551,C. E. R. LA PRIMAVERA,5893,YONDO,Magdalena Medio,FRATERNIDAD MEDELLÍN CTA,https://drive.google.com/file/d/114v1Hnx6IuBOZkKnsktGmBqbTTTLjYYK/view?usp=sharing,
20589300055106,C. E. R. EL BAGRE,205893000551,C. E. R. LA PRIMAVERA,5893,YONDO,Magdalena Medio,FRATERNIDAD MEDELLÍN CTA,https://drive.google.com/file/d/1V3vaV50S1SdHt8DCPZcix6twlYzWSicz/view?usp=sharing,
20589300055107,C. E. R. HACIENDA ITE,205893000551,C. E. R. LA PRIMAVERA,5893,YONDO,Magdalena Medio,FRATERNIDAD MEDELLÍN CTA,,
20589300055108,C. E. R. KILOMETRO CINCO,205893000551,C. E. R. LA PRIMAVERA,5893,YONDO,Magdalena Medio,FRATERNIDAD MEDELLÍN CTA,https://drive.google.com/file/d/117tDoC9fS07_RJ4h5-TGQ2BUZ_dq4aJ1/view?usp=sharing,
20589300055109,C. E. R. LA CABAÑA,205893000551,C. E. R. LA PRIMAVERA,5893,YONDO,Magdalena Medio,FRATERNIDAD MEDELLÍN CTA,,
20589300055101,C. E. R. LA PRIMAVERA,205893000551,C. E. R. LA PRIMAVERA,5893,YONDO,Magdalena Medio,FRATERNIDAD MEDELLÍN CTA,https://drive.google.com/file/d/1319sEdfVnzP0G0ueCfDAFxkPXqz8GPB8/view?usp=sharing,
20589300055110,C. E. R. LA REPRESA,205893000551,C. E. R. LA PRIMAVERA,5893,YONDO,Magdalena Medio,FRATERNIDAD MEDELLÍN CTA,https://drive.google.com/file/d/1YGhkwWXd2-MoPCBFlf5QJPnDVF-mCHSw/view?usp=sharing,
20589300055111,C. E. R. LAGUNA DEL MIEDO,205893000551,C. E. R. LA PRIMAVERA,5893,YONDO,Magdalena Medio,FRATERNIDAD MEDELLÍN CTA,,
20589300055112,C. E. R. LUIS LOPEZ DE MESA,205893000551,C. E. R. LA PRIMAVERA,5893,YONDO,Magdalena Medio,FRATERNIDAD MEDELLÍN CTA,,
20589300055113,C. E. R. ONCE DE NOVIEMBRE,205893000551,C. E. R. LA PRIMAVERA,5893,YONDO,Magdalena Medio,FRATERNIDAD MEDELLÍN CTA,https://drive.google.com/file/d/1laCdE475vsS0TwEc_fVMs0KlJdkJnHCj/view?usp=sharing,
20589300030605,C. E. R. CAÑO DON JUAN,205893000306,I. E. R. SAN MIGUEL DEL TIGRE,5893,YONDO,Magdalena Medio,FRATERNIDAD MEDELLÍN CTA,https://drive.google.com/file/d/1ZPUNVSQfnsXaLx2N3Wflx2AqdrWw7MtJ/view?usp=sharing,
20589300030604,C. E. R. CIENAGA,205893000306,I. E. R. SAN MIGUEL DEL TIGRE,5893,YONDO,Magdalena Medio,FRATERNIDAD MEDELLÍN CTA,https://drive.google.com/file/d/13M3ODzwX6C__kBpQcsAd4ZiSF4LI9iPE/view?usp=sharing,
20589300030606,C. E. R. EL CAMPO,205893000306,I. E. R. SAN MIGUEL DEL TIGRE,5893,YONDO,Magdalena Medio,FRATERNIDAD MEDELLÍN CTA,https://drive.google.com/file/d/1dMt70ZCC2Oe1eVdIeoqzjiSc9FzpPMDm/view?usp=sharing,
20589300030607,C. E. R. SANTA CLARA,205893000306,I. E. R. SAN MIGUEL DEL TIGRE,5893,YONDO,Magdalena Medio,FRATERNIDAD MEDELLÍN CTA,https://drive.google.com/file/d/1br6IVNOx6R6NAg4__6XT0kQJq_jHCb51/view?usp=sharing,
20589300030608,C.E.R JORGE ELIECER GAITAN,205893000306,I. E. R. SAN MIGUEL DEL TIGRE,5893,YONDO,Magdalena Medio,FRATERNIDAD MEDELLÍN CTA,,
20589300030602,I. E. R. ALTO CIMITARRA,205893000306,I. E. R. SAN MIGUEL DEL TIGRE,5893,YONDO,Magdalena Medio,FRATERNIDAD MEDELLÍN CTA,https://drive.google.com/file/d/1Yu7V5CAigwknJvP0myooJgRcF2d6sY_k/view?usp=sharing,
20589300030603,I. E. R. SAN LUIS BELTRAN,205893000306,I. E. R. SAN MIGUEL DEL TIGRE,5893,YONDO,Magdalena Medio,FRATERNIDAD MEDELLÍN CTA,,
20589300030601,I. E. R. SAN MIGUEL DEL TIGRE,205893000306,I. E. R. SAN MIGUEL DEL TIGRE,5893,YONDO,Magdalena Medio,FRATERNIDAD MEDELLÍN CTA,https://drive.google.com/file/d/1xk3F4mHRil1Jiy1NUtTh06-nL9KIxb_6/view?usp=sharing,
10589300168501,I. E. LUIS EDUARDO DIAZ,105893001685,INTSTITUCION EDUCATIVA LUIS EDUARDO DIAZ,5893,YONDO,Magdalena Medio,FRATERNIDAD MEDELLÍN CTA,,
10589300168503,I.E. LUIS EDUARDO DIAZ - SEDE MEGACOLEGIO,105893001685,INTSTITUCION EDUCATIVA LUIS EDUARDO DIAZ,5893,YONDO,Magdalena Medio,FRATERNIDAD MEDELLÍN CTA,,
10589300168502,LA PATRIA,105893001685,INTSTITUCION EDUCATIVA LUIS EDUARDO DIAZ,5893,YONDO,Magdalena Medio,FRATERNIDAD MEDELLÍN CTA,https://drive.google.com/file/d/1upFfPU3T7KmRMQbxKAK2CxX7HBtfGd78/view?usp=sharing,
20503100127811,C. E. R. LA GARDEÑA,205031001278,C. E. R. LA GURRIA,5031,AMALFI,Nordeste,CORPOEDUCACIÓN,https://drive.google.com/file/d/1e-n6o0aXXyACRCwUQPjimCYqOLSRrtln/view?usp=sharing,
20503100127801,C. E. R. LA GURRIA,205031001278,C. E. R. LA GURRIA,5031,AMALFI,Nordeste,CORPOEDUCACIÓN,https://drive.google.com/file/d/1g0f88g_rD7H78FqlZMW9J6iIX653YtYT/view?usp=sharing,
20503100127807,CARLOS ESCOBAR CAMBAS,205031001278,C. E. R. LA GURRIA,5031,AMALFI,Nordeste,CORPOEDUCACIÓN,https://drive.google.com/file/d/10AI2pSpdt3MkEekHCdchQtKgNQplunwP/view?usp=sharing,
20503100127814,I. E. R. POCORO ABAJO,205031001278,C. E. R. LA GURRIA,5031,AMALFI,Nordeste,CORPOEDUCACIÓN,,
20503100127813,I. E. R. ROMAZON,205031001278,C. E. R. LA GURRIA,5031,AMALFI,Nordeste,CORPOEDUCACIÓN,,
20503100127812,I. E. R. SALAZAR,205031001278,C. E. R. LA GURRIA,5031,AMALFI,Nordeste,CORPOEDUCACIÓN,,
20503100127808,LA ALDEA,205031001278,C. E. R. LA GURRIA,5031,AMALFI,Nordeste,CORPOEDUCACIÓN,https://drive.google.com/file/d/1AMojUhWpCwmx6piGbZkFUX_W3H7Re4mm/view?usp=sharing,
20503100127806,LA SONADORA,205031001278,C. E. R. LA GURRIA,5031,AMALFI,Nordeste,CORPOEDUCACIÓN,,
20503100127802,MARIA TERESA,205031001278,C. E. R. LA GURRIA,5031,AMALFI,Nordeste,CORPOEDUCACIÓN,https://drive.google.com/file/d/18cKbQqPgiaOXwlS3NuNSOT5nuOY2RKiT/view?usp=sharing,
20503100127809,PINTO,205031001278,C. E. R. LA GURRIA,5031,AMALFI,Nordeste,CORPOEDUCACIÓN,https://drive.google.com/file/d/1U23twkaKO2WzDHQntYAzK109ZXC9L9Qm/view?usp=sharing,
20503100127805,POCORO ARRIBA,205031001278,C. E. R. LA GURRIA,5031,AMALFI,Nordeste,CORPOEDUCACIÓN,,
20503100127810,SAN ANTONIO,205031001278,C. E. R. LA GURRIA,5031,AMALFI,Nordeste,CORPOEDUCACIÓN,https://drive.google.com/file/d/19RR7Mqb-O64fk9h0_Q9KqneG2mx9G-Ko/view?usp=sharing,
20503101041209,C. E. R. AREIZA,205031010412,C. E. R. TINITACITA,5031,AMALFI,Nordeste,CORPOEDUCACIÓN,https://drive.google.com/file/d/1NXYvI1uxZT8yuFNHytSfGOaG8CP7AN-g/view?usp=sharing,
20503101041204,C. E. R. EL CAÑAL,205031010412,C. E. R. TINITACITA,5031,AMALFI,Nordeste,CORPOEDUCACIÓN,,
20503101041205,C. E. R. EL CRUCERO MATA,205031010412,C. E. R. TINITACITA,5031,AMALFI,Nordeste,CORPOEDUCACIÓN,,
20503101041206,C. E. R. LOS TOROS,205031010412,C. E. R. TINITACITA,5031,AMALFI,Nordeste,CORPOEDUCACIÓN,,
20503101041207,C. E. R. QUEBRADONA,205031010412,C. E. R. TINITACITA,5031,AMALFI,Nordeste,CORPOEDUCACIÓN,,
20503101041201,C. E. R. TINITACITA,205031010412,C. E. R. TINITACITA,5031,AMALFI,Nordeste,CORPOEDUCACIÓN,,
20503101041210,C.E.R EL CHISPERO,205031010412,C. E. R. TINITACITA,5031,AMALFI,Nordeste,CORPOEDUCACIÓN,,
20503101041214,I. E. R. CRUCES,205031010412,C. E. R. TINITACITA,5031,AMALFI,Nordeste,CORPOEDUCACIÓN,,
20503101041213,I. E. R. EL JARDIN,205031010412,C. E. R. TINITACITA,5031,AMALFI,Nordeste,CORPOEDUCACIÓN,,
20503101041212,I. E. R. MONDRAGON,205031010412,C. E. R. TINITACITA,5031,AMALFI,Nordeste,CORPOEDUCACIÓN,,
20503101041218,SEDE EL BALCON DE LOS TOROS,205031010412,C. E. R. TINITACITA,5031,AMALFI,Nordeste,CORPOEDUCACIÓN,,
10503100151601,I. E. EDUARDO FERNANDEZ BOTERO,105031001516,I. E. EDUARDO FERNANDEZ BOTERO,5031,AMALFI,Nordeste,CORPOEDUCACIÓN,,
10503100151602,I. E. MARIA AUXILIADORA,105031001516,I. E. EDUARDO FERNANDEZ BOTERO,5031,AMALFI,Nordeste,CORPOEDUCACIÓN,https://drive.google.com/file/d/1f63UGQmDIHikRxxyohkgZEmChF7Sywrp/view?usp=sharing,
10503100158302,EL ENCANTO,105031001583,I. E. PUEBLO NUEVO,5031,AMALFI,Nordeste,CORPOEDUCACIÓN,https://drive.google.com/file/d/15OzyHs132Ap3-iOUCkksBu1Duka5qtQk/view?usp=sharing,
10503100158301,I. E. PUEBLO NUEVO,105031001583,I. E. PUEBLO NUEVO,5031,AMALFI,Nordeste,CORPOEDUCACIÓN,https://drive.google.com/file/d/1EHSOg8Wc6TWCypuFH8eCilvYX8VrFY6j/view?usp=sharing,
10503100158306,I. E. R. LA CRISTALINA,105031001583,I. E. PUEBLO NUEVO,5031,AMALFI,Nordeste,CORPOEDUCACIÓN,https://drive.google.com/file/d/1rq-rxWjJc2GyC12UvSZEXlbuWu_9k6Hq/view?usp=sharing,
10503100158310,I. E. R. LA MANGUITA,105031001583,I. E. PUEBLO NUEVO,5031,AMALFI,Nordeste,CORPOEDUCACIÓN,,
10503100158308,I. E. R. LA QUIEBRA,105031001583,I. E. PUEBLO NUEVO,5031,AMALFI,Nordeste,CORPOEDUCACIÓN,https://drive.google.com/file/d/15Ou51ZaBnNLAtCfzPMMogX0srmNlY_iJ/view?usp=sharing,
10503100158304,I. E. R. MATIAS TRUJILLO,105031001583,I. E. PUEBLO NUEVO,5031,AMALFI,Nordeste,CORPOEDUCACIÓN,https://drive.google.com/file/d/1aar5zlaAD8v1dVXodZVGStiJ3kw7FRgx/view?usp=sharing,
10503100158303,I. E. R. MERCEDES ESCOBAR CAMBAS,105031001583,I. E. PUEBLO NUEVO,5031,AMALFI,Nordeste,CORPOEDUCACIÓN,https://drive.google.com/file/d/1pz4bi-w-Xp0dyJUlftMCKKJLhQjIDsLq/view?usp=sharing,
10503100158309,I. E. R. NARANJAL,105031001583,I. E. PUEBLO NUEVO,5031,AMALFI,Nordeste,CORPOEDUCACIÓN,,
10503100158307,I. E. R. RAQUEL SANTAMARIA ARANGO,105031001583,I. E. PUEBLO NUEVO,5031,AMALFI,Nordeste,CORPOEDUCACIÓN,https://drive.google.com/file/d/1qXRDWCYBlmHyLIMKCEKXSOftvnKB-0jy/view?usp=sharing,
10503100158305,I. E. R. SAN AGUSTIN,105031001583,I. E. PUEBLO NUEVO,5031,AMALFI,Nordeste,CORPOEDUCACIÓN,https://drive.google.com/file/d/1U5ZsqcfRrmADek54J78HqTifclMbVmIh/view?usp=sharing,
10503100158315,I.E.R LA COMBA,105031001583,I. E. PUEBLO NUEVO,5031,AMALFI,Nordeste,CORPOEDUCACIÓN,https://drive.google.com/file/d/1bUU2owxi0uPeLAFLm34rOvDI5appsur8/view?usp=sharing,
10503100158312,I.E.R LA PAZ,105031001583,I. E. PUEBLO NUEVO,5031,AMALFI,Nordeste,CORPOEDUCACIÓN,https://drive.google.com/file/d/1Rlf8v3EjUa5hm1APwDdbPyalf5I_X_1s/view?usp=sharing,
10503100158313,I.E.R MANGOS CALENTURAS,105031001583,I. E. PUEBLO NUEVO,5031,AMALFI,Nordeste,CORPOEDUCACIÓN,https://drive.google.com/file/d/1FnqG9hMmLpgGHGirkpmqnxzvAAZIGgQE/view?usp=sharing,
10503100158314,I.E.R NARANJAL LA VEGA,105031001583,I. E. PUEBLO NUEVO,5031,AMALFI,Nordeste,CORPOEDUCACIÓN,,
20503100019111,ANTONIO BONNET,205031000191,I. E. R. PORTACHUELO,5031,AMALFI,Nordeste,CORPOEDUCACIÓN,,
20503100019107,ARENAS BLANCAS,205031000191,I. E. R. PORTACHUELO,5031,AMALFI,Nordeste,CORPOEDUCACIÓN,https://drive.google.com/file/d/1HG0Dyhyrs1FTZyHCGlxphnHTUO6B2tZl/view?usp=sharing,
20503100019116,C. E. R. PAVAS,205031000191,I. E. R. PORTACHUELO,5031,AMALFI,Nordeste,CORPOEDUCACIÓN,,
20503100019101,COLEGIO PORTACHUELO,205031000191,I. E. R. PORTACHUELO,5031,AMALFI,Nordeste,CORPOEDUCACIÓN,https://drive.google.com/file/d/1dHtj-1PR3c859W6Lo_b8E1KZKDmYnxPp/view?usp=sharing,
20503100019102,ELENA ARANGO DE S,205031000191,I. E. R. PORTACHUELO,5031,AMALFI,Nordeste,CORPOEDUCACIÓN,,
20503100019110,GABRIELA MISTRAL,205031000191,I. E. R. PORTACHUELO,5031,AMALFI,Nordeste,CORPOEDUCACIÓN,https://drive.google.com/file/d/16mneMI2aXpcq2kA8nrExeQtl_RtUdtqs/view?usp=sharing,
20503100019117,I. E. R. EL TIGRILLO,205031000191,I. E. R. PORTACHUELO,5031,AMALFI,Nordeste,CORPOEDUCACIÓN,,
20503100019115,I. E. R. VICTOR CARDENAS JARAMILLO,205031000191,I. E. R. PORTACHUELO,5031,AMALFI,Nordeste,CORPOEDUCACIÓN,https://drive.google.com/file/d/1VaJsdOOmXhzpivFYZUGNkM-wD1Pu4VBr/view?usp=sharing,
20503100019114,LA CLARA,205031000191,I. E. R. PORTACHUELO,5031,AMALFI,Nordeste,CORPOEDUCACIÓN,https://drive.google.com/file/d/1lzXieOs_rnpGwCKfjNuMsNq_Iyjh6UW2/view?usp=sharing,
20503100019112,LA PICARDIA,205031000191,I. E. R. PORTACHUELO,5031,AMALFI,Nordeste,CORPOEDUCACIÓN,,
20503100019113,LOS MONOS,205031000191,I. E. R. PORTACHUELO,5031,AMALFI,Nordeste,CORPOEDUCACIÓN,https://drive.google.com/file/d/1QgQoPc5SDwGORoVjGuJNuqxSHFcjRJHz/view?usp=sharing,
20503100019109,MARINA MESA LOPERA,205031000191,I. E. R. PORTACHUELO,5031,AMALFI,Nordeste,CORPOEDUCACIÓN,,
20503100019108,MONTERROJO,205031000191,I. E. R. PORTACHUELO,5031,AMALFI,Nordeste,CORPOEDUCACIÓN,,
20503100019103,NARANJITOS,205031000191,I. E. R. PORTACHUELO,5031,AMALFI,Nordeste,CORPOEDUCACIÓN,https://drive.google.com/file/d/1Seh9uDsjQICnUKdBsEl3kj4zMnjAiMjz/view?usp=sharing,
20503100019106,SAN MIGUEL,205031000191,I. E. R. PORTACHUELO,5031,AMALFI,Nordeste,CORPOEDUCACIÓN,,
20503100019104,TAMARA,205031000191,I. E. R. PORTACHUELO,5031,AMALFI,Nordeste,CORPOEDUCACIÓN,,
10503100005607,C. E. R. LAS ANIMAS,105031000056,INSTITUCIÓN EDUCATIVA PRESBITERO GERARDO MONTOYA,5031,AMALFI,Nordeste,CORPOEDUCACIÓN,https://drive.google.com/file/d/1xOUPmRl--FlRph3mkF5WyEPxFCHMn6Dy/view?usp=sharing,
10503100005601,I. E. PRESBITERO GERARDO MONTOYA,105031000056,INSTITUCIÓN EDUCATIVA PRESBITERO GERARDO MONTOYA,5031,AMALFI,Nordeste,CORPOEDUCACIÓN,https://drive.google.com/file/d/1Y59JGNpWCIotrhF7Jqv-EhZrrf6svnE1/view?usp=sharing,
10503100005604,I. E. R. CARLOS SANTAMARIA ARANGO,105031000056,INSTITUCIÓN EDUCATIVA PRESBITERO GERARDO MONTOYA,5031,AMALFI,Nordeste,CORPOEDUCACIÓN,,
10503100005606,I. E. R. LAS MARGARITAS,105031000056,INSTITUCIÓN EDUCATIVA PRESBITERO GERARDO MONTOYA,5031,AMALFI,Nordeste,CORPOEDUCACIÓN,,
10503100005605,I. E. R. RISARALDA,105031000056,INSTITUCIÓN EDUCATIVA PRESBITERO GERARDO MONTOYA,5031,AMALFI,Nordeste,CORPOEDUCACIÓN,https://drive.google.com/file/d/1Dbb1Y389EB9wG83jIlvfSJem-Fylm5KC/view?usp=sharing,
10503100005609,SAN JULIAN,105031000056,INSTITUCIÓN EDUCATIVA PRESBITERO GERARDO MONTOYA,5031,AMALFI,Nordeste,CORPOEDUCACIÓN,https://drive.google.com/file/d/1S4o1dUhI24Oso7wFdEO8vUpcdjm99TlZ/view?usp=sharing,
20504000035709,C. E. R. ARTURO MARTINEZ,205040000357,C. E. R. EL CARMIN,5040,ANORI,Nordeste,CORPOEDUCACIÓN,,
20504000035723,C. E. R. BRISAS DEL NECHI,205040000357,C. E. R. EL CARMIN,5040,ANORI,Nordeste,CORPOEDUCACIÓN,,
20504000035713,C. E. R. CHAGUALITO,205040000357,C. E. R. EL CARMIN,5040,ANORI,Nordeste,CORPOEDUCACIÓN,,
20504000035726,C. E. R. CHAGUALO ABAJO,205040000357,C. E. R. EL CARMIN,5040,ANORI,Nordeste,CORPOEDUCACIÓN,https://drive.google.com/file/d/13nPB-GTXdUjmKedtzFA32U7woa8RyKgv/view?usp=sharing,
20504000035701,C. E. R. EL CARMIN,205040000357,C. E. R. EL CARMIN,5040,ANORI,Nordeste,CORPOEDUCACIÓN,,
20504000035727,C. E. R. JAIME RAMIRO ARIAS RENDÓN,205040000357,C. E. R. EL CARMIN,5040,ANORI,Nordeste,CORPOEDUCACIÓN,https://drive.google.com/file/d/15xoVg4D1h0QbC3SP0pHDg-qJxKfgL1hT/view?usp=sharing,
20504000035703,C. E. R. LA CLEMENCIA,205040000357,C. E. R. EL CARMIN,5040,ANORI,Nordeste,CORPOEDUCACIÓN,https://drive.google.com/file/d/11IDT05DQlCXoEKtoMeejh_5O7yiMXpB7/view?usp=sharing,
20504000035708,C. E. R. LA GUAYANA,205040000357,C. E. R. EL CARMIN,5040,ANORI,Nordeste,CORPOEDUCACIÓN,https://drive.google.com/file/d/12Gs9m8TrvFPm0x1vIosyyddM66sqCPBi/view?usp=sharing,
20504000035717,C. E. R. LA HERMOSA,205040000357,C. E. R. EL CARMIN,5040,ANORI,Nordeste,CORPOEDUCACIÓN,,
20504000035706,C. E. R. LA PRIMAVERA,205040000357,C. E. R. EL CARMIN,5040,ANORI,Nordeste,CORPOEDUCACIÓN,https://drive.google.com/file/d/1czWqdRATOELa67-1Ew-iBDmhXmvIWY-l/view?usp=sharing,
20504000035728,C. E. R. LA SOLEDAD,205040000357,C. E. R. EL CARMIN,5040,ANORI,Nordeste,CORPOEDUCACIÓN,,
20504000035720,C. E. R. LA TERESITA,205040000357,C. E. R. EL CARMIN,5040,ANORI,Nordeste,CORPOEDUCACIÓN,,
20504000035707,C. E. R. LA TRINIDAD,205040000357,C. E. R. EL CARMIN,5040,ANORI,Nordeste,CORPOEDUCACIÓN,,
20504000035711,C. E. R. LAS NIEVES,205040000357,C. E. R. EL CARMIN,5040,ANORI,Nordeste,CORPOEDUCACIÓN,,
20504000035724,C. E. R. MARIANO OSPINA PEREZ,205040000357,C. E. R. EL CARMIN,5040,ANORI,Nordeste,CORPOEDUCACIÓN,,
20504000035722,C. E. R. MERCEDES YEPES,205040000357,C. E. R. EL CARMIN,5040,ANORI,Nordeste,CORPOEDUCACIÓN,https://drive.google.com/file/d/14Cpn6a2kvRAp7mWTTlDTuq5nNWZYOVDT/view?usp=sharing,
20504000035725,C. E. R. MIRAFLORES,205040000357,C. E. R. EL CARMIN,5040,ANORI,Nordeste,CORPOEDUCACIÓN,https://drive.google.com/file/d/16xAwWGcPojtbJaJpCBhTwOSovytcpwJC/view?usp=sharing,
20504000035702,C. E. R. MOISES ESTRADA,205040000357,C. E. R. EL CARMIN,5040,ANORI,Nordeste,CORPOEDUCACIÓN,,
20504000035718,C. E. R. MONTEBELLO,205040000357,C. E. R. EL CARMIN,5040,ANORI,Nordeste,CORPOEDUCACIÓN,,
20504000035705,C. E. R. PLANCHA ARRIBA,205040000357,C. E. R. EL CARMIN,5040,ANORI,Nordeste,CORPOEDUCACIÓN,https://drive.google.com/file/d/1ixcVWql7MVZfx0jC5R1iophS_Q4sYH7D/view?usp=sharing,
20504000035721,C. E. R. ROSAURA ORTEGA,205040000357,C. E. R. EL CARMIN,5040,ANORI,Nordeste,CORPOEDUCACIÓN,https://drive.google.com/file/d/1FgkjNrAIuTe_e4zvVRExHmIAY92WWjkf/view?usp=sharing,
20504000035710,C. E. R. SAN ISIDRO,205040000357,C. E. R. EL CARMIN,5040,ANORI,Nordeste,CORPOEDUCACIÓN,,
20504000035714,C. E. R. SAN JOSE,205040000357,C. E. R. EL CARMIN,5040,ANORI,Nordeste,CORPOEDUCACIÓN,,
20504000035719,C. E. R. SAN LORENCITO,205040000357,C. E. R. EL CARMIN,5040,ANORI,Nordeste,CORPOEDUCACIÓN,https://drive.google.com/file/d/1002nbkzBK7al6ml6pcsySqE7RaHCHDxK/view?usp=sharing,
20504000035715,C. E. R. SANTA INES,205040000357,C. E. R. EL CARMIN,5040,ANORI,Nordeste,CORPOEDUCACIÓN,,
20504000035704,C. E. R. SANTO DOMINGO,205040000357,C. E. R. EL CARMIN,5040,ANORI,Nordeste,CORPOEDUCACIÓN,,
20504000035712,C. E. R. SOLANO,205040000357,C. E. R. EL CARMIN,5040,ANORI,Nordeste,CORPOEDUCACIÓN,,
20504000035716,C.E.R CAMPO ALEGRE,205040000357,C. E. R. EL CARMIN,5040,ANORI,Nordeste,CORPOEDUCACIÓN,,
10504000021206,C. E. R. EL RETIRO,105040000212,I. E. ANORI,5040,ANORI,Nordeste,CORPOEDUCACIÓN,,
10504000021210,C. E. R. LA CASITA,105040000212,I. E. ANORI,5040,ANORI,Nordeste,CORPOEDUCACIÓN,,
10504000021207,C. E. R. LA HONDONA,105040000212,I. E. ANORI,5040,ANORI,Nordeste,CORPOEDUCACIÓN,https://drive.google.com/file/d/17ZRmg_UNs57ajEEkuVW3sSVaTDp0LFV5/view?usp=sharing,
10504000021223,C. E. R. LA LOMA,105040000212,I. E. ANORI,5040,ANORI,Nordeste,CORPOEDUCACIÓN,https://drive.google.com/file/d/10dp-qfNxunDipMzK3QvL52y96nRPqwL9/view?usp=sharing,
10504000021204,C. E. R. LAS LAGUNAS,105040000212,I. E. ANORI,5040,ANORI,Nordeste,CORPOEDUCACIÓN,,
10504000021208,C. E. R. MEDIAS FALDAS,105040000212,I. E. ANORI,5040,ANORI,Nordeste,CORPOEDUCACIÓN,,
10504000021209,C. E. R. PAJONAL,105040000212,I. E. ANORI,5040,ANORI,Nordeste,CORPOEDUCACIÓN,,
10504000021225,C. E. R. ROBLE ARRIBA,105040000212,I. E. ANORI,5040,ANORI,Nordeste,CORPOEDUCACIÓN,,
10504000021203,C. E. R. VILLA FATIMA,105040000212,I. E. ANORI,5040,ANORI,Nordeste,CORPOEDUCACIÓN,https://drive.google.com/file/d/1rx82uQJ5KuAGLdtOePeuvgvU-Ww7tYm4/view?usp=sharing,
10504000021227,C. E. R. ZAFIRO,105040000212,I. E. ANORI,5040,ANORI,Nordeste,CORPOEDUCACIÓN,,
10504000021201,LICEO JESUS MARIA URREA,105040000212,I. E. ANORI,5040,ANORI,Nordeste,CORPOEDUCACIÓN,https://drive.google.com/file/d/12-qZMXXmveIfmkJ_KzEy-VAzwyD8inQC/view?usp=sharing,
10504000021228,MONTEFRIO,105040000212,I. E. ANORI,5040,ANORI,Nordeste,CORPOEDUCACIÓN,,
20504000031415,ANTONIO ROLDAN BETANCUR,205040000314,I.E R.MADRESECA,5040,ANORI,Nordeste,CORPOEDUCACIÓN,https://drive.google.com/file/d/1T0YzBxUzpekgGx9LzrmeLK-t63Ni4nVT/view?usp=sharing,
20504000031409,BOLIVAR,205040000314,I.E R.MADRESECA,5040,ANORI,Nordeste,CORPOEDUCACIÓN,,
20504000031401,C. E. R. MADRESECA,205040000314,I.E R.MADRESECA,5040,ANORI,Nordeste,CORPOEDUCACIÓN,,
20504000031405,CONCHA ARRIBA,205040000314,I.E R.MADRESECA,5040,ANORI,Nordeste,CORPOEDUCACIÓN,,
20504000031404,CONCHA MEDIA,205040000314,I.E R.MADRESECA,5040,ANORI,Nordeste,CORPOEDUCACIÓN,https://drive.google.com/file/d/111R5JLKPWmiJUjGeTfRbhAdKEDsubGaf/view?usp=sharing,
20504000031422,CONCHA SANTIAGO,205040000314,I.E R.MADRESECA,5040,ANORI,Nordeste,CORPOEDUCACIÓN,,
20504000031408,EL BANCO,205040000314,I.E R.MADRESECA,5040,ANORI,Nordeste,CORPOEDUCACIÓN,https://drive.google.com/file/d/1h2WttgzmbYd4jMJG8FrJ4g-nSctre-GB/view?usp=sharing,
20504000031407,FIDEL CANO,205040000314,I.E R.MADRESECA,5040,ANORI,Nordeste,CORPOEDUCACIÓN,,
20504000031423,I. E. R. AMANDA POSADA,205040000314,I.E R.MADRESECA,5040,ANORI,Nordeste,CORPOEDUCACIÓN,,
20504000031413,LA AGUADA,205040000314,I.E R.MADRESECA,5040,ANORI,Nordeste,CORPOEDUCACIÓN,,
20504000031421,LA FLORIDA,205040000314,I.E R.MADRESECA,5040,ANORI,Nordeste,CORPOEDUCACIÓN,,
20504000031406,LEON ZAFIR,205040000314,I.E R.MADRESECA,5040,ANORI,Nordeste,CORPOEDUCACIÓN,,
20504000031414,OCTAVIO BARRIENTOS,205040000314,I.E R.MADRESECA,5040,ANORI,Nordeste,CORPOEDUCACIÓN,https://drive.google.com/file/d/1GcTFmpG8UbIEpnDzFU2c5kLXCXyS-SLq/view?usp=sharing,
20504000031416,PAEZ,205040000314,I.E R.MADRESECA,5040,ANORI,Nordeste,CORPOEDUCACIÓN,,
20504000031402,PORCE ABAJO,205040000314,I.E R.MADRESECA,5040,ANORI,Nordeste,CORPOEDUCACIÓN,,
20504000031417,PROVIDENCIA,205040000314,I.E R.MADRESECA,5040,ANORI,Nordeste,CORPOEDUCACIÓN,,
20504000031410,TACAMOCHO,205040000314,I.E R.MADRESECA,5040,ANORI,Nordeste,CORPOEDUCACIÓN,https://drive.google.com/file/d/1UzBu9B_a8iZ9bY1i282vnbS-ECx7gAw1/view?usp=sharing,
20504000031412,TENCHE ABAJO,205040000314,I.E R.MADRESECA,5040,ANORI,Nordeste,CORPOEDUCACIÓN,,
20504000031411,TENCHE SAN LINO,205040000314,I.E R.MADRESECA,5040,ANORI,Nordeste,CORPOEDUCACIÓN,https://drive.google.com/file/d/1OsQ-egDs10W6YnTpv2b-ygDJ6oPI6Ktn/view?usp=sharing,
20504000031418,TONA,205040000314,I.E R.MADRESECA,5040,ANORI,Nordeste,CORPOEDUCACIÓN,https://drive.google.com/file/d/1BJCZmsmKVZCUdyr-9flz-iZpEHe7415a/view?usp=sharing,
20504000031419,USURA,205040000314,I.E R.MADRESECA,5040,ANORI,Nordeste,CORPOEDUCACIÓN,https://drive.google.com/file/d/12zbVic6stCikHGwfYtwOnxm7_KAPGFZ-/view?usp=sharing,
10514200013613,C. E. R. ANTONIO JOSE DE SUCRE,105142000136,I. E. GABRIEL CORREA VELEZ,5142,CARACOLI,Nordeste,FRATERNIDAD MEDELLÍN CTA,,
10514200013612,C. E. R. ANTONIO ROLDAN BETANCUR,105142000136,I. E. GABRIEL CORREA VELEZ,5142,CARACOLI,Nordeste,FRATERNIDAD MEDELLÍN CTA,,
10514200013614,C. E. R. ATANASIO GIRARDOT,105142000136,I. E. GABRIEL CORREA VELEZ,5142,CARACOLI,Nordeste,FRATERNIDAD MEDELLÍN CTA,,
10514200013603,C. E. R. BOTIJAS,105142000136,I. E. GABRIEL CORREA VELEZ,5142,CARACOLI,Nordeste,FRATERNIDAD MEDELLÍN CTA,,
10514200013604,C. E. R. BUENOS AIRES,105142000136,I. E. GABRIEL CORREA VELEZ,5142,CARACOLI,Nordeste,FRATERNIDAD MEDELLÍN CTA,,
10514200013609,C. E. R. EL BAGRE,105142000136,I. E. GABRIEL CORREA VELEZ,5142,CARACOLI,Nordeste,FRATERNIDAD MEDELLÍN CTA,,
10514200013610,C. E. R. EL PITAL,105142000136,I. E. GABRIEL CORREA VELEZ,5142,CARACOLI,Nordeste,FRATERNIDAD MEDELLÍN CTA,https://drive.google.com/file/d/1Mlq81e2J-ulqfLgJI_t0GykhSQ9luFOO/view?usp=sharing,
10514200013611,C. E. R. GABRIEL HENAO JARAMILLO,105142000136,I. E. GABRIEL CORREA VELEZ,5142,CARACOLI,Nordeste,FRATERNIDAD MEDELLÍN CTA,https://drive.google.com/file/d/1KvKPVlHkAhlbBTPqSuxDMxItdBAu5lWZ/view?usp=sharing,
20514200027115,C. E. R. HELOINA BEDOYA DE VALENCIA,105142000136,I. E. GABRIEL CORREA VELEZ,5142,CARACOLI,Nordeste,FRATERNIDAD MEDELLÍN CTA,,
10514200013616,C. E. R. LA MARIA,105142000136,I. E. GABRIEL CORREA VELEZ,5142,CARACOLI,Nordeste,FRATERNIDAD MEDELLÍN CTA,,
10514200013605,C. E. R. QUEBRADONA,105142000136,I. E. GABRIEL CORREA VELEZ,5142,CARACOLI,Nordeste,FRATERNIDAD MEDELLÍN CTA,,
10514200013606,C. E. R. SANTA ISABEL,105142000136,I. E. GABRIEL CORREA VELEZ,5142,CARACOLI,Nordeste,FRATERNIDAD MEDELLÍN CTA,,
10514200013607,C. E. R. SARDINAS,105142000136,I. E. GABRIEL CORREA VELEZ,5142,CARACOLI,Nordeste,FRATERNIDAD MEDELLÍN CTA,,
10514200013608,C. E. R. VEINTE DE JULIO,105142000136,I. E. GABRIEL CORREA VELEZ,5142,CARACOLI,Nordeste,FRATERNIDAD MEDELLÍN CTA,,
10514200013601,I. E. GABRIEL CORREA VELEZ,105142000136,I. E. GABRIEL CORREA VELEZ,5142,CARACOLI,Nordeste,FRATERNIDAD MEDELLÍN CTA,,
10514200013602,RODOLFO CEBALLOS,105142000136,I. E. GABRIEL CORREA VELEZ,5142,CARACOLI,Nordeste,FRATERNIDAD MEDELLÍN CTA,,
10519000018105,C. E. R. BELLAVISTA,105190000181,I. E. CISNEROS,5190,CISNEROS,Nordeste,CORPOEDUCACIÓN,https://drive.google.com/file/d/1u0QRxvzeTJ-WUgrYBglXqjSYfLxkDzDs/view?usp=sharing,
10519000018106,C. E. R. EL BRASIL,105190000181,I. E. CISNEROS,5190,CISNEROS,Nordeste,CORPOEDUCACIÓN,https://drive.google.com/file/d/1uBEKDLawGxDmX85IMA1Vb0jeNPh0L5Ih/view?usp=sharing,
10519000018104,C. E. R. EL CADILLO,105190000181,I. E. CISNEROS,5190,CISNEROS,Nordeste,CORPOEDUCACIÓN,https://drive.google.com/file/d/17UHJqVj7NIHcHqP0_YNMMVjgarH4LyI6/view?usp=sharing,
10519000018107,C. E. R. EL LIMON,105190000181,I. E. CISNEROS,5190,CISNEROS,Nordeste,CORPOEDUCACIÓN,https://drive.google.com/file/d/1iYEXJu75xk0837xaY8kBVeY8R9fGIHlY/view?usp=sharing,
10519000018112,C. E. R. EL PEDRERO,105190000181,I. E. CISNEROS,5190,CISNEROS,Nordeste,CORPOEDUCACIÓN,,
10519000018111,C. E. R. EL SILENCIO,105190000181,I. E. CISNEROS,5190,CISNEROS,Nordeste,CORPOEDUCACIÓN,,
10519000018108,C. E. R. LUIS GONZALO CADAVID PEREZ,105190000181,I. E. CISNEROS,5190,CISNEROS,Nordeste,CORPOEDUCACIÓN,https://drive.google.com/file/d/18yOStTvG9jKYAx-VZq08vicqO91Xc4aY/view?usp=sharing,
10519000018109,C. E. R. PALMIRA,105190000181,I. E. CISNEROS,5190,CISNEROS,Nordeste,CORPOEDUCACIÓN,https://drive.google.com/file/d/1kW3pEzRFj9mlgGqIBNcWsur6g_tSZIV8/view?usp=sharing,
10519000018110,C. E. R. SABANALARGA,105190000181,I. E. CISNEROS,5190,CISNEROS,Nordeste,CORPOEDUCACIÓN,https://drive.google.com/file/d/1qxk0a_44nE_lhUxtRXgdfEHYxb5QsRWH/view?usp=sharing,
10519000018103,E U CONCEPCION RESTREPO,105190000181,I. E. CISNEROS,5190,CISNEROS,Nordeste,CORPOEDUCACIÓN,https://drive.google.com/file/d/1Apf8tmi41r7-1QPwSwrAUNsvEjoIMlAo/view?usp=sharing,
10519000018102,E U JESUS MARIA DUQUE,105190000181,I. E. CISNEROS,5190,CISNEROS,Nordeste,CORPOEDUCACIÓN,,
10519000018101,LICEO CISNEROS,105190000181,I. E. CISNEROS,5190,CISNEROS,Nordeste,CORPOEDUCACIÓN,,
10542500001907,CORRALES - LA CUCHILLA,105425000019,INSTITUCION EDUCATIVA FILIBERTO RESTREPO SIERRA,5425,MACEO,Nordeste,FRATERNIDAD MEDELLÍN CTA,,
10542500001903,GUARDASOL,105425000019,INSTITUCION EDUCATIVA FILIBERTO RESTREPO SIERRA,5425,MACEO,Nordeste,FRATERNIDAD MEDELLÍN CTA,,
10542500001901,INSTITUCION EDUCATIVA FILIBERTO RESTREPO SIERRA,105425000019,INSTITUCION EDUCATIVA FILIBERTO RESTREPO SIERRA,5425,MACEO,Nordeste,FRATERNIDAD MEDELLÍN CTA,,
10542500001904,LA PALOMA,105425000019,INSTITUCION EDUCATIVA FILIBERTO RESTREPO SIERRA,5425,MACEO,Nordeste,FRATERNIDAD MEDELLÍN CTA,,
10542500001902,PRESBITERO JAIME LEON RESTREPO LOPEZ ,105425000019,INSTITUCION EDUCATIVA FILIBERTO RESTREPO SIERRA,5425,MACEO,Nordeste,FRATERNIDAD MEDELLÍN CTA,,
10542500001906,SAN LAUREANO,105425000019,INSTITUCION EDUCATIVA FILIBERTO RESTREPO SIERRA,5425,MACEO,Nordeste,FRATERNIDAD MEDELLÍN CTA,,
10542500001905,SAN LUIS,105425000019,INSTITUCION EDUCATIVA FILIBERTO RESTREPO SIERRA,5425,MACEO,Nordeste,FRATERNIDAD MEDELLÍN CTA,,
20542500011102,EL INGENIO,205425000111,INSTITUCION EDUCATIVA RURAL CRISTO REY,5425,MACEO,Nordeste,FRATERNIDAD MEDELLÍN CTA,https://drive.google.com/file/d/1cgMQpW3URzvwHJCW3cMfZ1ooAGEzQ6cr/view?usp=sharing,
20542500011101,I. E. R. CRISTO REY,205425000111,INSTITUCION EDUCATIVA RURAL CRISTO REY,5425,MACEO,Nordeste,FRATERNIDAD MEDELLÍN CTA,https://drive.google.com/file/d/1wvjnClc2LmXY5ZdS59A8LnuoZ_eev4UD/view?usp=sharing,
20542500011104,JOAQUIN GUILLERMO MARTINEZ DIAZ LA PUREZA,205425000111,INSTITUCION EDUCATIVA RURAL CRISTO REY,5425,MACEO,Nordeste,FRATERNIDAD MEDELLÍN CTA,,
20542500011114,LA UNION,205425000111,INSTITUCION EDUCATIVA RURAL CRISTO REY,5425,MACEO,Nordeste,FRATERNIDAD MEDELLÍN CTA,https://drive.google.com/file/d/1RvLTVXozrrT9PVSCEaiqKGuRxlwFVDXf/view?usp=sharing,
20542500011107,SAN ANTONIO,205425000111,INSTITUCION EDUCATIVA RURAL CRISTO REY,5425,MACEO,Nordeste,FRATERNIDAD MEDELLÍN CTA,,
20542500011113,SAN IGNACIO,205425000111,INSTITUCION EDUCATIVA RURAL CRISTO REY,5425,MACEO,Nordeste,FRATERNIDAD MEDELLÍN CTA,,
20542500011109,SAN PEDRO,205425000111,INSTITUCION EDUCATIVA RURAL CRISTO REY,5425,MACEO,Nordeste,FRATERNIDAD MEDELLÍN CTA,,
20542500011112,TRES PIEDRAS,205425000111,INSTITUCION EDUCATIVA RURAL CRISTO REY,5425,MACEO,Nordeste,FRATERNIDAD MEDELLÍN CTA,,
20542500005602,ALTO DE DOLORES,205425000056,INSTITUCION EDUCATIVA RURAL LA FLORESTA,5425,MACEO,Nordeste,FRATERNIDAD MEDELLÍN CTA,,
20542500005601,I. E. R. LA FLORESTA,205425000056,INSTITUCION EDUCATIVA RURAL LA FLORESTA,5425,MACEO,Nordeste,FRATERNIDAD MEDELLÍN CTA,https://drive.google.com/file/d/1dUPG-8HX6iXvyaTutj9yMzpcltfmX1pZ/view?usp=sharing,
20542500005604,LAS BRISAS,205425000056,INSTITUCION EDUCATIVA RURAL LA FLORESTA,5425,MACEO,Nordeste,FRATERNIDAD MEDELLÍN CTA,,
20560400082410,C. E. R. BOMINAS,205604000824,I. E. LLANO DE CORDOBA,5604,REMEDIOS,Nordeste,CORPOEDUCACIÓN,,
20560400082407,C. E. R. CAMPO VIJAO,205604000824,I. E. LLANO DE CORDOBA,5604,REMEDIOS,Nordeste,CORPOEDUCACIÓN,,
20560400082404,C. E. R. CHIQUILLO,205604000824,I. E. LLANO DE CORDOBA,5604,REMEDIOS,Nordeste,CORPOEDUCACIÓN,,
20560400082405,C. E. R. CHORRO DE LAGRIMAS,205604000824,I. E. LLANO DE CORDOBA,5604,REMEDIOS,Nordeste,CORPOEDUCACIÓN,,
20560400082403,C. E. R. COSTEÑAL,205604000824,I. E. LLANO DE CORDOBA,5604,REMEDIOS,Nordeste,CORPOEDUCACIÓN,,
20560400082408,C. E. R. EL SALADO,205604000824,I. E. LLANO DE CORDOBA,5604,REMEDIOS,Nordeste,CORPOEDUCACIÓN,,
20560400082406,C. E. R. LA ARGELIA,205604000824,I. E. LLANO DE CORDOBA,5604,REMEDIOS,Nordeste,CORPOEDUCACIÓN,,
20560400082409,C. E. R. LEJANIAS,205604000824,I. E. LLANO DE CORDOBA,5604,REMEDIOS,Nordeste,CORPOEDUCACIÓN,,
20560400082401,I. E. LLANO DE CORDOBA,205604000824,I. E. LLANO DE CORDOBA,5604,REMEDIOS,Nordeste,CORPOEDUCACIÓN,https://drive.google.com/file/d/1UN7Oyt3L9oCQbIsrh-nqWGGqHIcZoVEs/view?usp=sharing,
10560400001311,C. E. R. CAÑAVERAL,105604000013,I.E. IGNACIO YEPES YEPES,5604,REMEDIOS,Nordeste,CORPOEDUCACIÓN,,
10560400001306,C. E. R. EL POPERO,105604000013,I.E. IGNACIO YEPES YEPES,5604,REMEDIOS,Nordeste,CORPOEDUCACIÓN,,
10560400001310,C. E. R. LA CEIBA,105604000013,I.E. IGNACIO YEPES YEPES,5604,REMEDIOS,Nordeste,CORPOEDUCACIÓN,,
10560400001308,C. E. R. LA CRUZ,105604000013,I.E. IGNACIO YEPES YEPES,5604,REMEDIOS,Nordeste,CORPOEDUCACIÓN,,
10560400001309,C. E. R. LA GORGONA,105604000013,I.E. IGNACIO YEPES YEPES,5604,REMEDIOS,Nordeste,CORPOEDUCACIÓN,,
10560400001304,C. E. R. MARTANA,105604000013,I.E. IGNACIO YEPES YEPES,5604,REMEDIOS,Nordeste,CORPOEDUCACIÓN,https://drive.google.com/file/d/1kR42F62zgR_50SujII6fW2nrS79p2pnC/view?usp=sharing,
10560400001307,C. E. R. PASO DE LA MULA,105604000013,I.E. IGNACIO YEPES YEPES,5604,REMEDIOS,Nordeste,CORPOEDUCACIÓN,,
10560400001305,C. E. R. SANTA LUCIA,105604000013,I.E. IGNACIO YEPES YEPES,5604,REMEDIOS,Nordeste,CORPOEDUCACIÓN,,
10560400001302,E U REMEDIOS,105604000013,I.E. IGNACIO YEPES YEPES,5604,REMEDIOS,Nordeste,CORPOEDUCACIÓN,,
10560400001302,E U REMEDIOS,105604000013,I.E. IGNACIO YEPES YEPES,5604,REMEDIOS,Nordeste,CORPOEDUCACIÓN,,
10560400001303,E U SANTA TERESITA,105604000013,I.E. IGNACIO YEPES YEPES,5604,REMEDIOS,Nordeste,CORPOEDUCACIÓN,,
10560400001303,E U SANTA TERESITA,105604000013,I.E. IGNACIO YEPES YEPES,5604,REMEDIOS,Nordeste,CORPOEDUCACIÓN,https://drive.google.com/file/d/1kAU7jzZXu98Zo9cxNOEIAvoxO-1GnUhN/view?usp=sharing,
10560400001312,EL PIÑAL,105604000013,I.E. IGNACIO YEPES YEPES,5604,REMEDIOS,Nordeste,CORPOEDUCACIÓN,,
10560400001301,LICEO IGNACIO YEPES YEPES,105604000013,I.E. IGNACIO YEPES YEPES,5604,REMEDIOS,Nordeste,CORPOEDUCACIÓN,,
10560400001313,RIONEGRITO,105604000013,I.E. IGNACIO YEPES YEPES,5604,REMEDIOS,Nordeste,CORPOEDUCACIÓN,,
20560400104910,C. E. R. CARRIZAL,205604001049,INSTITUCION EDUCATIVA RURAL LA CRUZADA,5604,REMEDIOS,Nordeste,CORPOEDUCACIÓN,,
20560400104907,C. E. R. CHORROLINDO,205604001049,INSTITUCION EDUCATIVA RURAL LA CRUZADA,5604,REMEDIOS,Nordeste,CORPOEDUCACIÓN,,
20560400104906,C. E. R. SAN MATEO,205604001049,INSTITUCION EDUCATIVA RURAL LA CRUZADA,5604,REMEDIOS,Nordeste,CORPOEDUCACIÓN,,
20560400104901,COLEGIO LA CRUZADA,205604001049,INSTITUCION EDUCATIVA RURAL LA CRUZADA,5604,REMEDIOS,Nordeste,CORPOEDUCACIÓN,,
20560400104901,COLEGIO LA CRUZADA,205604001049,INSTITUCION EDUCATIVA RURAL LA CRUZADA,5604,REMEDIOS,Nordeste,CORPOEDUCACIÓN,https://drive.google.com/file/d/1IuufNm4Pt-jMdabNosMuI9wMvnTxr1Bt/view?usp=sharing,
20560400104903,E R BELEN,205604001049,INSTITUCION EDUCATIVA RURAL LA CRUZADA,5604,REMEDIOS,Nordeste,CORPOEDUCACIÓN,,
20560400104904,E R I PLATANALES,205604001049,INSTITUCION EDUCATIVA RURAL LA CRUZADA,5604,REMEDIOS,Nordeste,CORPOEDUCACIÓN,https://drive.google.com/file/d/17FTNXrMFsLsGb7UI9P8eF5OcunUUcfN_/view?usp=sharing,
20560400104902,E R SANTA ANA,205604001049,INSTITUCION EDUCATIVA RURAL LA CRUZADA,5604,REMEDIOS,Nordeste,CORPOEDUCACIÓN,,
20560400104911,INSTITUCION EDUCATIVA RURAL LA CRUZADA SEDE B,205604001049,INSTITUCION EDUCATIVA RURAL LA CRUZADA,5604,REMEDIOS,Nordeste,CORPOEDUCACIÓN,,
20560400101406,C. E. R. NUSNA,205604001014,INSTITUCION EDUCATIVA RURAL PABLO VI,5604,REMEDIOS,Nordeste,CORPOEDUCACIÓN,,
20560400101404,C. E. R. OCACITO,205604001014,INSTITUCION EDUCATIVA RURAL PABLO VI,5604,REMEDIOS,Nordeste,CORPOEDUCACIÓN,,
20560400101410,C. E. R. OTU,205604001014,INSTITUCION EDUCATIVA RURAL PABLO VI,5604,REMEDIOS,Nordeste,CORPOEDUCACIÓN,https://drive.google.com/file/d/1PWo9WNcVmvbwSWb1ukShWikQs8AH8B-x/view?usp=sharing,
20560400101409,C. E. R. SAN CRISTOBAL,205604001014,INSTITUCION EDUCATIVA RURAL PABLO VI,5604,REMEDIOS,Nordeste,CORPOEDUCACIÓN,https://drive.google.com/file/d/1G-Fwl8ZDKoHLRC0tpVs9qusr99x0JXuk/view?usp=sharing,
20560400101401,COLEGIO PABLO VI,205604001014,INSTITUCION EDUCATIVA RURAL PABLO VI,5604,REMEDIOS,Nordeste,CORPOEDUCACIÓN,https://drive.google.com/file/d/1lnySt9dz2Fr5leu39v8nq6kMqCCE-I3n/view?usp=sharing,
20560400101402,E R LOS LAGOS ,205604001014,INSTITUCION EDUCATIVA RURAL PABLO VI,5604,REMEDIOS,Nordeste,CORPOEDUCACIÓN,https://drive.google.com/file/d/1b_KbOEc-zGT4-cF7bXPTi4hS5_2CEJxk/view?usp=sharing,
10567000041501,I. E. PRESBITERO ABRAHAN JARAMILLO,105670000415,I. E. PRESBITERO ABRAHAN JARAMILLO,5670,SAN ROQUE,Nordeste,CORPOEDUCACIÓN,https://drive.google.com/file/d/1JQCAOTBuzuaBib5j_XfJofnrDrZJ7c1r/view?usp=sharing,
20567000033901,COLEGIO CRISTALES,205670000339,I. E. R. CRISTALES,5670,SAN ROQUE,Nordeste,CORPOEDUCACIÓN,,
20567000081901,I. E. R. PROVIDENCIA,205670000819,I. E. R. PROVIDENCIA,5670,SAN ROQUE,Nordeste,CORPOEDUCACIÓN,https://drive.google.com/file/d/15U8aCZAR2RaDS2nqXIcBYaIJaYx2EMM8/view?usp=sharing,
20567000045201,COLEGIO SAN JOSE DEL NUS,205670000452,I. E. R. SAN JOSE DEL NUS,5670,SAN ROQUE,Nordeste,CORPOEDUCACIÓN,,
20567000045203,IER SAN JOSE DEL NUS SEDE II,205670000452,I. E. R. SAN JOSE DEL NUS,5670,SAN ROQUE,Nordeste,CORPOEDUCACIÓN,,
20567000072002,C. E. R. ANTONIA SANTOS,205670000720,I.E.R. SAN JUAN,5670,SAN ROQUE,Nordeste,CORPOEDUCACIÓN,,
20567000072003,C. E. R. ANTONIO NARIÑO,205670000720,I.E.R. SAN JUAN,5670,SAN ROQUE,Nordeste,CORPOEDUCACIÓN,,
20567000072021,C. E. R. BRASIL,205670000720,I.E.R. SAN JUAN,5670,SAN ROQUE,Nordeste,CORPOEDUCACIÓN,,
20567000072022,C. E. R. DOCTOR ALEJANDRO GOMEZ DIEZ,205670000720,I.E.R. SAN JUAN,5670,SAN ROQUE,Nordeste,CORPOEDUCACIÓN,,
20567000072023,C. E. R. EL BARCINO,205670000720,I.E.R. SAN JUAN,5670,SAN ROQUE,Nordeste,CORPOEDUCACIÓN,https://drive.google.com/file/d/1WwpzA3sRfKvWEgUnDx2gkxNtiQARnvLF/view?usp=sharing,
20567000072004,C. E. R. EL CARMEN,205670000720,I.E.R. SAN JUAN,5670,SAN ROQUE,Nordeste,CORPOEDUCACIÓN,https://drive.google.com/file/d/1C2rVN1TgxvPWwqgSOmSrt5TbrxU6hhPh/view?usp=sharing,
20567000072024,C. E. R. EL DIAMANTE,205670000720,I.E.R. SAN JUAN,5670,SAN ROQUE,Nordeste,CORPOEDUCACIÓN,,
20567000072005,C. E. R. LA CANDELARIA,205670000720,I.E.R. SAN JUAN,5670,SAN ROQUE,Nordeste,CORPOEDUCACIÓN,,
20567000072006,C. E. R. LA CEIBA,205670000720,I.E.R. SAN JUAN,5670,SAN ROQUE,Nordeste,CORPOEDUCACIÓN,,
20567000072007,C. E. R. LA FLORESTA,205670000720,I.E.R. SAN JUAN,5670,SAN ROQUE,Nordeste,CORPOEDUCACIÓN,,
20567000072008,C. E. R. LA GUZMANA ALTA,205670000720,I.E.R. SAN JUAN,5670,SAN ROQUE,Nordeste,CORPOEDUCACIÓN,https://drive.google.com/file/d/17EtOOLhyzh0BsDH0qLPU6pJ8pshISf-G/view?usp=sharing,
20567000072025,C. E. R. LA JOTA,205670000720,I.E.R. SAN JUAN,5670,SAN ROQUE,Nordeste,CORPOEDUCACIÓN,https://drive.google.com/file/d/1n4aXBLT2F4tqJv1TQVkz3OMMZ8Q8Gwzt/view?usp=sharing,
20567000072009,C. E. R. LA MORA,205670000720,I.E.R. SAN JUAN,5670,SAN ROQUE,Nordeste,CORPOEDUCACIÓN,,
20567000072041,C. E. R. MARBELLA,205670000720,I.E.R. SAN JUAN,5670,SAN ROQUE,Nordeste,CORPOEDUCACIÓN,,
20567000072042,C. E. R. MONTEMAR,205670000720,I.E.R. SAN JUAN,5670,SAN ROQUE,Nordeste,CORPOEDUCACIÓN,https://drive.google.com/file/d/1Yjk9SMLdQl5AnZH-JahH2SZ4WJiuxmqw/view?usp=sharing,
20567000072043,C. E. R. MULATAL,205670000720,I.E.R. SAN JUAN,5670,SAN ROQUE,Nordeste,CORPOEDUCACIÓN,,
10567000093810,C. E. R. PATIO BONITO,205670000720,I.E.R. SAN JUAN,5670,SAN ROQUE,Nordeste,CORPOEDUCACIÓN,,
20567000072031,C. E. R. PEÑAS AZULES,205670000720,I.E.R. SAN JUAN,5670,SAN ROQUE,Nordeste,CORPOEDUCACIÓN,,
20567000072032,C. E. R. SAN ANTONIO,205670000720,I.E.R. SAN JUAN,5670,SAN ROQUE,Nordeste,CORPOEDUCACIÓN,,
20567000072044,C. E. R. SAN JOAQUIN,205670000720,I.E.R. SAN JUAN,5670,SAN ROQUE,Nordeste,CORPOEDUCACIÓN,,
20567000072011,C. E. R. SAN JORGE,205670000720,I.E.R. SAN JUAN,5670,SAN ROQUE,Nordeste,CORPOEDUCACIÓN,,
20567000072012,C. E. R. SAN PABLO,205670000720,I.E.R. SAN JUAN,5670,SAN ROQUE,Nordeste,CORPOEDUCACIÓN,https://drive.google.com/file/d/117_cI3pkh33CHwf6KvFwQs2MiTO3ENLv/view?usp=sharing,
20567000072013,C. E. R. SANTA BARBARA,205670000720,I.E.R. SAN JUAN,5670,SAN ROQUE,Nordeste,CORPOEDUCACIÓN,,
20567000072026,C. E. R. SANTA ISABEL DEL NARE,205670000720,I.E.R. SAN JUAN,5670,SAN ROQUE,Nordeste,CORPOEDUCACIÓN,,
20567000072045,C. E. R. SANTA TERESA,205670000720,I.E.R. SAN JUAN,5670,SAN ROQUE,Nordeste,CORPOEDUCACIÓN,,
20567000072014,COLEGIO EL TACHIRA,205670000720,I.E.R. SAN JUAN,5670,SAN ROQUE,Nordeste,CORPOEDUCACIÓN,,
20567000072046,E R EFE GOMEZ,205670000720,I.E.R. SAN JUAN,5670,SAN ROQUE,Nordeste,CORPOEDUCACIÓN,,
20567000072033,E R EL DILUVIO,205670000720,I.E.R. SAN JUAN,5670,SAN ROQUE,Nordeste,CORPOEDUCACIÓN,https://drive.google.com/file/d/1YzSedEfFil-eyN5MFcdeD86MGiRiHJON/view?usp=sharing,
20567000072028,E R EL JARDIN,205670000720,I.E.R. SAN JUAN,5670,SAN ROQUE,Nordeste,CORPOEDUCACIÓN,https://drive.google.com/file/d/1ibqg06D0dAr28-KA-URlgvkhncQh8LUC/view?usp=sharing,
20567000072034,E R GUACAS,205670000720,I.E.R. SAN JUAN,5670,SAN ROQUE,Nordeste,CORPOEDUCACIÓN,,
20567000072035,E R I MANIZALES,205670000720,I.E.R. SAN JUAN,5670,SAN ROQUE,Nordeste,CORPOEDUCACIÓN,,
20567000072015,E R LA GOMEZ,205670000720,I.E.R. SAN JUAN,5670,SAN ROQUE,Nordeste,CORPOEDUCACIÓN,,
20567000072037,E R LIBORIO MEJIA ,205670000720,I.E.R. SAN JUAN,5670,SAN ROQUE,Nordeste,CORPOEDUCACIÓN,https://drive.google.com/file/d/1zxNqJ2GIV5UJgpf-7kJINvWGOpQXDr_C/view?usp=sharing,
20567000072016,E R MONTEALEGRE,205670000720,I.E.R. SAN JUAN,5670,SAN ROQUE,Nordeste,CORPOEDUCACIÓN,,
20567000072038,E R POLICARPA SALAVARRIETA ,205670000720,I.E.R. SAN JUAN,5670,SAN ROQUE,Nordeste,CORPOEDUCACIÓN,,
20567000072039,E.R. LA MARIA,205670000720,I.E.R. SAN JUAN,5670,SAN ROQUE,Nordeste,CORPOEDUCACIÓN,https://drive.google.com/file/d/1dECJL13rlt2T50dxn1IkBo4c4yQ-L3ID/view?usp=sharing,
20567000072040,E.R. LA TRINIDAD,205670000720,I.E.R. SAN JUAN,5670,SAN ROQUE,Nordeste,CORPOEDUCACIÓN,https://drive.google.com/file/d/1ewnSXvIdpmnPP4gy41qYHYjnNjhPgDfs/view?usp=sharing,
20567000072029,I. E R LAS PALMAS,205670000720,I.E.R. SAN JUAN,5670,SAN ROQUE,Nordeste,CORPOEDUCACIÓN,,
20567000072030,I. E. R. CABILDO,205670000720,I.E.R. SAN JUAN,5670,SAN ROQUE,Nordeste,CORPOEDUCACIÓN,,
20567000072017,I. E. R. LA FLORIDA,205670000720,I.E.R. SAN JUAN,5670,SAN ROQUE,Nordeste,CORPOEDUCACIÓN,,
20567000072018,I. E. R. LA PUREZA,205670000720,I.E.R. SAN JUAN,5670,SAN ROQUE,Nordeste,CORPOEDUCACIÓN,https://drive.google.com/file/d/1r6or02l888yX7xiN11HeBvhaBXvuXMs3/view?usp=sharing,
20567000072019,I. E. R. SAN JOSE DEL NARE,205670000720,I.E.R. SAN JUAN,5670,SAN ROQUE,Nordeste,CORPOEDUCACIÓN,https://drive.google.com/file/d/1wdTtnQZ9U6anxm5XYVmfgeAPW2X703KV/view?usp=sharing,
20567000072020,I. E. R. SAN MATIAS,205670000720,I.E.R. SAN JUAN,5670,SAN ROQUE,Nordeste,CORPOEDUCACIÓN,https://drive.google.com/file/d/1yZ9lxiHXhuZUWz6MW9VMEr0KWkyAQUmt/view?usp=sharing,
20567000072001,I.E.R. SAN JUAN,205670000720,I.E.R. SAN JUAN,5670,SAN ROQUE,Nordeste,CORPOEDUCACIÓN,https://drive.google.com/file/d/1s2OEzCqXFrVLf0-D5qdg-0AnSW2qVXg6/view?usp=sharing,
10567000093801,I. E. NORMAL SUPERIOR DE SAN ROQUE,105670000938,INSTITUCION EDUCATIVA NORMAL SUPERIOR DE SAN ROQUE,5670,SAN ROQUE,Nordeste,CORPOEDUCACIÓN,https://drive.google.com/file/d/1Fq1TJIKKUCi1YXDcxg-ywOBsDHCOUVPx/view?usp=sharing,
20569000027101,COLEGIO BOTERO,205690000271,INSTITUCION EDUCATIVA RURAL BOTERO,5690,SANTO DOMINGO,Nordeste,CORPOEDUCACIÓN,,
20569000027105,LA EME,205690000271,INSTITUCION EDUCATIVA RURAL BOTERO,5690,SANTO DOMINGO,Nordeste,CORPOEDUCACIÓN,https://drive.google.com/file/d/10R1vGA84SLRhc2rJ4v_T3LXaP8ssmrss/view?usp=sharing,
20569000027109,LA UNION,205690000271,INSTITUCION EDUCATIVA RURAL BOTERO,5690,SANTO DOMINGO,Nordeste,CORPOEDUCACIÓN,https://drive.google.com/file/d/1aBh5pkhix67wTdrVW-tXP4mCrisUeY33/view?usp=sharing,
20569000027102,LAS BEATRICES,205690000271,INSTITUCION EDUCATIVA RURAL BOTERO,5690,SANTO DOMINGO,Nordeste,CORPOEDUCACIÓN,,
20569000027110,NUSITO,205690000271,INSTITUCION EDUCATIVA RURAL BOTERO,5690,SANTO DOMINGO,Nordeste,CORPOEDUCACIÓN,,
20569000027103,PIEDRA GORDA,205690000271,INSTITUCION EDUCATIVA RURAL BOTERO,5690,SANTO DOMINGO,Nordeste,CORPOEDUCACIÓN,,
20569000027108,QUEBRADONA,205690000271,INSTITUCION EDUCATIVA RURAL BOTERO,5690,SANTO DOMINGO,Nordeste,CORPOEDUCACIÓN,https://drive.google.com/file/d/1xfdWbmpvmmv8y_Dps8ouKDeQoUbTciJk/view?usp=sharing,
20569000027112,QUEBRADONA - BRASIL,205690000271,INSTITUCION EDUCATIVA RURAL BOTERO,5690,SANTO DOMINGO,Nordeste,CORPOEDUCACIÓN,,
20569000027106,SAN PEDRO,205690000271,INSTITUCION EDUCATIVA RURAL BOTERO,5690,SANTO DOMINGO,Nordeste,CORPOEDUCACIÓN,,
20569000027107,SANTA GERTRUDIS,205690000271,INSTITUCION EDUCATIVA RURAL BOTERO,5690,SANTO DOMINGO,Nordeste,CORPOEDUCACIÓN,https://drive.google.com/file/d/1kw_Sxg8B-nOjVkQpbOvCIL9cCEnhRJx1/view?usp=sharing,
20569000027111,SANTA RITA,205690000271,INSTITUCION EDUCATIVA RURAL BOTERO,5690,SANTO DOMINGO,Nordeste,CORPOEDUCACIÓN,,
20569000027104,VAINILLAL,205690000271,INSTITUCION EDUCATIVA RURAL BOTERO,5690,SANTO DOMINGO,Nordeste,CORPOEDUCACIÓN,,
20569000031905,CUBILETES,205690000319,INSTITUCION EDUCATIVA RURAL PEDRO PABLO CASTRILLON,5690,SANTO DOMINGO,Nordeste,CORPOEDUCACIÓN,,
20569000031908,DOLORES,205690000319,INSTITUCION EDUCATIVA RURAL PEDRO PABLO CASTRILLON,5690,SANTO DOMINGO,Nordeste,CORPOEDUCACIÓN,https://drive.google.com/file/d/10JBBdPJbfIfwqe0tu_HMkGUVBxIQHam1/view?usp=sharing,
20569000031909,EL ANIME,205690000319,INSTITUCION EDUCATIVA RURAL PEDRO PABLO CASTRILLON,5690,SANTO DOMINGO,Nordeste,CORPOEDUCACIÓN,,
20569000031910,EL CHUSCAL,205690000319,INSTITUCION EDUCATIVA RURAL PEDRO PABLO CASTRILLON,5690,SANTO DOMINGO,Nordeste,CORPOEDUCACIÓN,,
20569000031906,EL RAYO,205690000319,INSTITUCION EDUCATIVA RURAL PEDRO PABLO CASTRILLON,5690,SANTO DOMINGO,Nordeste,CORPOEDUCACIÓN,,
20569000031904,FALDAS DEL NUS,205690000319,INSTITUCION EDUCATIVA RURAL PEDRO PABLO CASTRILLON,5690,SANTO DOMINGO,Nordeste,CORPOEDUCACIÓN,,
20569000031915,IER PEDRO PABLO CASTRILLON SEDE II,205690000319,INSTITUCION EDUCATIVA RURAL PEDRO PABLO CASTRILLON,5690,SANTO DOMINGO,Nordeste,CORPOEDUCACIÓN,,
20569000031903,LA QUIEBRA,205690000319,INSTITUCION EDUCATIVA RURAL PEDRO PABLO CASTRILLON,5690,SANTO DOMINGO,Nordeste,CORPOEDUCACIÓN,https://drive.google.com/file/d/1XOmbarqopXjVHP-FTOjUFuktb9iT6EHo/view?usp=sharing,
20569000031911,LAS ANIMAS,205690000319,INSTITUCION EDUCATIVA RURAL PEDRO PABLO CASTRILLON,5690,SANTO DOMINGO,Nordeste,CORPOEDUCACIÓN,,
20569000031901,LICEO PEDRO PABLO CASTRILLON,205690000319,INSTITUCION EDUCATIVA RURAL PEDRO PABLO CASTRILLON,5690,SANTO DOMINGO,Nordeste,CORPOEDUCACIÓN,,
20569000031912,MONSEÑOR GERARDO VALENCIA,205690000319,INSTITUCION EDUCATIVA RURAL PEDRO PABLO CASTRILLON,5690,SANTO DOMINGO,Nordeste,CORPOEDUCACIÓN,https://drive.google.com/file/d/1R1CL9fRoRepzpBYo1d_Dzr0dELyD3Q6t/view?usp=sharing,
20569000031914,MONTEBELLO,205690000319,INSTITUCION EDUCATIVA RURAL PEDRO PABLO CASTRILLON,5690,SANTO DOMINGO,Nordeste,CORPOEDUCACIÓN,https://drive.google.com/file/d/1VlRYteqvq5h8Le18EjwKf3WtfcRhrndW/view?usp=sharing,
20569000031913,PIEDRAS BLANCAS,205690000319,INSTITUCION EDUCATIVA RURAL PEDRO PABLO CASTRILLON,5690,SANTO DOMINGO,Nordeste,CORPOEDUCACIÓN,,
20569000031907,PLAYAS,205690000319,INSTITUCION EDUCATIVA RURAL PEDRO PABLO CASTRILLON,5690,SANTO DOMINGO,Nordeste,CORPOEDUCACIÓN,https://drive.google.com/file/d/1CvXqqsXN_Ebs7tq-riLoi-EOB5dTltbd/view?usp=sharing,
20569000026206,EL ROSARIO,205690000262,INSTITUCION EDUCATIVA RURAL PORCESITO,5690,SANTO DOMINGO,Nordeste,CORPOEDUCACIÓN,,
20569000026201,I. E. R. PORCESITO,205690000262,INSTITUCION EDUCATIVA RURAL PORCESITO,5690,SANTO DOMINGO,Nordeste,CORPOEDUCACIÓN,https://drive.google.com/file/d/1sabidnroxLJfgdzKDFbSt5fBAOnO5xrZ/view?usp=sharing,
20569000026202,LA COMBA,205690000262,INSTITUCION EDUCATIVA RURAL PORCESITO,5690,SANTO DOMINGO,Nordeste,CORPOEDUCACIÓN,,
20569000026203,LA PRIMAVERA,205690000262,INSTITUCION EDUCATIVA RURAL PORCESITO,5690,SANTO DOMINGO,Nordeste,CORPOEDUCACIÓN,,
20569000026207,LOS NARANJOS,205690000262,INSTITUCION EDUCATIVA RURAL PORCESITO,5690,SANTO DOMINGO,Nordeste,CORPOEDUCACIÓN,,
20569000026204,PLAYAS DEL NARE,205690000262,INSTITUCION EDUCATIVA RURAL PORCESITO,5690,SANTO DOMINGO,Nordeste,CORPOEDUCACIÓN,,
20569000026205,SAN LUIS,205690000262,INSTITUCION EDUCATIVA RURAL PORCESITO,5690,SANTO DOMINGO,Nordeste,CORPOEDUCACIÓN,,
20569000038606,BALSAL,205690000386,INSTITUCION EDUCATIVA RURAL ROBERTO LOPEZ GOMEZ,5690,SANTO DOMINGO,Nordeste,CORPOEDUCACIÓN,,
20569000038611,CANTAYUS,205690000386,INSTITUCION EDUCATIVA RURAL ROBERTO LOPEZ GOMEZ,5690,SANTO DOMINGO,Nordeste,CORPOEDUCACIÓN,,
20569000038601,COLEGIO ROBERTO LOPEZ GOMEZ,205690000386,INSTITUCION EDUCATIVA RURAL ROBERTO LOPEZ GOMEZ,5690,SANTO DOMINGO,Nordeste,CORPOEDUCACIÓN,https://drive.google.com/file/d/1-Pslb5rS6z5ovnqvrgoCfYyw6G92O7FZ/view?usp=sharing,
20569000038608,DELGADITA,205690000386,INSTITUCION EDUCATIVA RURAL ROBERTO LOPEZ GOMEZ,5690,SANTO DOMINGO,Nordeste,CORPOEDUCACIÓN,,
20569000038605,EL COMBO,205690000386,INSTITUCION EDUCATIVA RURAL ROBERTO LOPEZ GOMEZ,5690,SANTO DOMINGO,Nordeste,CORPOEDUCACIÓN,,
20569000038609,EL SALTILLO,205690000386,INSTITUCION EDUCATIVA RURAL ROBERTO LOPEZ GOMEZ,5690,SANTO DOMINGO,Nordeste,CORPOEDUCACIÓN,,
20569000038602,GUADUALEJO,205690000386,INSTITUCION EDUCATIVA RURAL ROBERTO LOPEZ GOMEZ,5690,SANTO DOMINGO,Nordeste,CORPOEDUCACIÓN,,
20569000038603,LA ESPERANZA,205690000386,INSTITUCION EDUCATIVA RURAL ROBERTO LOPEZ GOMEZ,5690,SANTO DOMINGO,Nordeste,CORPOEDUCACIÓN,,
20569000038607,LA PALMA,205690000386,INSTITUCION EDUCATIVA RURAL ROBERTO LOPEZ GOMEZ,5690,SANTO DOMINGO,Nordeste,CORPOEDUCACIÓN,,
20569000038604,SAN FRANCISCO,205690000386,INSTITUCION EDUCATIVA RURAL ROBERTO LOPEZ GOMEZ,5690,SANTO DOMINGO,Nordeste,CORPOEDUCACIÓN,,
20569000038610,SAN JAVIER,205690000386,INSTITUCION EDUCATIVA RURAL ROBERTO LOPEZ GOMEZ,5690,SANTO DOMINGO,Nordeste,CORPOEDUCACIÓN,,
20569000038612,SOFIA,205690000386,INSTITUCION EDUCATIVA RURAL ROBERTO LOPEZ GOMEZ,5690,SANTO DOMINGO,Nordeste,CORPOEDUCACIÓN,https://drive.google.com/file/d/1UOYQ6HjMb1T3pm9l-KGrJHmZiYRBaHUK/view?usp=sharing,
10569000032201,I. E. TECNICO INDUSTRIAL TOMAS CARRASQUILLA,105690000322,INSTITUCION EDUCATIVA TECNICO INDUSTRIAL TOMAS CARRASQUILLA,5690,SANTO DOMINGO,Nordeste,CORPOEDUCACIÓN,https://drive.google.com/file/d/1XxOZlUCLeqEfoVHCmFhOiMVjbXZ2LiGJ/view?usp=sharing,
10569000032202,MARIA JESUS CASTRILLON,105690000322,INSTITUCION EDUCATIVA TECNICO INDUSTRIAL TOMAS CARRASQUILLA,5690,SANTO DOMINGO,Nordeste,CORPOEDUCACIÓN,https://drive.google.com/file/d/1jjHRi6RxeB28rgBRajA5uhu1-q2ZSIPQ/view?usp=sharing,
10573600003905,C. E. R. SANTA ISABEL DE AMARA,105736000039,I. E. LIBORIO BATALLER,5736,SEGOVIA,Nordeste,CORPOEDUCACIÓN,,
10573600003907,C.E.R ARENALES,105736000039,I. E. LIBORIO BATALLER,5736,SEGOVIA,Nordeste,CORPOEDUCACIÓN,,
10573600003906,C.E.R CUTURU MEDIO,105736000039,I. E. LIBORIO BATALLER,5736,SEGOVIA,Nordeste,CORPOEDUCACIÓN,,
10573600003912,C.E.R HELECHALES DOS,105736000039,I. E. LIBORIO BATALLER,5736,SEGOVIA,Nordeste,CORPOEDUCACIÓN,,
10573600003910,C.E.R LAS GUAGUAS,105736000039,I. E. LIBORIO BATALLER,5736,SEGOVIA,Nordeste,CORPOEDUCACIÓN,,
10573600003901,COLEGIO LIBORIO BATALLER,105736000039,I. E. LIBORIO BATALLER,5736,SEGOVIA,Nordeste,CORPOEDUCACIÓN,,
10573600003903,E U JOSE ANTONIO GALAN ,105736000039,I. E. LIBORIO BATALLER,5736,SEGOVIA,Nordeste,CORPOEDUCACIÓN,,
10573600003903,E U JOSE ANTONIO GALAN ,105736000039,I. E. LIBORIO BATALLER,5736,SEGOVIA,Nordeste,CORPOEDUCACIÓN,https://drive.google.com/file/d/1YBx1WOqfbbldZrYrnn2tOnk5CIdr-Qbr/view?usp=sharing,
10573600003902,E U SAN MATEO ,105736000039,I. E. LIBORIO BATALLER,5736,SEGOVIA,Nordeste,CORPOEDUCACIÓN,https://drive.google.com/file/d/1CAttvdYxyf7AgEq3Qo8FGK_xPCJLXYC8/view?usp=sharing,
10573600003904,I.E.R. CAMPO ALEGRE ,105736000039,I. E. LIBORIO BATALLER,5736,SEGOVIA,Nordeste,CORPOEDUCACIÓN,https://drive.google.com/file/d/1pb7TKYQz8tDSpDHGNvMsntTcsyDc9Q8B/view?usp=sharing,
10573600003916,KOREA ALTA,105736000039,I. E. LIBORIO BATALLER,5736,SEGOVIA,Nordeste,CORPOEDUCACIÓN,,
10573600003919,LA PO,105736000039,I. E. LIBORIO BATALLER,5736,SEGOVIA,Nordeste,CORPOEDUCACIÓN,,
20573600023801,COLEGIO FRAY MARTIN DE PORRES,205736000238,I. E. R. FRAY MARTIN DE PORRES,5736,SEGOVIA,Nordeste,CORPOEDUCACIÓN,https://drive.google.com/file/d/1qsP8atzrGgp8YqB0F0fh9PgL-034WZL4/view?usp=sharing,
20573600023802,E R PUERTO CALAVERA ,205736000238,I. E. R. FRAY MARTIN DE PORRES,5736,SEGOVIA,Nordeste,CORPOEDUCACIÓN,https://drive.google.com/file/d/13k5VPPbuyDX-TAwxkmMQeqcGCrkeZ4oh/view?usp=sharing,
20573600023803,E.R.I. EL CENIZO ,205736000238,I. E. R. FRAY MARTIN DE PORRES,5736,SEGOVIA,Nordeste,CORPOEDUCACIÓN,https://drive.google.com/file/d/1j-HcljAOgW99CFq5nz91mBZ15ibq708Y/view?usp=sharing,
20573600023804,E.R.I. ESPERANZA Y ALEGRÍA ,205736000238,I. E. R. FRAY MARTIN DE PORRES,5736,SEGOVIA,Nordeste,CORPOEDUCACIÓN,,
20573600023805,E.R.I. LAURELES ,205736000238,I. E. R. FRAY MARTIN DE PORRES,5736,SEGOVIA,Nordeste,CORPOEDUCACIÓN,,
20573600023807,EL CRISTO,205736000238,I. E. R. FRAY MARTIN DE PORRES,5736,SEGOVIA,Nordeste,CORPOEDUCACIÓN,,
10573600005501,COLEGIO SANTO DOMINGO SAVIO,105736000055,I. E. SANTO DOMINGO SAVIO,5736,SEGOVIA,Nordeste,CORPOEDUCACIÓN,,
10573600005512,CUTURU ALTO,105736000055,I. E. SANTO DOMINGO SAVIO,5736,SEGOVIA,Nordeste,CORPOEDUCACIÓN,https://drive.google.com/file/d/1B-IIfLmLj9BNZ-nMqh3VJ4uqfQ2tUSS_/view?usp=sharing,
10573600005504,E R EL APORRIADO ,105736000055,I. E. SANTO DOMINGO SAVIO,5736,SEGOVIA,Nordeste,CORPOEDUCACIÓN,,
10573600005506,E U I MANUEL CEPEDA,105736000055,I. E. SANTO DOMINGO SAVIO,5736,SEGOVIA,Nordeste,CORPOEDUCACIÓN,,
10573600005506,E U I MANUEL CEPEDA,105736000055,I. E. SANTO DOMINGO SAVIO,5736,SEGOVIA,Nordeste,CORPOEDUCACIÓN,https://drive.google.com/file/d/1C5otm-JE9f3rlItEJr5Wsz9BxHCk4d_U/view?usp=sharing,
10573600005502,E U LA MADRE ,105736000055,I. E. SANTO DOMINGO SAVIO,5736,SEGOVIA,Nordeste,CORPOEDUCACIÓN,https://drive.google.com/file/d/1U53kiGsH1I20i6KiOOnyMX7HKdzmJfzg/view?usp=sharing,
10573600005503,E U MARIA GORETTI ,105736000055,I. E. SANTO DOMINGO SAVIO,5736,SEGOVIA,Nordeste,CORPOEDUCACIÓN,,
10573600005503,E U MARIA GORETTI ,105736000055,I. E. SANTO DOMINGO SAVIO,5736,SEGOVIA,Nordeste,CORPOEDUCACIÓN,https://drive.google.com/file/d/1NJeZY_F9qsifuraTCNmeIrJXaKipwdgk/view?usp=sharing,
10573600005511,EL AGUACATE,105736000055,I. E. SANTO DOMINGO SAVIO,5736,SEGOVIA,Nordeste,CORPOEDUCACIÓN,,
10573600005513,HELECHALES UNO,105736000055,I. E. SANTO DOMINGO SAVIO,5736,SEGOVIA,Nordeste,CORPOEDUCACIÓN,,
10573600005509,LA PÓ CAMPESINA,105736000055,I. E. SANTO DOMINGO SAVIO,5736,SEGOVIA,Nordeste,CORPOEDUCACIÓN,,
10573600005507,MONTEFRIO,105736000055,I. E. SANTO DOMINGO SAVIO,5736,SEGOVIA,Nordeste,CORPOEDUCACIÓN,,
10573600005508,MONTEFRIO ALTO,105736000055,I. E. SANTO DOMINGO SAVIO,5736,SEGOVIA,Nordeste,CORPOEDUCACIÓN,,
10573600005514,SANTA LAURA,105736000055,I. E. SANTO DOMINGO SAVIO,5736,SEGOVIA,Nordeste,CORPOEDUCACIÓN,,
10585800013703,COLEGIO AMIGONIANO RAUL CARDONA ZAPATA ,105858000137,I. E. EFE GOMEZ,5858,VEGACHI,Nordeste,CORPOEDUCACIÓN,,
10585800013702,E U EFE GOMEZ ,105858000137,I. E. EFE GOMEZ,5858,VEGACHI,Nordeste,CORPOEDUCACIÓN,https://drive.google.com/file/d/139f2Vm00S7V55Tu2cSPYlh92tsdqlxRA/view?usp=sharing,
10585800013701,LICEO EFE GOMEZ,105858000137,I. E. EFE GOMEZ,5858,VEGACHI,Nordeste,CORPOEDUCACIÓN,,
20585800009317,ALFREDO GOMEZ ARANGO,205858000093,I. E. JHON F. KENNEDY,5858,VEGACHI,Nordeste,CORPOEDUCACIÓN,,
20585800009318,ANTONIO NARIÑO,205858000093,I. E. JHON F. KENNEDY,5858,VEGACHI,Nordeste,CORPOEDUCACIÓN,,
20585800009313,ATANASIO GIRARDOT,205858000093,I. E. JHON F. KENNEDY,5858,VEGACHI,Nordeste,CORPOEDUCACIÓN,,
20585800009311,BELGICA,205858000093,I. E. JHON F. KENNEDY,5858,VEGACHI,Nordeste,CORPOEDUCACIÓN,https://drive.google.com/file/d/1VTC9jx3lEhWciFWocLRXInqNBGy6GENA/view?usp=sharing,
20585800009319,BELLAVISTA,205858000093,I. E. JHON F. KENNEDY,5858,VEGACHI,Nordeste,CORPOEDUCACIÓN,,
20585800009327,CAMPO ALEGRE,205858000093,I. E. JHON F. KENNEDY,5858,VEGACHI,Nordeste,CORPOEDUCACIÓN,,
20585800009328,CAMPO ALEGRE 2,205858000093,I. E. JHON F. KENNEDY,5858,VEGACHI,Nordeste,CORPOEDUCACIÓN,,
20585800009305,EL CARMEN DE LA SIERRA,205858000093,I. E. JHON F. KENNEDY,5858,VEGACHI,Nordeste,CORPOEDUCACIÓN,,
20585800009326,EL CINCO,205858000093,I. E. JHON F. KENNEDY,5858,VEGACHI,Nordeste,CORPOEDUCACIÓN,,
20585800009315,EL LAGARTO,205858000093,I. E. JHON F. KENNEDY,5858,VEGACHI,Nordeste,CORPOEDUCACIÓN,,
20585800009320,EL OLVIDO,205858000093,I. E. JHON F. KENNEDY,5858,VEGACHI,Nordeste,CORPOEDUCACIÓN,,
20585800009329,ESCUELA URBANA JHON F KENNEDY SEDE II,205858000093,I. E. JHON F. KENNEDY,5858,VEGACHI,Nordeste,CORPOEDUCACIÓN,https://drive.google.com/file/d/1Db8oXoM_ITmvAW6NZ4gFt64sFb0Lc1MF/view?usp=sharing,
20585800009314,GABRIELA MISTRAL,205858000093,I. E. JHON F. KENNEDY,5858,VEGACHI,Nordeste,CORPOEDUCACIÓN,https://drive.google.com/file/d/1QcyWjS_sR7gT5PB6Sga0FRDAoZnTIqsI/view?usp=sharing,
20585800009301,I. E. JHON F. KENNEDY,205858000093,I. E. JHON F. KENNEDY,5858,VEGACHI,Nordeste,CORPOEDUCACIÓN,,
20585800009321,JAIME MARULANDA VALENCIA,205858000093,I. E. JHON F. KENNEDY,5858,VEGACHI,Nordeste,CORPOEDUCACIÓN,https://drive.google.com/file/d/1J5ejX43mbKyYhUGgBV7UFKHeeYbcAp5C/view?usp=sharing,
20585800009306,JORGE ROBLEDO ORTIZ,205858000093,I. E. JHON F. KENNEDY,5858,VEGACHI,Nordeste,CORPOEDUCACIÓN,https://drive.google.com/file/d/1b2GYvOn8_9BlkimoWa-cWVrIrgPswxf4/view?usp=sharing,
20585800009302,JOSE MARIA CORDOBA,205858000093,I. E. JHON F. KENNEDY,5858,VEGACHI,Nordeste,CORPOEDUCACIÓN,,
20585800009304,LA ALEJANDRIA,205858000093,I. E. JHON F. KENNEDY,5858,VEGACHI,Nordeste,CORPOEDUCACIÓN,,
20585800009316,LA CEIBA,205858000093,I. E. JHON F. KENNEDY,5858,VEGACHI,Nordeste,CORPOEDUCACIÓN,,
20585800009322,LA CLARITA,205858000093,I. E. JHON F. KENNEDY,5858,VEGACHI,Nordeste,CORPOEDUCACIÓN,,
20585800009308,LA CRISTALINA,205858000093,I. E. JHON F. KENNEDY,5858,VEGACHI,Nordeste,CORPOEDUCACIÓN,https://drive.google.com/file/d/15N3Z2uEjsN-7FDyJL8O1Csyblqe4zBic/view?usp=sharing,
20585800009323,LA GALLINERA ABAJO,205858000093,I. E. JHON F. KENNEDY,5858,VEGACHI,Nordeste,CORPOEDUCACIÓN,https://drive.google.com/file/d/1lFurIBRus1rAa5vwH3YX0v5qyTkugAaL/view?usp=sharing,
20585800009307,LA MARIA,205858000093,I. E. JHON F. KENNEDY,5858,VEGACHI,Nordeste,CORPOEDUCACIÓN,,
20585800009310,LA PALMA,205858000093,I. E. JHON F. KENNEDY,5858,VEGACHI,Nordeste,CORPOEDUCACIÓN,,
20585800009324,LA PIEDRANCHA,205858000093,I. E. JHON F. KENNEDY,5858,VEGACHI,Nordeste,CORPOEDUCACIÓN,https://drive.google.com/file/d/1Yefeq0-rML0jpZPpUlZOeCReNL5wYemX/view?usp=sharing,
20585800009303,MERCEDES ABREGO,205858000093,I. E. JHON F. KENNEDY,5858,VEGACHI,Nordeste,CORPOEDUCACIÓN,,
20585800009312,PASO REAL,205858000093,I. E. JHON F. KENNEDY,5858,VEGACHI,Nordeste,CORPOEDUCACIÓN,,
20585800009309,SAN JUAN,205858000093,I. E. JHON F. KENNEDY,5858,VEGACHI,Nordeste,CORPOEDUCACIÓN,,
20585800009325,SAN PASCUAL,205858000093,I. E. JHON F. KENNEDY,5858,VEGACHI,Nordeste,CORPOEDUCACIÓN,https://drive.google.com/file/d/1MF3sw3yS1oY8ITvwPw7qaedR87hFJDik/view?usp=sharing,
10588500002525,C. E. R.  LA ALONDRA,105885000025,INSTITUCION EDUCATIVA LORENZO YALI,5885,YALI,Nordeste,CORPOEDUCACIÓN,,
10588500002507,C. E. R. CASAMORA,105885000025,INSTITUCION EDUCATIVA LORENZO YALI,5885,YALI,Nordeste,CORPOEDUCACIÓN,https://drive.google.com/file/d/1Ben9D01HiUubwdA5zkjJ9hKZTl-08s5D/view?usp=sharing,
10588500002516,C. E. R. EL ARENAL,105885000025,INSTITUCION EDUCATIVA LORENZO YALI,5885,YALI,Nordeste,CORPOEDUCACIÓN,https://drive.google.com/file/d/15j9-PsvbQQwTZf0jT7Fotcu54V-G_W0e/view?usp=sharing,
10588500002519,C. E. R. EL CINISMO,105885000025,INSTITUCION EDUCATIVA LORENZO YALI,5885,YALI,Nordeste,CORPOEDUCACIÓN,,
10588500002509,C. E. R. EL HATILLO,105885000025,INSTITUCION EDUCATIVA LORENZO YALI,5885,YALI,Nordeste,CORPOEDUCACIÓN,,
10588500002505,C. E. R. LA ARGENTINA,105885000025,INSTITUCION EDUCATIVA LORENZO YALI,5885,YALI,Nordeste,CORPOEDUCACIÓN,https://drive.google.com/file/d/1HVjuKIUZuqDikM4n1tKqxwokyZDcGGEO/view?usp=sharing,
10588500002512,C. E. R. LA BRILLANTINA,105885000025,INSTITUCION EDUCATIVA LORENZO YALI,5885,YALI,Nordeste,CORPOEDUCACIÓN,,
10588500002520,C. E. R. LA BRILLANTINITA,105885000025,INSTITUCION EDUCATIVA LORENZO YALI,5885,YALI,Nordeste,CORPOEDUCACIÓN,,
10588500002517,C. E. R. LA CABAÑA,105885000025,INSTITUCION EDUCATIVA LORENZO YALI,5885,YALI,Nordeste,CORPOEDUCACIÓN,,
10588500002522,C. E. R. LA MARGARITA,105885000025,INSTITUCION EDUCATIVA LORENZO YALI,5885,YALI,Nordeste,CORPOEDUCACIÓN,,
10588500002515,C. E. R. LA MASCARA,105885000025,INSTITUCION EDUCATIVA LORENZO YALI,5885,YALI,Nordeste,CORPOEDUCACIÓN,https://drive.google.com/file/d/1sIVQ72N_iXcjG2NpPp4ufZ2mZNTubMVm/view?usp=sharing,
10588500002510,C. E. R. LA PALMERA,105885000025,INSTITUCION EDUCATIVA LORENZO YALI,5885,YALI,Nordeste,CORPOEDUCACIÓN,,
10588500002526,C. E. R. LAS AGÜITAS,105885000025,INSTITUCION EDUCATIVA LORENZO YALI,5885,YALI,Nordeste,CORPOEDUCACIÓN,,
10588500002527,C. E. R. LAS DANTAS,105885000025,INSTITUCION EDUCATIVA LORENZO YALI,5885,YALI,Nordeste,CORPOEDUCACIÓN,https://drive.google.com/file/d/11FNamwzz7kjl3Ge_JDdMCI-vKU8hd_Ts/view?usp=sharing,
10588500002506,C. E. R. MONTAÑITA,105885000025,INSTITUCION EDUCATIVA LORENZO YALI,5885,YALI,Nordeste,CORPOEDUCACIÓN,https://drive.google.com/file/d/1q8C09QITXzSalGQLB7FtEr5tTEQO_bZT/view?usp=sharing,
10588500002518,C. E. R. PUERTO ESTAFA,105885000025,INSTITUCION EDUCATIVA LORENZO YALI,5885,YALI,Nordeste,CORPOEDUCACIÓN,https://drive.google.com/file/d/1jx9JRLo3kbWP9BD_Xw3gOlHmi34ZMXfo/view?usp=sharing,
10588500002511,C. E. R. SAN JORGE,105885000025,INSTITUCION EDUCATIVA LORENZO YALI,5885,YALI,Nordeste,CORPOEDUCACIÓN,,
10588500002503,C. E. R. SAN MAURICIO,105885000025,INSTITUCION EDUCATIVA LORENZO YALI,5885,YALI,Nordeste,CORPOEDUCACIÓN,,
10588500002514,C. E. R. SANTA LUCIA,105885000025,INSTITUCION EDUCATIVA LORENZO YALI,5885,YALI,Nordeste,CORPOEDUCACIÓN,,
10588500002508,C. E. R. VILLA ANITA,105885000025,INSTITUCION EDUCATIVA LORENZO YALI,5885,YALI,Nordeste,CORPOEDUCACIÓN,,
10588500002521,C.E.R LA HONDA,105885000025,INSTITUCION EDUCATIVA LORENZO YALI,5885,YALI,Nordeste,CORPOEDUCACIÓN,https://drive.google.com/file/d/1p9GEEu5RCRe36wvP2nG6sFnG2uK2jaLS/view?usp=sharing,
10588500002502,E U YALI ,105885000025,INSTITUCION EDUCATIVA LORENZO YALI,5885,YALI,Nordeste,CORPOEDUCACIÓN,https://drive.google.com/file/d/1xjW2M1l_eF5VZhsd_l3WlcBiLufdIYrX/view?usp=sharing,
10588500002501,LICEO LORENZO YALI,105885000025,INSTITUCION EDUCATIVA LORENZO YALI,5885,YALI,Nordeste,CORPOEDUCACIÓN,,
20589000030509,C. E. R. ANTIOQUIA,205890000305,C. E. R. CACHUMBAL,5890,YOLOMBO,Nordeste,CORPOEDUCACIÓN,,
20589000030501,C. E. R. CACHUMBAL,205890000305,C. E. R. CACHUMBAL,5890,YOLOMBO,Nordeste,CORPOEDUCACIÓN,,
20589000030502,C. E. R. CARLOS FIDEL CANO,205890000305,C. E. R. CACHUMBAL,5890,YOLOMBO,Nordeste,CORPOEDUCACIÓN,,
20589000030503,C. E. R. EL COMINO,205890000305,C. E. R. CACHUMBAL,5890,YOLOMBO,Nordeste,CORPOEDUCACIÓN,,
20589000030504,C. E. R. LA ABISINIA,205890000305,C. E. R. CACHUMBAL,5890,YOLOMBO,Nordeste,CORPOEDUCACIÓN,,
20589000030505,C. E. R. LA CABAÑA,205890000305,C. E. R. CACHUMBAL,5890,YOLOMBO,Nordeste,CORPOEDUCACIÓN,,
20589000030506,C. E. R. LA CORDILLERA,205890000305,C. E. R. CACHUMBAL,5890,YOLOMBO,Nordeste,CORPOEDUCACIÓN,,
20589000030507,C. E. R. LA CRUZ,205890000305,C. E. R. CACHUMBAL,5890,YOLOMBO,Nordeste,CORPOEDUCACIÓN,,
20589000030508,C. E. R. MARACAIBO,205890000305,C. E. R. CACHUMBAL,5890,YOLOMBO,Nordeste,CORPOEDUCACIÓN,,
10589000020303,C. E. R. ANTONIO NARIÑO,105890000203,I. E. EDUARDO AGUILAR,5890,YOLOMBO,Nordeste,CORPOEDUCACIÓN,,
10589000020304,C. E. R. LA JOSEFINA,105890000203,I. E. EDUARDO AGUILAR,5890,YOLOMBO,Nordeste,CORPOEDUCACIÓN,https://drive.google.com/file/d/1YC0ulTg6GE4jjYO4hxX3M1GINgiHnW96/view?usp=sharing,
10589000020306,C. E. R. MARIA ESTRADA OLANO,105890000203,I. E. EDUARDO AGUILAR,5890,YOLOMBO,Nordeste,CORPOEDUCACIÓN,,
10589000020307,C. E. R. SABANITAS,105890000203,I. E. EDUARDO AGUILAR,5890,YOLOMBO,Nordeste,CORPOEDUCACIÓN,,
10589000020309,C. E. R. URRAO,105890000203,I. E. EDUARDO AGUILAR,5890,YOLOMBO,Nordeste,CORPOEDUCACIÓN,,
10589000020301,COLEGIO EDUARDO AGUILAR,105890000203,I. E. EDUARDO AGUILAR,5890,YOLOMBO,Nordeste,CORPOEDUCACIÓN,,
10589000020302,E U JOSEFA ROMERO DE JARAMILLO ,105890000203,I. E. EDUARDO AGUILAR,5890,YOLOMBO,Nordeste,CORPOEDUCACIÓN,,
10589000133103,C. E. R. EL PORVENIR,105890001331,I. E. ESCUELA NORMAL SUPERIOR DEL NORDESTE,5890,YOLOMBO,Nordeste,CORPOEDUCACIÓN,https://drive.google.com/file/d/156yrltdO8DZi7It5pyIRmvAOJolobMnv/view?usp=sharing,
10589000133104,C. E. R. LA INDIANA,105890001331,I. E. ESCUELA NORMAL SUPERIOR DEL NORDESTE,5890,YOLOMBO,Nordeste,CORPOEDUCACIÓN,,
10589000133105,C. E. R. LA MARQUESA,105890001331,I. E. ESCUELA NORMAL SUPERIOR DEL NORDESTE,5890,YOLOMBO,Nordeste,CORPOEDUCACIÓN,https://drive.google.com/file/d/1z6tcU16MJYec3ykOZGg1vFK9t2XSf4cb/view?usp=sharing,
10589000133106,C. E. R. LA REINA,105890001331,I. E. ESCUELA NORMAL SUPERIOR DEL NORDESTE,5890,YOLOMBO,Nordeste,CORPOEDUCACIÓN,https://drive.google.com/file/d/16LMw9QmVTRqJVzVQxc_JmSov1-FsaICC/view?usp=sharing,
10589000133107,C. E. R. MULATOS,105890001331,I. E. ESCUELA NORMAL SUPERIOR DEL NORDESTE,5890,YOLOMBO,Nordeste,CORPOEDUCACIÓN,https://drive.google.com/file/d/1BF_R377bIT8-tAFxS0kZh3AsXIssIlGv/view?usp=sharing,
10589000133108,C. E. R. POCORO,105890001331,I. E. ESCUELA NORMAL SUPERIOR DEL NORDESTE,5890,YOLOMBO,Nordeste,CORPOEDUCACIÓN,https://drive.google.com/file/d/1T0VONCwvktZh81g4Kl4CM-1Lpvw5cnrl/view?usp=sharing,
10589000133101,I. E. ESCUELA NORMAL SUPERIOR DEL NORDESTE,105890001331,I. E. ESCUELA NORMAL SUPERIOR DEL NORDESTE,5890,YOLOMBO,Nordeste,CORPOEDUCACIÓN,,
20589000035602,C. E. R. ALFONSO LOPEZ,205890000356,I. E. R. GUILLERMO AGUILAR,5890,YOLOMBO,Nordeste,CORPOEDUCACIÓN,,
20589000035604,C. E. R. ANTONIA SANTOS,205890000356,I. E. R. GUILLERMO AGUILAR,5890,YOLOMBO,Nordeste,CORPOEDUCACIÓN,https://drive.google.com/file/d/1G4QiFg7P6zm9DB-2QGxuMjGudW6hZS8Z/view?usp=sharing,
20589000035605,C. E. R. ANTONIO AGUILAR,205890000356,I. E. R. GUILLERMO AGUILAR,5890,YOLOMBO,Nordeste,CORPOEDUCACIÓN,https://drive.google.com/file/d/1wbQjIpCtJ8hA8_jt6dCER2vDI18sH-aU/view?usp=sharing,
20589000035607,C. E. R. EL PERICO,205890000356,I. E. R. GUILLERMO AGUILAR,5890,YOLOMBO,Nordeste,CORPOEDUCACIÓN,,
20589000035606,C. E. R. LA GERGONA,205890000356,I. E. R. GUILLERMO AGUILAR,5890,YOLOMBO,Nordeste,CORPOEDUCACIÓN,https://drive.google.com/file/d/1RK2niUOs_-cYk6YFTne2FmjN6Da_iDH4/view?usp=sharing,
20589000035608,C. E. R. MARCOS JARAMILLO,205890000356,I. E. R. GUILLERMO AGUILAR,5890,YOLOMBO,Nordeste,CORPOEDUCACIÓN,,
20589000035609,C. E. R. PIEDRAS BLANCAS,205890000356,I. E. R. GUILLERMO AGUILAR,5890,YOLOMBO,Nordeste,CORPOEDUCACIÓN,,
20589000035610,C. E. R. SAN ANTONIO,205890000356,I. E. R. GUILLERMO AGUILAR,5890,YOLOMBO,Nordeste,CORPOEDUCACIÓN,,
20589000035601,I. E. R. GUILLERMO AGUILAR,205890000356,I. E. R. GUILLERMO AGUILAR,5890,YOLOMBO,Nordeste,CORPOEDUCACIÓN,https://drive.google.com/file/d/1EI6jOFr03SUAXeH8J4BhK2whTfV82s9q/view?usp=sharing,
20589000006207,C. E. R. DOÑA ANA,205890000062,I. E. R. LA FLORESTA,5890,YOLOMBO,Nordeste,CORPOEDUCACIÓN,,
20589000006208,C. E. R. EL CAIRO,205890000062,I. E. R. LA FLORESTA,5890,YOLOMBO,Nordeste,CORPOEDUCACIÓN,https://drive.google.com/file/d/1XeibN2u2dtn2AFfJdpIV9OaUOM7ETG90/view?usp=sharing,
20589000006209,C. E. R. LA ARGENTINA,205890000062,I. E. R. LA FLORESTA,5890,YOLOMBO,Nordeste,CORPOEDUCACIÓN,https://drive.google.com/file/d/1ZJzjOA3PXbhkhJP6_7c27zjVilyicDqb/view?usp=sharing,
20589000006210,C. E. R. LOS ANDES,205890000062,I. E. R. LA FLORESTA,5890,YOLOMBO,Nordeste,CORPOEDUCACIÓN,,
20589000006211,C. E. R. SANTA ANA,205890000062,I. E. R. LA FLORESTA,5890,YOLOMBO,Nordeste,CORPOEDUCACIÓN,https://drive.google.com/file/d/19FQigWAeC593yWcWwc2le_z5vspiKpsI/view?usp=sharing,
20589000006212,C. E. R. SANTA CATALINA,205890000062,I. E. R. LA FLORESTA,5890,YOLOMBO,Nordeste,CORPOEDUCACIÓN,,
20589000006201,COLEGIO LA FLORESTA,205890000062,I. E. R. LA FLORESTA,5890,YOLOMBO,Nordeste,CORPOEDUCACIÓN,https://drive.google.com/file/d/1qDrCt80tgPQYl50oeqFDblWqrwFw58US/view?usp=sharing,
20589000006202,E R AGUA BONITA ,205890000062,I. E. R. LA FLORESTA,5890,YOLOMBO,Nordeste,CORPOEDUCACIÓN,https://drive.google.com/file/d/1hSSP4oIBdTvlEMbFKHQ0LOVlL9_RlxYm/view?usp=sharing,
20589000006203,E R BELGICA ,205890000062,I. E. R. LA FLORESTA,5890,YOLOMBO,Nordeste,CORPOEDUCACIÓN,,
20589000006204,E R EL CHUSCAL ,205890000062,I. E. R. LA FLORESTA,5890,YOLOMBO,Nordeste,CORPOEDUCACIÓN,,
20589000006205,E R EL IRIS ,205890000062,I. E. R. LA FLORESTA,5890,YOLOMBO,Nordeste,CORPOEDUCACIÓN,,
20589000006206,E R EL OLIVO ,205890000062,I. E. R. LA FLORESTA,5890,YOLOMBO,Nordeste,CORPOEDUCACIÓN,,
20589000006213,SAN LUIS MONTENEGRO,205890000062,I. E. R. LA FLORESTA,5890,YOLOMBO,Nordeste,CORPOEDUCACIÓN,,
20589000025909,C. E. R. LOS ACEITES,205890000259,I. E. R. PRESBITERO EDUARDO ZULUAGA,5890,YOLOMBO,Nordeste,CORPOEDUCACIÓN,,
20589000025905,E R CUATRO ESQUINAS,205890000259,I. E. R. PRESBITERO EDUARDO ZULUAGA,5890,YOLOMBO,Nordeste,CORPOEDUCACIÓN,,
20589000025906,E R EL PALMAR,205890000259,I. E. R. PRESBITERO EDUARDO ZULUAGA,5890,YOLOMBO,Nordeste,CORPOEDUCACIÓN,,
20589000025907,E R LA MARIA,205890000259,I. E. R. PRESBITERO EDUARDO ZULUAGA,5890,YOLOMBO,Nordeste,CORPOEDUCACIÓN,,
20589000025908,E.R. SAN JACINTO ,205890000259,I. E. R. PRESBITERO EDUARDO ZULUAGA,5890,YOLOMBO,Nordeste,CORPOEDUCACIÓN,,
20589000025901,I.E.R. PRESBITERO EDUARDO ZULUAGA,205890000259,I. E. R. PRESBITERO EDUARDO ZULUAGA,5890,YOLOMBO,Nordeste,CORPOEDUCACIÓN,https://drive.google.com/file/d/1qK9B0pKcJi2-WebIUlK48DystNTqIwhR/view?usp=sharing,
20589000000302,C. E. R. EL TAPON,205890000003,I. E. R. VILLANUEVA,5890,YOLOMBO,Nordeste,CORPOEDUCACIÓN,https://drive.google.com/file/d/1VMyHNMdUErZMlSfAzwUMUJi5yKP9owqr/view?usp=sharing,
20589000000304,C. E. R. LA SOLITA,205890000003,I. E. R. VILLANUEVA,5890,YOLOMBO,Nordeste,CORPOEDUCACIÓN,,
20589000000305,C. E. R. LAS BLANCAS,205890000003,I. E. R. VILLANUEVA,5890,YOLOMBO,Nordeste,CORPOEDUCACIÓN,https://drive.google.com/file/d/1I3BTRX6YBA-PC_hgJTvy1nKHjOXdM8DE/view?usp=sharing,
20589000000306,C. E. R. PEDRO PABLO CASTRILLON,205890000003,I. E. R. VILLANUEVA,5890,YOLOMBO,Nordeste,CORPOEDUCACIÓN,,
20589000000301,I. E. R. VILLANUEVA,205890000003,I. E. R. VILLANUEVA,5890,YOLOMBO,Nordeste,CORPOEDUCACIÓN,https://drive.google.com/file/d/18mHCrwvH907y17IuCDfBIEkRxP8KzIQp/view?usp=sharing,
20503800014510,C. E. R. ALTO RHIN,205038000145,C. E. R. LA QUINTA,5038,ANGOSTURA,Norte,UCN,,
20503800014511,C. E. R. CHAQUIRAL,205038000145,C. E. R. LA QUINTA,5038,ANGOSTURA,Norte,UCN,https://drive.google.com/file/d/1ezrpGKm5avRZKYCNIos8URC-XWsR4Ju-/view?usp=sharing,
20503800014509,C. E. R. EL OLIVO,205038000145,C. E. R. LA QUINTA,5038,ANGOSTURA,Norte,UCN,,
20503800014506,C. E. R. GABRIELA MISTRAL,205038000145,C. E. R. LA QUINTA,5038,ANGOSTURA,Norte,UCN,https://drive.google.com/file/d/18T83djQXlWVu8ZwKqOjjs6-Uega9dwFY/view?usp=sharing,
20503800014507,C. E. R. JOSE MARIA CORDOBA,205038000145,C. E. R. LA QUINTA,5038,ANGOSTURA,Norte,UCN,https://drive.google.com/file/d/1-bjYH49YiXWHS-HLuuSSrQ-5r0gZAPv4/view?usp=sharing,
20503800014503,C. E. R. LA CULEBRA,205038000145,C. E. R. LA QUINTA,5038,ANGOSTURA,Norte,UCN,,
20503800014501,C. E. R. LA QUINTA,205038000145,C. E. R. LA QUINTA,5038,ANGOSTURA,Norte,UCN,https://drive.google.com/file/d/1LtRUgV2z6WSDg3U5b1cNEWbxdS4RIi11/view?usp=sharing,
20503800014508,C. E. R. LAS PALMAS,205038000145,C. E. R. LA QUINTA,5038,ANGOSTURA,Norte,UCN,,
20503800014505,C. E. R. MATABLANCO,205038000145,C. E. R. LA QUINTA,5038,ANGOSTURA,Norte,UCN,,
20503800014502,C. E. R. PORFIRIO BARBA JACOB,205038000145,C. E. R. LA QUINTA,5038,ANGOSTURA,Norte,UCN,https://drive.google.com/file/d/1dcHA3UX5M_nIylwZLN7x3tTcniJrg3tU/view?usp=sharing,
20503800027704,C. E. R. EL ORIENTE,205038000277,C. E. R. SAN FERNANDO,5038,ANGOSTURA,Norte,UCN,https://drive.google.com/file/d/1pVdS-BBGqhskEjbAPyL0RAFscnuLz3CR/view?usp=sharing,
20503800027706,C. E. R. LA GUAJIRA ABAJO,205038000277,C. E. R. SAN FERNANDO,5038,ANGOSTURA,Norte,UCN,,
20503800027710,C. E. R. LA GUAJIRA ARRIBA,205038000277,C. E. R. SAN FERNANDO,5038,ANGOSTURA,Norte,UCN,,
20503800027709,C. E. R. LA MONTAÑA,205038000277,C. E. R. SAN FERNANDO,5038,ANGOSTURA,Norte,UCN,,
20503800027707,C. E. R. MIGUEL ANGEL OSORIO,205038000277,C. E. R. SAN FERNANDO,5038,ANGOSTURA,Norte,UCN,https://drive.google.com/file/d/18HdqaMsjaJWvixCmkbB29y7VwVeaKJUk/view?usp=sharing,
20503800027703,C. E. R. PAJARITO,205038000277,C. E. R. SAN FERNANDO,5038,ANGOSTURA,Norte,UCN,,
20503800027701,C. E. R. SAN FERNANDO,205038000277,C. E. R. SAN FERNANDO,5038,ANGOSTURA,Norte,UCN,https://drive.google.com/file/d/1Z48PcJj4HuUJaCqIbLotjjm4en9jb4d1/view?usp=sharing,
20503800027705,C. E. R. SIMON BOLIVAR,205038000277,C. E. R. SAN FERNANDO,5038,ANGOSTURA,Norte,UCN,https://drive.google.com/file/d/1uP0bgL44WNOqG1VwjqRHobiqTzi8QmDJ/view?usp=sharing,
20503800027702,C. E. R. TENCHE,205038000277,C. E. R. SAN FERNANDO,5038,ANGOSTURA,Norte,UCN,,
20503800027708,CENTRO EDUCATIVO RURAL LA TRINIDAD,205038000277,C. E. R. SAN FERNANDO,5038,ANGOSTURA,Norte,UCN,https://drive.google.com/file/d/1n85I1N8HbsgS-w1Fk6sBNzveh-tuCbMI/view?usp=sharing,
20503800016109,C. E. R. CHOCHO DEL RIO,205038000161,C. E. R. SANTA ANA,5038,ANGOSTURA,Norte,UCN,,
20503800016103,C. E. R. EL CHOCHO,205038000161,C. E. R. SANTA ANA,5038,ANGOSTURA,Norte,UCN,https://drive.google.com/file/d/1GjSXW6dY44e6wgsQitV5anmvYVDQF-qP/view?usp=sharing,
20503800016111,C. E. R. LA CONCEPCION,205038000161,C. E. R. SANTA ANA,5038,ANGOSTURA,Norte,UCN,,
20503800016108,C. E. R. LA QUIEBRA,205038000161,C. E. R. SANTA ANA,5038,ANGOSTURA,Norte,UCN,,
20503800016110,C. E. R. LOS PANTANOS,205038000161,C. E. R. SANTA ANA,5038,ANGOSTURA,Norte,UCN,https://drive.google.com/file/d/1mKJKLsR_B5AkKL08F4kIIEe6LBZpJDJd/view?usp=sharing,
20503800016105,C. E. R. RIO ARRIBA,205038000161,C. E. R. SANTA ANA,5038,ANGOSTURA,Norte,UCN,https://drive.google.com/file/d/1Yu-iYIR6TAIP2pQ85p2GMN5Rev4Ya9do/view?usp=sharing,
20503800016104,C. E. R. SAN ANTONIO,205038000161,C. E. R. SANTA ANA,5038,ANGOSTURA,Norte,UCN,https://drive.google.com/file/d/1UUm7BWHaA8edGaSbcTKmn8gq-2dLTgdu/view?usp=sharing,
20503800016101,C. E. R. SANTA ANA,205038000161,C. E. R. SANTA ANA,5038,ANGOSTURA,Norte,UCN,,
20503800016106,C. E. R. SANTA RITA,205038000161,C. E. R. SANTA ANA,5038,ANGOSTURA,Norte,UCN,,
20503800016107,C. E. R. SANTA TERESA,205038000161,C. E. R. SANTA ANA,5038,ANGOSTURA,Norte,UCN,,
20503800016102,C. E. R. TENCHE VIEJO,205038000161,C. E. R. SANTA ANA,5038,ANGOSTURA,Norte,UCN,,
10503800001907,CIPRIANO CARDENAS,105038000019,I. E. MARIANO DE JESUS EUSSE,5038,ANGOSTURA,Norte,UCN,,
10503800001902,E U ALFONSO MORA NARANJO,105038000019,I. E. MARIANO DE JESUS EUSSE,5038,ANGOSTURA,Norte,UCN,,
10503800001904,I. E. R. CAÑAVERAL ABAJO,105038000019,I. E. MARIANO DE JESUS EUSSE,5038,ANGOSTURA,Norte,UCN,https://drive.google.com/file/d/1oX7rNN4Y26xrTboK0yN7xgiq_y7iLSEi/view?usp=sharing,
10503800001903,I. E. R. CHOCHO LA LOMA,105038000019,I. E. MARIANO DE JESUS EUSSE,5038,ANGOSTURA,Norte,UCN,,
10503800001905,I. E. R. FRANCISCO JAVIER BARRIENTOS,105038000019,I. E. MARIANO DE JESUS EUSSE,5038,ANGOSTURA,Norte,UCN,https://drive.google.com/file/d/1SvoZUU8anmpADdxitduRh6o0T7EQxzbi/view?usp=sharing,
10503800001906,I. E. R. LA MILAGROSA,105038000019,I. E. MARIANO DE JESUS EUSSE,5038,ANGOSTURA,Norte,UCN,https://drive.google.com/file/d/1_Tq-bPgyZfhUWrla3hM-zn5c5Limf3qd/view?usp=sharing,
10503800001901,LICEO MARIANO DE J EUSSE,105038000019,I. E. MARIANO DE JESUS EUSSE,5038,ANGOSTURA,Norte,UCN,,
20508600009204,C. E. R. FRANCISCO CARVAJAL BUILES,205086000092,I. E. R. CARLOS GONZALEZ,5086,BELMIRA,Norte,UCN,,
20508600009202,C. E. R. LA MIEL,205086000092,I. E. R. CARLOS GONZALEZ,5086,BELMIRA,Norte,UCN,,
20508600009203,C.E.R. PLAYAS,205086000092,I. E. R. CARLOS GONZALEZ,5086,BELMIRA,Norte,UCN,https://drive.google.com/file/d/1zlovtrdFs6ET15KVx4b2ckIAEdTavW2C/view?usp=sharing,
20508600009205,C.E.R. ZAFRA,205086000092,I. E. R. CARLOS GONZALEZ,5086,BELMIRA,Norte,UCN,,
20508600009201,COLEGIO CARLOS GONZALEZ,205086000092,I. E. R. CARLOS GONZALEZ,5086,BELMIRA,Norte,UCN,https://drive.google.com/file/d/13YQsiXuEKopciuYW4wGncOGuM0qpFNrh/view?usp=sharing,
20508600003304,C. E. R. LA CANDELARIA,205086000033,I. E. R. LABORES,5086,BELMIRA,Norte,UCN,https://drive.google.com/file/d/1Gn-odt5OBf23kh7a7AZ0SI4Owsz3KpsE/view?usp=sharing,
20508600003303,C. E. R. PLAYITAS,205086000033,I. E. R. LABORES,5086,BELMIRA,Norte,UCN,https://drive.google.com/file/d/1LP2QIB4FAbWuLcp_lIY_80lcvKQgq1H9/view?usp=sharing,
20508600003302,C. E. R. QUEBRADITAS,205086000033,I. E. R. LABORES,5086,BELMIRA,Norte,UCN,,
20508600003301,I. E. R. LABORES,205086000033,I. E. R. LABORES,5086,BELMIRA,Norte,UCN,,
10508600011002,E U MARCO FIDEL SUAREZ,105086000110,INSTITUCION EDUCATIVA PRESBITERO RICARDO LUIS GUTIERREZ TOBON,5086,BELMIRA,Norte,UCN,,
10508600011004,EL YUYAL ,105086000110,INSTITUCION EDUCATIVA PRESBITERO RICARDO LUIS GUTIERREZ TOBON,5086,BELMIRA,Norte,UCN,https://drive.google.com/file/d/19FJnZPjha5Y_Kqd-IY6UC0HatPKnarcF/view?usp=sharing,
10508600011005,LA SALAZAR,105086000110,INSTITUCION EDUCATIVA PRESBITERO RICARDO LUIS GUTIERREZ TOBON,5086,BELMIRA,Norte,UCN,,
10508600011001,LICEO PBRO. RICARDO LUIS GUTIERREZ,105086000110,INSTITUCION EDUCATIVA PRESBITERO RICARDO LUIS GUTIERREZ TOBON,5086,BELMIRA,Norte,UCN,,
10508600011003,SANTO DOMINGO,105086000110,INSTITUCION EDUCATIVA PRESBITERO RICARDO LUIS GUTIERREZ TOBON,5086,BELMIRA,Norte,UCN,,
20510700106007,C. E. R. EL ANIME,205107001060,C. E. R. MORRON,5107,BRICEÝO,Norte,UCN,,
20510700106016,C. E. R. EL PESCADO,205107001060,C. E. R. MORRON,5107,BRICEÝO,Norte,UCN,,
20510700106014,C. E. R. EL POLVILLO,205107001060,C. E. R. MORRON,5107,BRICEÝO,Norte,UCN,https://drive.google.com/file/d/1JqjAiJQHPTvN3Mxh9_maFJsTAJP_1_EM/view?usp=sharing,
20510700106015,C. E. R. EL RESPALDO,205107001060,C. E. R. MORRON,5107,BRICEÝO,Norte,UCN,,
20510700106013,C. E. R. EL TURCO,205107001060,C. E. R. MORRON,5107,BRICEÝO,Norte,UCN,https://drive.google.com/file/d/1M2uMfakV5XTJqqgdeL_DTbKDLVocatC2/view?usp=sharing,
20510700106018,C. E. R. GURIMAN,205107001060,C. E. R. MORRON,5107,BRICEÝO,Norte,UCN,,
20510700106028,C. E. R. GURRI,205107001060,C. E. R. MORRON,5107,BRICEÝO,Norte,UCN,,
20510700106019,C. E. R. LA AMERICA,205107001060,C. E. R. MORRON,5107,BRICEÝO,Norte,UCN,,
20510700106017,C. E. R. LA CALERA,205107001060,C. E. R. MORRON,5107,BRICEÝO,Norte,UCN,,
20510700106020,C. E. R. LA CRISTALINA,205107001060,C. E. R. MORRON,5107,BRICEÝO,Norte,UCN,https://drive.google.com/file/d/1fPrujcfnEt2e_HXWUYv3jVSBYEwyIn7C/view?usp=sharing,
20510700106005,C. E. R. LA MESETA,205107001060,C. E. R. MORRON,5107,BRICEÝO,Norte,UCN,https://drive.google.com/file/d/1YhWTKB6UUg4bjUqDZrUQyDmUlgdibqTL/view?usp=sharing,
20510700106011,C. E. R. LA PALESTINA,205107001060,C. E. R. MORRON,5107,BRICEÝO,Norte,UCN,https://drive.google.com/file/d/1WubpCshM95FBc6li_yBzAoLmY_s_L8nd/view?usp=sharing,
20510700106022,C. E. R. LA PIAMARGA,205107001060,C. E. R. MORRON,5107,BRICEÝO,Norte,UCN,https://drive.google.com/file/d/1e7nNAGypThpuLGlRNdkCr0v-D9Y37yIY/view?usp=sharing,
20510700106023,C. E. R. LOS ALAMOS,205107001060,C. E. R. MORRON,5107,BRICEÝO,Norte,UCN,,
20510700092630,C. E. R. LOS NARANJOS,205107001060,C. E. R. MORRON,5107,BRICEÝO,Norte,UCN,,
20510700106001,C. E. R. MORRON,205107001060,C. E. R. MORRON,5107,BRICEÝO,Norte,UCN,https://drive.google.com/file/d/1FSOq-23hSCNBTYpWHPS4wr4llrLVuVRq/view?usp=sharing,
20510700106025,C. E. R. OREJON,205107001060,C. E. R. MORRON,5107,BRICEÝO,Norte,UCN,,
20510700106009,C. E. R. SAN EPIFANIO,205107001060,C. E. R. MORRON,5107,BRICEÝO,Norte,UCN,,
20510700106002,C. E. R. SANTA ANA,205107001060,C. E. R. MORRON,5107,BRICEÝO,Norte,UCN,https://drive.google.com/file/d/1jnTFhdmtcoxZ_CaSOYua6zx6ypEOUXi5/view?usp=sharing,
20510700106026,C. E. R. SANTA MARTA,205107001060,C. E. R. MORRON,5107,BRICEÝO,Norte,UCN,,
20510700106003,C.E.R. CHOCONTA,205107001060,C. E. R. MORRON,5107,BRICEÝO,Norte,UCN,,
20510700106029,C.E.R. EL CEDRAL,205107001060,C. E. R. MORRON,5107,BRICEÝO,Norte,UCN,,
20510700106027,C.E.R. LA MOLINA,205107001060,C. E. R. MORRON,5107,BRICEÝO,Norte,UCN,,
10510700016609,C. E. R. ALTO DE CHIRI,105107000166,INSTITUCION EDUCATIVA ANTONIO ROLDAN BETANCUR,5107,BRICEÝO,Norte,UCN,https://drive.google.com/file/d/1i_i7SIhtyVLHuB_dBSMnTvBEuLg4tVPq/view?usp=sharing,
10510700016610,C. E. R. BUENAVISTA,105107000166,INSTITUCION EDUCATIVA ANTONIO ROLDAN BETANCUR,5107,BRICEÝO,Norte,UCN,https://drive.google.com/file/d/1siecPjzypcluOIcT7uzTCEK8WcSmmlb2/view?usp=sharing,
10510700016607,C. E. R. EL CHORRILLO,105107000166,INSTITUCION EDUCATIVA ANTONIO ROLDAN BETANCUR,5107,BRICEÝO,Norte,UCN,,
10510700016608,C. E. R. EL PESCADO CAPITAN,105107000166,INSTITUCION EDUCATIVA ANTONIO ROLDAN BETANCUR,5107,BRICEÝO,Norte,UCN,,
10510700016604,C. E. R. LA AGUADA,105107000166,INSTITUCION EDUCATIVA ANTONIO ROLDAN BETANCUR,5107,BRICEÝO,Norte,UCN,,
10510700016614,C. E. R. LA RODRIGUEZ,105107000166,INSTITUCION EDUCATIVA ANTONIO ROLDAN BETANCUR,5107,BRICEÝO,Norte,UCN,,
10510700016605,C. E. R. LAS CRUCES,105107000166,INSTITUCION EDUCATIVA ANTONIO ROLDAN BETANCUR,5107,BRICEÝO,Norte,UCN,,
10510700016611,C. E. R. MORAVIA,105107000166,INSTITUCION EDUCATIVA ANTONIO ROLDAN BETANCUR,5107,BRICEÝO,Norte,UCN,https://drive.google.com/file/d/1Xgi8U_k-a4jtgU4OuuCVNkjBbvZsgB6I/view?usp=sharing,
10510700016612,C. E. R. PALMICHAL,105107000166,INSTITUCION EDUCATIVA ANTONIO ROLDAN BETANCUR,5107,BRICEÝO,Norte,UCN,,
10510700016602,C. E. R. SANTA ANA 2,105107000166,INSTITUCION EDUCATIVA ANTONIO ROLDAN BETANCUR,5107,BRICEÝO,Norte,UCN,,
10510700016616,C.E.R. EL HOYO,105107000166,INSTITUCION EDUCATIVA ANTONIO ROLDAN BETANCUR,5107,BRICEÝO,Norte,UCN,,
10510700016601,I. E. ANTONIO ROLDAN BETANCUR,105107000166,INSTITUCION EDUCATIVA ANTONIO ROLDAN BETANCUR,5107,BRICEÝO,Norte,UCN,https://drive.google.com/file/d/1j5bB5VeRPxWub658DwTKE3soGdWzcils/view?usp=sharing,
10510700016603,I. E. R. EL ROBLAL,105107000166,INSTITUCION EDUCATIVA ANTONIO ROLDAN BETANCUR,5107,BRICEÝO,Norte,UCN,,
20513400009115,C. E. R. CARACOLAL,205134000091,C. E. R. LA CHIQUITA,5134,CAMPAMENTO,Norte,UCN,,
20513400009111,C. E. R. CHAQUIRAL,205134000091,C. E. R. LA CHIQUITA,5134,CAMPAMENTO,Norte,UCN,,
20513400009107,C. E. R. EL BARCINO,205134000091,C. E. R. LA CHIQUITA,5134,CAMPAMENTO,Norte,UCN,https://drive.google.com/file/d/1RfD5H1h-h0Yr4bol3hka-nLqeSaIxSxq/view?usp=sharing,
20513400009112,C. E. R. EL MANZANILLO,205134000091,C. E. R. LA CHIQUITA,5134,CAMPAMENTO,Norte,UCN,https://drive.google.com/file/d/1zl7rXxKPT3OFp6Ki593NaWBwMLxvRRNR/view?usp=sharing,
20513400009109,C. E. R. EL YERBAL,205134000091,C. E. R. LA CHIQUITA,5134,CAMPAMENTO,Norte,UCN,,
20513400009113,C. E. R. HECTOR HERNAN MARIN ZAPATA,205134000091,C. E. R. LA CHIQUITA,5134,CAMPAMENTO,Norte,UCN,,
20513400009110,C. E. R. LA BENGALA,205134000091,C. E. R. LA CHIQUITA,5134,CAMPAMENTO,Norte,UCN,,
20513400009101,C. E. R. LA CHIQUITA,205134000091,C. E. R. LA CHIQUITA,5134,CAMPAMENTO,Norte,UCN,,
20513400009103,C. E. R. LA CORDILLERA,205134000091,C. E. R. LA CHIQUITA,5134,CAMPAMENTO,Norte,UCN,,
20513400009104,C. E. R. LA FRISOLERA,205134000091,C. E. R. LA CHIQUITA,5134,CAMPAMENTO,Norte,UCN,https://drive.google.com/file/d/1cy7JXq1AVC7rP9egwpDuUzZb9e9FKLs0/view?usp=sharing,
20513400009102,C. E. R. LA PRADERA,205134000091,C. E. R. LA CHIQUITA,5134,CAMPAMENTO,Norte,UCN,,
20513400009106,C. E. R. LAS GUADUAS,205134000091,C. E. R. LA CHIQUITA,5134,CAMPAMENTO,Norte,UCN,,
20513400009105,C. E. R. LOS MANGOS,205134000091,C. E. R. LA CHIQUITA,5134,CAMPAMENTO,Norte,UCN,,
20513400009108,C. E. R. NINFA AGUDELO,205134000091,C. E. R. LA CHIQUITA,5134,CAMPAMENTO,Norte,UCN,,
20513400009114,C. E. R. SAN ROQUE,205134000091,C. E. R. LA CHIQUITA,5134,CAMPAMENTO,Norte,UCN,,
20513400009116,C.E.R LA ESPERANZA,205134000091,C. E. R. LA CHIQUITA,5134,CAMPAMENTO,Norte,UCN,,
20513400009117,RIO NECHI,205134000091,C. E. R. LA CHIQUITA,5134,CAMPAMENTO,Norte,UCN,,
20513400019907,C. E. R. EL ALTO,205134000199,C. E. R. LA SOLITA,5134,CAMPAMENTO,Norte,UCN,,
20513400019903,C. E. R. EL BOSQUE,205134000199,C. E. R. LA SOLITA,5134,CAMPAMENTO,Norte,UCN,,
20513400019915,C. E. R. EL CARRIEL,205134000199,C. E. R. LA SOLITA,5134,CAMPAMENTO,Norte,UCN,,
20513400019908,C. E. R. EL GUADUAL,205134000199,C. E. R. LA SOLITA,5134,CAMPAMENTO,Norte,UCN,,
20513400019909,C. E. R. EL LIMON,205134000199,C. E. R. LA SOLITA,5134,CAMPAMENTO,Norte,UCN,,
20513400019912,C. E. R. EL PIÑAL,205134000199,C. E. R. LA SOLITA,5134,CAMPAMENTO,Norte,UCN,,
20513400019918,C. E. R. LA CEIBA,205134000199,C. E. R. LA SOLITA,5134,CAMPAMENTO,Norte,UCN,,
20513400019913,C. E. R. LA GLORIA,205134000199,C. E. R. LA SOLITA,5134,CAMPAMENTO,Norte,UCN,,
20513400019904,C. E. R. LA LUZ,205134000199,C. E. R. LA SOLITA,5134,CAMPAMENTO,Norte,UCN,,
20513400019902,C. E. R. LA MINA,205134000199,C. E. R. LA SOLITA,5134,CAMPAMENTO,Norte,UCN,,
20513400019905,C. E. R. LA POLKA,205134000199,C. E. R. LA SOLITA,5134,CAMPAMENTO,Norte,UCN,,
20513400019906,C. E. R. LA QUIEBRA,205134000199,C. E. R. LA SOLITA,5134,CAMPAMENTO,Norte,UCN,,
20513400019901,C. E. R. LA SOLITA,205134000199,C. E. R. LA SOLITA,5134,CAMPAMENTO,Norte,UCN,,
20513400019911,C. E. R. MONTAÑITA,205134000199,C. E. R. LA SOLITA,5134,CAMPAMENTO,Norte,UCN,,
20513400019910,C. E. R. QUEBRADONA,205134000199,C. E. R. LA SOLITA,5134,CAMPAMENTO,Norte,UCN,,
20513400019916,C. E. R. SAN ANTONIO,205134000199,C. E. R. LA SOLITA,5134,CAMPAMENTO,Norte,UCN,,
20513400019919,C. E. R. SAN JOSE,205134000199,C. E. R. LA SOLITA,5134,CAMPAMENTO,Norte,UCN,,
20513400019917,C. E. R. TIERRAFRIA,205134000199,C. E. R. LA SOLITA,5134,CAMPAMENTO,Norte,UCN,,
10513400004609,CAÑAVERAL,105134000046,I. E.  NUESTRA SEÑORA DEL ROSARIO,5134,CAMPAMENTO,Norte,UCN,https://drive.google.com/file/d/1MxhHIKaTh2vVucVxAb_7sDDM22dqeDOf/view?usp=sharing,
10513400004607,CHORROS BLANCOS NO.1,105134000046,I. E.  NUESTRA SEÑORA DEL ROSARIO,5134,CAMPAMENTO,Norte,UCN,https://drive.google.com/file/d/1ahT1G7xrogJJ7TsxCOxzD_jusSf7kO2d/view?usp=sharing,
10513400004606,EL CARDAL,105134000046,I. E.  NUESTRA SEÑORA DEL ROSARIO,5134,CAMPAMENTO,Norte,UCN,,
10513400004610,EL OSO,105134000046,I. E.  NUESTRA SEÑORA DEL ROSARIO,5134,CAMPAMENTO,Norte,UCN,,
10513400004601,I. E. NUESTRA SEÑORA DEL ROSARIO,105134000046,I. E.  NUESTRA SEÑORA DEL ROSARIO,5134,CAMPAMENTO,Norte,UCN,,
10513400004604,LA PRIMAVERA,105134000046,I. E.  NUESTRA SEÑORA DEL ROSARIO,5134,CAMPAMENTO,Norte,UCN,,
10513400004608,LA TRAVESIA,105134000046,I. E.  NUESTRA SEÑORA DEL ROSARIO,5134,CAMPAMENTO,Norte,UCN,,
10513400004611,LOS RANCHOS,105134000046,I. E.  NUESTRA SEÑORA DEL ROSARIO,5134,CAMPAMENTO,Norte,UCN,,
10513400004602,NARANJAL,105134000046,I. E.  NUESTRA SEÑORA DEL ROSARIO,5134,CAMPAMENTO,Norte,UCN,,
10513400004603,NORIZAL,105134000046,I. E.  NUESTRA SEÑORA DEL ROSARIO,5134,CAMPAMENTO,Norte,UCN,https://drive.google.com/file/d/1zXsvuprm1tiW8DK4zd0xn1BiBonawjgZ/view?usp=sharing,
10513400004605,QUEBRADA NEGRA,105134000046,I. E.  NUESTRA SEÑORA DEL ROSARIO,5134,CAMPAMENTO,Norte,UCN,,
10515000009902,C. E. R. EL SALTO,105150000099,I. E. PBRO JULIO TAMAYO,5150,CAROLINA,Norte,UCN,https://drive.google.com/file/d/1uKOp7I9WBs7mE7mIyliR7iqCXq3Xdl5A/view?usp=sharing,
10515000009906,C. E. R. JOSE JOAQUIN VELEZ,105150000099,I. E. PBRO JULIO TAMAYO,5150,CAROLINA,Norte,UCN,https://drive.google.com/file/d/1moTw4aL4dd9DRJIdDdBqOkmy988TH3kp/view?usp=sharing,
10515000009904,C. E. R. JOSE MARIA MENESES,105150000099,I. E. PBRO JULIO TAMAYO,5150,CAROLINA,Norte,UCN,https://drive.google.com/file/d/1WHLHAXuSz0OTQX_QvU4jelTjRGS7My9O/view?usp=sharing,
10515000009903,C. E. R. MARIA AUXILIADORA,105150000099,I. E. PBRO JULIO TAMAYO,5150,CAROLINA,Norte,UCN,,
10515000009905,C. E. R. MARIA DE J MADRIGAL,105150000099,I. E. PBRO JULIO TAMAYO,5150,CAROLINA,Norte,UCN,https://drive.google.com/file/d/1BxeMu67Weo_uwfnfS7WdKmjAHH5dtCi1/view?usp=sharing,
10515000009901,I. E. PBRO JULIO TAMAYO,105150000099,I. E. PBRO JULIO TAMAYO,5150,CAROLINA,Norte,UCN,,
20523700040503,C. E. R. JUSTINIANO RAMIREZ,205237000405,CENTRO EDUCATIVO RURAL RIOGRANDE,5237,DONMATIAS,Norte,UCN,,
20523700040505,C. E. R. LOS ARRAYANES,205237000405,CENTRO EDUCATIVO RURAL RIOGRANDE,5237,DONMATIAS,Norte,UCN,https://drive.google.com/file/d/1CqA4DFE1uCz7rWS5CHajFRQo7iHLW_p9/view?usp=sharing,
20523700040502,C. E. R. RIOCHICO,205237000405,CENTRO EDUCATIVO RURAL RIOGRANDE,5237,DONMATIAS,Norte,UCN,https://drive.google.com/file/d/1-wj3XAHwl29P-Svmv1UDxvdJJpNrbTRJ/view?usp=sharing,
20523700040504,C. E. R. ROQUE LOPERA,205237000405,CENTRO EDUCATIVO RURAL RIOGRANDE,5237,DONMATIAS,Norte,UCN,https://drive.google.com/file/d/1y1hgtSiH13IKIkzDKQiBMaHsAOezMoGz/view?usp=sharing,
20523700040501,C.E.R. RIOGRANDE,205237000405,CENTRO EDUCATIVO RURAL RIOGRANDE,5237,DONMATIAS,Norte,UCN,https://drive.google.com/file/d/1KRTfhcwW0tWZ7p0nSMBeBo5kAoGz6xjC/view?usp=sharing,
20523700008103,C. E. R. FELIX CASTAÑO,205237000081,I. E. R. BENILDA VALENCIA,5237,DONMATIAS,Norte,UCN,https://drive.google.com/file/d/1CihCuo6DS7oa2KJ5qmV6F8KQSalMDhSa/view?usp=sharing,
20523700008104,C. E. R. MIGUEL ANGEL BUILES,205237000081,I. E. R. BENILDA VALENCIA,5237,DONMATIAS,Norte,UCN,,
20523700008101,I. E. R. BENILDA VALENCIA,205237000081,I. E. R. BENILDA VALENCIA,5237,DONMATIAS,Norte,UCN,https://drive.google.com/file/d/1cWhZkdFvO7-MIsTCGc4T224Obnr3H7TJ/view?usp=sharing,
20523700008102,I. E. R. LEOCADIO JARAMILLO,205237000081,I. E. R. BENILDA VALENCIA,5237,DONMATIAS,Norte,UCN,https://drive.google.com/file/d/1hxGoxvsKMJ9NGg3FYqZpHXtgM7L5zNuq/view?usp=sharing,
20523700003106,C. E. R. ARENALES,205237000031,I. E. R. PBRO ANTONIO JOSE CADAVID,5237,DONMATIAS,Norte,UCN,,
20523700003103,C. E. R. EMILIA RENDON,205237000031,I. E. R. PBRO ANTONIO JOSE CADAVID,5237,DONMATIAS,Norte,UCN,,
20523700003105,C. E. R. FRANCISCO RESTREPO,205237000031,I. E. R. PBRO ANTONIO JOSE CADAVID,5237,DONMATIAS,Norte,UCN,https://drive.google.com/file/d/1reGDgXBiSd-nDrQcI79ejdN_52xDy-Qt/view?usp=sharing,
20523700003104,C. E. R. LA PRADERA,205237000031,I. E. R. PBRO ANTONIO JOSE CADAVID,5237,DONMATIAS,Norte,UCN,https://drive.google.com/file/d/13eJLPTMOBeXmJ8ipbbuAxUqORPc4XzqO/view?usp=sharing,
20523700003107,C. E. R. PANDEAZUCAR,205237000031,I. E. R. PBRO ANTONIO JOSE CADAVID,5237,DONMATIAS,Norte,UCN,,
20523700003101,I. E. PBRO ANTONIO JOSE CADAVID,205237000031,I. E. R. PBRO ANTONIO JOSE CADAVID,5237,DONMATIAS,Norte,UCN,https://drive.google.com/file/d/1XdY6VP9T6k-xTQ686WXJOO1ba5UWOFzA/view?usp=sharing,
20523700003102,I. E. R. JESUS MARIA OSORNO,205237000031,I. E. R. PBRO ANTONIO JOSE CADAVID,5237,DONMATIAS,Norte,UCN,https://drive.google.com/file/d/1ilrRBBzcgcz3Jzw-ax0Ok8CSRGpOizo6/view?usp=sharing,
10523700015004,ANGELINA ARTEAGA,105237000150,INSTITUCION EDUCATIVA DONMATIAS,5237,DONMATIAS,Norte,UCN,,
10523700015001,COLEGIO DONMATIAS,105237000150,INSTITUCION EDUCATIVA DONMATIAS,5237,DONMATIAS,Norte,UCN,,
10523700015002,E U AGUSTIN GARCIA,105237000150,INSTITUCION EDUCATIVA DONMATIAS,5237,DONMATIAS,Norte,UCN,,
10523700015002,E U AGUSTIN GARCIA,105237000150,INSTITUCION EDUCATIVA DONMATIAS,5237,DONMATIAS,Norte,UCN,https://drive.google.com/file/d/1jK0FEjEINDAQ2VfPiyVvLvQn3ldR7Knb/view?usp=sharing,
10523700015003,E U LUIS LOPEZ DE MESA,105237000150,INSTITUCION EDUCATIVA DONMATIAS,5237,DONMATIAS,Norte,UCN,,
10523700015003,E U LUIS LOPEZ DE MESA,105237000150,INSTITUCION EDUCATIVA DONMATIAS,5237,DONMATIAS,Norte,UCN,https://drive.google.com/file/d/1O-C52WdUjZZ48MH8ojeoEXUwExG1Z2eH/view?usp=sharing,
20526400012305,C. E. R. EL PORVENIR,205264000123,C. E. R. YERBABUENAL,5264,ENTRERRIOS,Norte,UCN,https://drive.google.com/file/d/1ZW5roN6AbwAaMFgjzQUVmtZvabnAPwCz/view?usp=sharing,
20526400012307,C. E. R. EL PROGRESO,205264000123,C. E. R. YERBABUENAL,5264,ENTRERRIOS,Norte,UCN,https://drive.google.com/file/d/1-cizUhmZ4pgF2mLun1y1VxUf7mb3ccMz/view?usp=sharing,
20526400012310,C. E. R. HUMBERTO LOPERA VILLA,205264000123,C. E. R. YERBABUENAL,5264,ENTRERRIOS,Norte,UCN,,
20526400012309,C. E. R. LA CONCORDIA,205264000123,C. E. R. YERBABUENAL,5264,ENTRERRIOS,Norte,UCN,,
20526400012308,C. E. R. LA HERMOSA,205264000123,C. E. R. YERBABUENAL,5264,ENTRERRIOS,Norte,UCN,https://drive.google.com/file/d/1yVDVamY-JXqudETaIn_qcSbzRZyFFF-N/view?usp=sharing,
20526400012303,C. E. R. LAS BRISAS,205264000123,C. E. R. YERBABUENAL,5264,ENTRERRIOS,Norte,UCN,https://drive.google.com/file/d/1NH3B1P8Yq_pTsgmJ8kBoVVDwMQ6_wQzV/view?usp=sharing,
20526400012311,C. E. R. PADRE ABELARDO JARAMILLO,205264000123,C. E. R. YERBABUENAL,5264,ENTRERRIOS,Norte,UCN,,
20526400012304,C. E. R. PIO XII,205264000123,C. E. R. YERBABUENAL,5264,ENTRERRIOS,Norte,UCN,https://drive.google.com/file/d/1UJiUequqOYdN1KuE7fTPahzeyrIhpV09/view?usp=sharing,
20526400012302,C. E. R. POTRERO GRANDE,205264000123,C. E. R. YERBABUENAL,5264,ENTRERRIOS,Norte,UCN,https://drive.google.com/file/d/1QI6H-jiGUkehbvmoQlO6_yC9qyCzn30P/view?usp=sharing,
20526400012306,C. E. R. SANTA ANA,205264000123,C. E. R. YERBABUENAL,5264,ENTRERRIOS,Norte,UCN,,
20526400012312,C. E. R. TOMAS ENRIQUE RESTREPO,205264000123,C. E. R. YERBABUENAL,5264,ENTRERRIOS,Norte,UCN,,
20526400012301,C. E. R. YERBABUENAL,205264000123,C. E. R. YERBABUENAL,5264,ENTRERRIOS,Norte,UCN,,
10526400001302,ESCUELA URBANA DE ENTRERRIOS,105264000013,I. E. ENTRERRIOS,5264,ENTRERRIOS,Norte,UCN,https://drive.google.com/file/d/1gTnJh_jzcq2kaMYJYH14BYggNAeOT5H1/view?usp=sharing,
10526400001301,LICEO SAN LUIS BELTRAN,105264000013,I. E. ENTRERRIOS,5264,ENTRERRIOS,Norte,UCN,,
10531000003104,C. E. R. BALSAS,105310000031,I. E. GOMEZ PLATA,5310,GOMEZ PLATA,Norte,UCN,,
10531000003105,C. E. R. EL CERRO,105310000031,I. E. GOMEZ PLATA,5310,GOMEZ PLATA,Norte,UCN,https://drive.google.com/file/d/1T1Ew1OXrBy4nTR4Q_0w6e-_7CK_sh6sV/view?usp=sharing,
10531000003106,C. E. R. EL INDIO,105310000031,I. E. GOMEZ PLATA,5310,GOMEZ PLATA,Norte,UCN,,
20531000036207,C. E. R. ERNESTINA PALACIO,105310000031,I. E. GOMEZ PLATA,5310,GOMEZ PLATA,Norte,UCN,,
10531000003108,C. E. R. GARZON,105310000031,I. E. GOMEZ PLATA,5310,GOMEZ PLATA,Norte,UCN,,
10531000003110,C. E. R. LA ANGOSTURITA,105310000031,I. E. GOMEZ PLATA,5310,GOMEZ PLATA,Norte,UCN,,
10531000003113,C. E. R. LA ESTRELLA,105310000031,I. E. GOMEZ PLATA,5310,GOMEZ PLATA,Norte,UCN,https://drive.google.com/file/d/147YVE3PjajdCQhL2JJGX9KRU3tGFV7Q1/view?usp=sharing,
10531000003112,C. E. R. PUENTE PORCE,105310000031,I. E. GOMEZ PLATA,5310,GOMEZ PLATA,Norte,UCN,https://drive.google.com/file/d/11AHm7F_V-XpZrHgeBtNPWzsFfk2YYd_d/view?usp=sharing,
10531000003103,E U ISABEL I ,105310000031,I. E. GOMEZ PLATA,5310,GOMEZ PLATA,Norte,UCN,https://drive.google.com/file/d/1athZVfnyqT-yWDdCYQSXYseLB7eOahMz/view?usp=sharing,
10531000003101,LICEO DE GOMEZ PLATA,105310000031,I. E. GOMEZ PLATA,5310,GOMEZ PLATA,Norte,UCN,,
20531000035408,C. E. R. LA HONDURA,205310000354,INSTITUCION EDUCATIVA RURAL EL SALTO,5310,GOMEZ PLATA,Norte,UCN,,
20531000035407,C. E. R. LA PRIMAVERA,205310000354,INSTITUCION EDUCATIVA RURAL EL SALTO,5310,GOMEZ PLATA,Norte,UCN,https://drive.google.com/file/d/1_Fw1igUTEjTQOyeRXvFFNO9Voia618YV/view?usp=sharing,
20531000035409,C. E. R. QUEBRADONA,205310000354,INSTITUCION EDUCATIVA RURAL EL SALTO,5310,GOMEZ PLATA,Norte,UCN,,
20531000035404,E R CAÑAVERAL,205310000354,INSTITUCION EDUCATIVA RURAL EL SALTO,5310,GOMEZ PLATA,Norte,UCN,https://drive.google.com/file/d/1YVD2z6Oqc7rYhxs5TdPBhuqeNFPQfl0A/view?usp=sharing,
20531000035405,E R EL OSO,205310000354,INSTITUCION EDUCATIVA RURAL EL SALTO,5310,GOMEZ PLATA,Norte,UCN,,
20531000035403,E U SAN MATIAS,205310000354,INSTITUCION EDUCATIVA RURAL EL SALTO,5310,GOMEZ PLATA,Norte,UCN,,
20531000035401,LICEO EL SALTO,205310000354,INSTITUCION EDUCATIVA RURAL EL SALTO,5310,GOMEZ PLATA,Norte,UCN,,
10531500002106,C. E. R.  DOCTOR MARIO VILLEGAS,105315000021,I. E.  LUIS LOPEZ DE MESA,5315,GUADALUPE,Norte,UCN,,
10531500002103,C. E. R.  LUIS JARAMILLO HINCAPIE,105315000021,I. E.  LUIS LOPEZ DE MESA,5315,GUADALUPE,Norte,UCN,https://drive.google.com/file/d/1VU9os75Gsh_5gfszxOwJnW8pMXWR3AvE/view?usp=sharing,
10531500002112,C. E. R. ALBERTO BETANCUR,105315000021,I. E.  LUIS LOPEZ DE MESA,5315,GUADALUPE,Norte,UCN,https://drive.google.com/file/d/1hlqQ1JeNX0higW_z7WP5fRopVwTGGmxr/view?usp=sharing,
10531500002108,C. E. R. ALTO DE LA CRUZ,105315000021,I. E.  LUIS LOPEZ DE MESA,5315,GUADALUPE,Norte,UCN,,
10531500002113,C. E. R. EL GUADUAL,105315000021,I. E.  LUIS LOPEZ DE MESA,5315,GUADALUPE,Norte,UCN,https://drive.google.com/file/d/1331sG6i9-SWNF-y08Z5fRtoeBfrfA0TW/view?usp=sharing,
10531500002114,C. E. R. EL KIOSCO,105315000021,I. E.  LUIS LOPEZ DE MESA,5315,GUADALUPE,Norte,UCN,,
10531500002115,C. E. R. EL PICACHO,105315000021,I. E.  LUIS LOPEZ DE MESA,5315,GUADALUPE,Norte,UCN,https://drive.google.com/file/d/1g7z7AJiRBd2MKp2caD_EmN1NqbXjKccD/view?usp=sharing,
10531500002109,C. E. R. EMILIANO LONDOÑO,105315000021,I. E.  LUIS LOPEZ DE MESA,5315,GUADALUPE,Norte,UCN,https://drive.google.com/file/d/1QD9sPe9n4gXkGAgqsj5J_CXbtSSTbEN4/view?usp=sharing,
10531500002111,C. E. R. GUANTEROS,105315000021,I. E.  LUIS LOPEZ DE MESA,5315,GUADALUPE,Norte,UCN,https://drive.google.com/file/d/18ixgTJe4zhX44ZxxsXdTmQbNMrYP3ZkE/view?usp=sharing,
10531500002116,C. E. R. LOS SAUCES,105315000021,I. E.  LUIS LOPEZ DE MESA,5315,GUADALUPE,Norte,UCN,https://drive.google.com/file/d/1kifSd0lLS40UFiXJdkZGkowWjnfOZ1t1/view?usp=sharing,
10531500002104,C. E. R. PATIO BONITO,105315000021,I. E.  LUIS LOPEZ DE MESA,5315,GUADALUPE,Norte,UCN,,
10531500002117,C. E. R. SAN JUAN ABAJO,105315000021,I. E.  LUIS LOPEZ DE MESA,5315,GUADALUPE,Norte,UCN,https://drive.google.com/file/d/1K3jtTY9XokUgDatw-Jevp6dwARYbX6t9/view?usp=sharing,
10531500002107,C. E. R. SAN JULIAN,105315000021,I. E.  LUIS LOPEZ DE MESA,5315,GUADALUPE,Norte,UCN,,
10531500002118,C. E. R. SAN PABLO ABAJO,105315000021,I. E.  LUIS LOPEZ DE MESA,5315,GUADALUPE,Norte,UCN,https://drive.google.com/file/d/1nBkPmyZf8BIhZzLNgfPYiOlH7mSkaqX0/view?usp=sharing,
10531500002105,C. E. R. SOLEDAD SANCHEZ DE S,105315000021,I. E.  LUIS LOPEZ DE MESA,5315,GUADALUPE,Norte,UCN,https://drive.google.com/file/d/1GVWHkh1UV7nhAHQM9iknhkBVVkwOCkeF/view?usp=sharing,
10531500002101,I. E.  LUIS LOPEZ DE MESA,105315000021,I. E.  LUIS LOPEZ DE MESA,5315,GUADALUPE,Norte,UCN,https://drive.google.com/file/d/1lWcoe7s2FkH2DJzZGN4qy2pVoJxvYL-J/view?usp=sharing,
10531500002102,I. E. R. LA BRAMADORA,105315000021,I. E.  LUIS LOPEZ DE MESA,5315,GUADALUPE,Norte,UCN,https://drive.google.com/file/d/16kkzw8S3sHaJL5CHPaed5tm0gj6HLrNi/view?usp=sharing,
20536100192401,C. E. R. INDIGENISTA SAN MATIAS,205361001924,C. E. R. INDIGENISTA SAN MATIAS,5361,ITUANGO,Norte,UCN,,
20536100192402,SAN PEDRITO,205361001924,C. E. R. INDIGENISTA SAN MATIAS,5361,ITUANGO,Norte,UCN,,
20536100084708,C. E. R. BUENAVISTA,205361000847,C. E. R. PALOBLANCO,5361,ITUANGO,Norte,UCN,,
20536100084712,C. E. R. EL NARANJO,205361000847,C. E. R. PALOBLANCO,5361,ITUANGO,Norte,UCN,,
20536100084711,C. E. R. JOSE MANUEL TAPARCUA,205361000847,C. E. R. PALOBLANCO,5361,ITUANGO,Norte,UCN,,
20536100084710,C. E. R. LA FLORIDA,205361000847,C. E. R. PALOBLANCO,5361,ITUANGO,Norte,UCN,https://drive.google.com/file/d/1j7QixEFiOBfj_DHjH44Ia0a3XaAdMeFD/view?usp=sharing,
20536100084713,C. E. R. LA GIRALDO,205361000847,C. E. R. PALOBLANCO,5361,ITUANGO,Norte,UCN,,
20536100084707,C. E. R. LA HONDA,205361000847,C. E. R. PALOBLANCO,5361,ITUANGO,Norte,UCN,https://drive.google.com/file/d/1k-Rk_YzI73jr28bR-oyQbByNAnJkvaGV/view?usp=sharing,
20536100084702,C. E. R. LOS GALGOS,205361000847,C. E. R. PALOBLANCO,5361,ITUANGO,Norte,UCN,https://drive.google.com/file/d/1s71Pwgpb-McsbOB4YJyVG0_8oarzXmRO/view?usp=sharing,
20536100084703,C. E. R. MARIA BONITA,205361000847,C. E. R. PALOBLANCO,5361,ITUANGO,Norte,UCN,https://drive.google.com/file/d/1-PT_L7Ec2gKSzAzoFb_3HpWy8koxVfTq/view?usp=sharing,
20536100084704,C. E. R. MOTE,205361000847,C. E. R. PALOBLANCO,5361,ITUANGO,Norte,UCN,,
20536100084701,C. E. R. PALOBLANCO,205361000847,C. E. R. PALOBLANCO,5361,ITUANGO,Norte,UCN,https://drive.google.com/file/d/1xpTniKfPSGrbqTnM7wzFRf7exPnMQhWq/view?usp=sharing,
20536100084705,C.E.R. ANTONIO JOSE DE SUCRE,205361000847,C. E. R. PALOBLANCO,5361,ITUANGO,Norte,UCN,,
20536100084714,I. E. R. ANTONIO NARIÑO,205361000847,C. E. R. PALOBLANCO,5361,ITUANGO,Norte,UCN,https://drive.google.com/file/d/174bPQKK57UU1EtbF00sDRnm7RM2fffx1/view?usp=sharing,
20536100084706,I. E. R. VEINTE DE JULIO,205361000847,C. E. R. PALOBLANCO,5361,ITUANGO,Norte,UCN,https://drive.google.com/file/d/1zZmISQj__dsEp7OEESRjrrM64Br7jVW1/view?usp=sharing,
10536100044301,COLEGIO PEDRO NEL OSPINA,105361000443,I. E. PEDRO NEL OSPINA,5361,ITUANGO,Norte,UCN,,
10536100044303,E U ANTONIO J ARAQUE,105361000443,I. E. PEDRO NEL OSPINA,5361,ITUANGO,Norte,UCN,https://drive.google.com/file/d/1F0m5QIb1fyoIPSfl0y3hdNffRys6foZs/view?usp=sharing,
10536100044304,E U EMILIANA PEREZ,105361000443,I. E. PEDRO NEL OSPINA,5361,ITUANGO,Norte,UCN,,
10536100044302,E U JUAN XXIII,105361000443,I. E. PEDRO NEL OSPINA,5361,ITUANGO,Norte,UCN,,
10536100044305,I. E. R. PIO X,105361000443,I. E. PEDRO NEL OSPINA,5361,ITUANGO,Norte,UCN,https://drive.google.com/file/d/1xXw0OtsuWQnwNnZJf1XqjhNYOdkIze-v/view?usp=sharing,
20536100032403,C. E. R. CHISPAS,205361000324,I. E. R. JOSE FELIX DE RESTREPO,5361,ITUANGO,Norte,UCN,,
20536100032414,C. E. R. EL CARDAL,205361000324,I. E. R. JOSE FELIX DE RESTREPO,5361,ITUANGO,Norte,UCN,,
20536100032408,C. E. R. EL RIO,205361000324,I. E. R. JOSE FELIX DE RESTREPO,5361,ITUANGO,Norte,UCN,,
20536100032410,C. E. R. JOSE ACEVEDO Y GOMEZ,205361000324,I. E. R. JOSE FELIX DE RESTREPO,5361,ITUANGO,Norte,UCN,,
20536100020113,C. E. R. LA PALIZADA,205361000324,I. E. R. JOSE FELIX DE RESTREPO,5361,ITUANGO,Norte,UCN,,
20536100032405,C. E. R. LA PAZ,205361000324,I. E. R. JOSE FELIX DE RESTREPO,5361,ITUANGO,Norte,UCN,,
20536100032404,C. E. R. MONTE ALTO,205361000324,I. E. R. JOSE FELIX DE RESTREPO,5361,ITUANGO,Norte,UCN,,
20536100032402,C. E. R. MURRAPAL,205361000324,I. E. R. JOSE FELIX DE RESTREPO,5361,ITUANGO,Norte,UCN,,
20536100032416,C. E. R. PATRICIO SUCERQUIA,205361000324,I. E. R. JOSE FELIX DE RESTREPO,5361,ITUANGO,Norte,UCN,,
20536100032407,C. E. R. QUEBRADONCITA,205361000324,I. E. R. JOSE FELIX DE RESTREPO,5361,ITUANGO,Norte,UCN,,
20536100032401,I. E. R. JOSE FELIX DE RESTREPO,205361000324,I. E. R. JOSE FELIX DE RESTREPO,5361,ITUANGO,Norte,UCN,,
20536100043002,C. E. R. ALTO DEL LIMON,205361000430,I. E. R. LA PEREZ,5361,ITUANGO,Norte,UCN,,
20536100043013,C. E. R. BAJO INGLES,205361000430,I. E. R. LA PEREZ,5361,ITUANGO,Norte,UCN,,
20536100043009,C. E. R. CHUSCAL,205361000430,I. E. R. LA PEREZ,5361,ITUANGO,Norte,UCN,,
20536100043008,C. E. R. EL QUINDIO,205361000430,I. E. R. LA PEREZ,5361,ITUANGO,Norte,UCN,,
20536100043006,C. E. R. EL ZARZAL,205361000430,I. E. R. LA PEREZ,5361,ITUANGO,Norte,UCN,,
20536100043015,C. E. R. FALDA DE LAS ARAÑAS,205361000430,I. E. R. LA PEREZ,5361,ITUANGO,Norte,UCN,,
20536100043012,C. E. R. FATIMA,205361000430,I. E. R. LA PEREZ,5361,ITUANGO,Norte,UCN,,
20536100043003,C. E. R. LA GEORGIA,205361000430,I. E. R. LA PEREZ,5361,ITUANGO,Norte,UCN,,
20536100043010,C. E. R. LAS CUATRO,205361000430,I. E. R. LA PEREZ,5361,ITUANGO,Norte,UCN,,
20536100043014,C. E. R. SAN ISIDRO,205361000430,I. E. R. LA PEREZ,5361,ITUANGO,Norte,UCN,,
20536100043007,C. E. R. SANTA LUCIA,205361000430,I. E. R. LA PEREZ,5361,ITUANGO,Norte,UCN,,
20536100043019,C.E.R. LA PRENSA,205361000430,I. E. R. LA PEREZ,5361,ITUANGO,Norte,UCN,,
20536100043011,C.E.R. SANTA BÁRBARA,205361000430,I. E. R. LA PEREZ,5361,ITUANGO,Norte,UCN,,
20536100043018,I. E. R. EL CEDRAL,205361000430,I. E. R. LA PEREZ,5361,ITUANGO,Norte,UCN,,
20536100043001,I. E. R. LA PEREZ,205361000430,I. E. R. LA PEREZ,5361,ITUANGO,Norte,UCN,,
20536100043005,I. E. R. LOS SAUCES,205361000430,I. E. R. LA PEREZ,5361,ITUANGO,Norte,UCN,,
20536100043016,I. E. R. SAN FRANCISCO,205361000430,I. E. R. LA PEREZ,5361,ITUANGO,Norte,UCN,,
20536100043017,I. E. R. SANTA ANA,205361000430,I. E. R. LA PEREZ,5361,ITUANGO,Norte,UCN,,
20536100019706,C. E. R. EL CAPOTE,205361000197,I.E.R. JESUS MARIA VALLE JARAMILLO,5361,ITUANGO,Norte,UCN,,
20536100019713,C. E. R. EL HERRERO,205361000197,I.E.R. JESUS MARIA VALLE JARAMILLO,5361,ITUANGO,Norte,UCN,,
20536100019704,C. E. R. EL OLIVAR,205361000197,I.E.R. JESUS MARIA VALLE JARAMILLO,5361,ITUANGO,Norte,UCN,,
20536100019708,C. E. R. EL YOLOMBO,205361000197,I.E.R. JESUS MARIA VALLE JARAMILLO,5361,ITUANGO,Norte,UCN,,
20536100019710,C. E. R. LA CANDELARIA,205361000197,I.E.R. JESUS MARIA VALLE JARAMILLO,5361,ITUANGO,Norte,UCN,,
20536100019719,C. E. R. LA CIENAGA,205361000197,I.E.R. JESUS MARIA VALLE JARAMILLO,5361,ITUANGO,Norte,UCN,,
20536100019711,C. E. R. LA CONCORDIA,205361000197,I.E.R. JESUS MARIA VALLE JARAMILLO,5361,ITUANGO,Norte,UCN,,
20536100019722,C. E. R. LA CRISTALINA,205361000197,I.E.R. JESUS MARIA VALLE JARAMILLO,5361,ITUANGO,Norte,UCN,,
20536100019721,C. E. R. LA PALOMA,205361000197,I.E.R. JESUS MARIA VALLE JARAMILLO,5361,ITUANGO,Norte,UCN,,
20536100019727,C. E. R. LA SOLEDAD,205361000197,I.E.R. JESUS MARIA VALLE JARAMILLO,5361,ITUANGO,Norte,UCN,,
20536100019720,C. E. R. MANZANARES,205361000197,I.E.R. JESUS MARIA VALLE JARAMILLO,5361,ITUANGO,Norte,UCN,,
20536100019726,C. E. R. QUEBRADONA,205361000197,I.E.R. JESUS MARIA VALLE JARAMILLO,5361,ITUANGO,Norte,UCN,,
20536100019702,C. E. R. REVENTON,205361000197,I.E.R. JESUS MARIA VALLE JARAMILLO,5361,ITUANGO,Norte,UCN,,
20536100019714,C. E. R. SAN JOSE,205361000197,I.E.R. JESUS MARIA VALLE JARAMILLO,5361,ITUANGO,Norte,UCN,,
20536100019725,C. E. R. SAN JUANILLO,205361000197,I.E.R. JESUS MARIA VALLE JARAMILLO,5361,ITUANGO,Norte,UCN,,
20536100019703,C. E. R. TRAVESIAS,205361000197,I.E.R. JESUS MARIA VALLE JARAMILLO,5361,ITUANGO,Norte,UCN,,
20536100019717,C.E.R. FILO DE PAVAS,205361000197,I.E.R. JESUS MARIA VALLE JARAMILLO,5361,ITUANGO,Norte,UCN,,
20536100019723,C.E.R. LA SEBASTIANA,205361000197,I.E.R. JESUS MARIA VALLE JARAMILLO,5361,ITUANGO,Norte,UCN,,
20536100019701,I. E. JESUS MARIA VALLE JARAMILLO,205361000197,I.E.R. JESUS MARIA VALLE JARAMILLO,5361,ITUANGO,Norte,UCN,,
20536100102935,C. E. R. LAS NIEVES,205361001029,INSTITUCIÓN EDUCATIVA LUIS MARIA PRECIADO ECHAVARRIA,5361,ITUANGO,Norte,UCN,,
20536100102933,C. E. R. MANZANARES,205361001029,INSTITUCIÓN EDUCATIVA LUIS MARIA PRECIADO ECHAVARRIA,5361,ITUANGO,Norte,UCN,,
20536100102934,C.E.R LA RICA,205361001029,INSTITUCIÓN EDUCATIVA LUIS MARIA PRECIADO ECHAVARRIA,5361,ITUANGO,Norte,UCN,,
20536100102932,C.E.R. ORGANI ABAJO,205361001029,INSTITUCIÓN EDUCATIVA LUIS MARIA PRECIADO ECHAVARRIA,5361,ITUANGO,Norte,UCN,,
20536100102924,EL ARO,205361001029,INSTITUCIÓN EDUCATIVA LUIS MARIA PRECIADO ECHAVARRIA,5361,ITUANGO,Norte,UCN,,
20536100102923,EL CEIBO,205361001029,INSTITUCIÓN EDUCATIVA LUIS MARIA PRECIADO ECHAVARRIA,5361,ITUANGO,Norte,UCN,,
20536100102903,EL RECREO,205361001029,INSTITUCIÓN EDUCATIVA LUIS MARIA PRECIADO ECHAVARRIA,5361,ITUANGO,Norte,UCN,,
20536100102902,EL TEJAR,205361001029,INSTITUCIÓN EDUCATIVA LUIS MARIA PRECIADO ECHAVARRIA,5361,ITUANGO,Norte,UCN,,
20536100102904,GUAYAQUIL,205361001029,INSTITUCIÓN EDUCATIVA LUIS MARIA PRECIADO ECHAVARRIA,5361,ITUANGO,Norte,UCN,,
20536100102901,I. E. LUIS MARIA PRECIADO ECHAVARRIA,205361001029,INSTITUCIÓN EDUCATIVA LUIS MARIA PRECIADO ECHAVARRIA,5361,ITUANGO,Norte,UCN,,
20536100102925,LA AMERICA,205361001029,INSTITUCIÓN EDUCATIVA LUIS MARIA PRECIADO ECHAVARRIA,5361,ITUANGO,Norte,UCN,,
20536100102906,LA CAMELIA,205361001029,INSTITUCIÓN EDUCATIVA LUIS MARIA PRECIADO ECHAVARRIA,5361,ITUANGO,Norte,UCN,,
20536100102909,LA ESTRELLA,205361001029,INSTITUCIÓN EDUCATIVA LUIS MARIA PRECIADO ECHAVARRIA,5361,ITUANGO,Norte,UCN,,
20536100102910,LA LOMITA,205361001029,INSTITUCIÓN EDUCATIVA LUIS MARIA PRECIADO ECHAVARRIA,5361,ITUANGO,Norte,UCN,,
20536100102915,LA MARÍA,205361001029,INSTITUCIÓN EDUCATIVA LUIS MARIA PRECIADO ECHAVARRIA,5361,ITUANGO,Norte,UCN,,
20536100102926,LOS VENADOS,205361001029,INSTITUCIÓN EDUCATIVA LUIS MARIA PRECIADO ECHAVARRIA,5361,ITUANGO,Norte,UCN,,
20536100102927,ORGANI ALTO,205361001029,INSTITUCIÓN EDUCATIVA LUIS MARIA PRECIADO ECHAVARRIA,5361,ITUANGO,Norte,UCN,https://drive.google.com/file/d/1PuT8UdhF2hmvfSt6B2C3OxF6uD3jPPGI/view?usp=sharing,
20536100102928,PALMICHAL,205361001029,INSTITUCIÓN EDUCATIVA LUIS MARIA PRECIADO ECHAVARRIA,5361,ITUANGO,Norte,UCN,,
20536100102929,SAN LUIS,205361001029,INSTITUCIÓN EDUCATIVA LUIS MARIA PRECIADO ECHAVARRIA,5361,ITUANGO,Norte,UCN,,
20536100102930,SAN MARCOS,205361001029,INSTITUCIÓN EDUCATIVA LUIS MARIA PRECIADO ECHAVARRIA,5361,ITUANGO,Norte,UCN,,
20536100102931,SEVILLA,205361001029,INSTITUCIÓN EDUCATIVA LUIS MARIA PRECIADO ECHAVARRIA,5361,ITUANGO,Norte,UCN,https://drive.google.com/file/d/1wwxiFBw7wxFWUhmG-JJ-Yieior-tM5I6/view?usp=sharing,
10564700022003,E.U. ALBERTO TOBON GALLON,105647000220,I. E. SAN ANDRES,5647,SAN ANDRES,Norte,UCN,https://drive.google.com/file/d/1hD3wQa2yMXsbmzU9u5rcIwmx-2FvEy_X/view?usp=sharing,
10564700022006,I. E. R. ANA JOAQUINA RESTREPO,105647000220,I. E. SAN ANDRES,5647,SAN ANDRES,Norte,UCN,,
10564700022001,LICEO JUAN XXIII,105647000220,I. E. SAN ANDRES,5647,SAN ANDRES,Norte,UCN,,
20565800003006,AGUACATAL,205658000030,INSTITUCION EDUCATIVA RURAL LAS CRUCES,5647,SAN ANDRES,Norte,UCN,,
20565800003016,ATEZAL,205658000030,INSTITUCION EDUCATIVA RURAL LAS CRUCES,5647,SAN ANDRES,Norte,UCN,,
20565800003012,CHALI,205658000030,INSTITUCION EDUCATIVA RURAL LAS CRUCES,5647,SAN ANDRES,Norte,UCN,,
20565800003004,COCORNA,205658000030,INSTITUCION EDUCATIVA RURAL LAS CRUCES,5647,SAN ANDRES,Norte,UCN,,
20565800003005,CUERQUIA,205658000030,INSTITUCION EDUCATIVA RURAL LAS CRUCES,5647,SAN ANDRES,Norte,UCN,,
20565800003002,EL PEÑOL,205658000030,INSTITUCION EDUCATIVA RURAL LAS CRUCES,5647,SAN ANDRES,Norte,UCN,,
20565800003008,EL VERGEL,205658000030,INSTITUCION EDUCATIVA RURAL LAS CRUCES,5647,SAN ANDRES,Norte,UCN,,
20565800003001,I. E. R. LAS CRUCES,205658000030,INSTITUCION EDUCATIVA RURAL LAS CRUCES,5647,SAN ANDRES,Norte,UCN,,
20565800003022,JOAQUIN EMILIO ARANGO,205658000030,INSTITUCION EDUCATIVA RURAL LAS CRUCES,5647,SAN ANDRES,Norte,UCN,,
20565800003024,LA CIENAGA,205658000030,INSTITUCION EDUCATIVA RURAL LAS CRUCES,5647,SAN ANDRES,Norte,UCN,,
20565800003007,LA LEJIA,205658000030,INSTITUCION EDUCATIVA RURAL LAS CRUCES,5647,SAN ANDRES,Norte,UCN,,
20565800003020,LAS AGUILAS,205658000030,INSTITUCION EDUCATIVA RURAL LAS CRUCES,5647,SAN ANDRES,Norte,UCN,,
20565800003009,LOMA GRANDE,205658000030,INSTITUCION EDUCATIVA RURAL LAS CRUCES,5647,SAN ANDRES,Norte,UCN,,
20565800003011,MARIA AUXILIADORA,205658000030,INSTITUCION EDUCATIVA RURAL LAS CRUCES,5647,SAN ANDRES,Norte,UCN,,
20565800003003,MEDIA LOMA,205658000030,INSTITUCION EDUCATIVA RURAL LAS CRUCES,5647,SAN ANDRES,Norte,UCN,,
20565800003014,MONTAÑADENTRO,205658000030,INSTITUCION EDUCATIVA RURAL LAS CRUCES,5647,SAN ANDRES,Norte,UCN,,
20565800003018,MONTEBELLO,205658000030,INSTITUCION EDUCATIVA RURAL LAS CRUCES,5647,SAN ANDRES,Norte,UCN,,
20565800003013,NUESTRA SEÑORA DEL ROSARIO,205658000030,INSTITUCION EDUCATIVA RURAL LAS CRUCES,5647,SAN ANDRES,Norte,UCN,https://drive.google.com/file/d/1ZlpiQpvvhXyJPpXjUno6uAyPiEx07svf/view?usp=sharing,
20565800003021,SAN ANTONIO,205658000030,INSTITUCION EDUCATIVA RURAL LAS CRUCES,5647,SAN ANDRES,Norte,UCN,,
20565800003010,SAN FRANCISCO,205658000030,INSTITUCION EDUCATIVA RURAL LAS CRUCES,5647,SAN ANDRES,Norte,UCN,,
20565800003023,SAN JULIAN,205658000030,INSTITUCION EDUCATIVA RURAL LAS CRUCES,5647,SAN ANDRES,Norte,UCN,,
20565800003015,SANTA GERTRUDIS,205658000030,INSTITUCION EDUCATIVA RURAL LAS CRUCES,5647,SAN ANDRES,Norte,UCN,,
20565800003017,TRAVESIAS,205658000030,INSTITUCION EDUCATIVA RURAL LAS CRUCES,5647,SAN ANDRES,Norte,UCN,,
10565800012402,C. E. R. CONGO,105658000124,INSTITUCION EDUCATIVA FRANCISCO ABEL GALLEGO,5658,SAN JOSE DE LA MONTANA,Norte,UCN,https://drive.google.com/file/d/1hBsFwPQE7j2GgmCGNTL9nxczB8d6v-8E/view?usp=sharing,
10565800012403,C. E. R. EL CARIBE,105658000124,INSTITUCION EDUCATIVA FRANCISCO ABEL GALLEGO,5658,SAN JOSE DE LA MONTANA,Norte,UCN,,
10565800012404,C. E. R. LA MARIA,105658000124,INSTITUCION EDUCATIVA FRANCISCO ABEL GALLEGO,5658,SAN JOSE DE LA MONTANA,Norte,UCN,,
10565800012405,C. E. R. LA MARIELA SANTA INES,105658000124,INSTITUCION EDUCATIVA FRANCISCO ABEL GALLEGO,5658,SAN JOSE DE LA MONTANA,Norte,UCN,,
10565800012406,C. E. R. POTRERITO,105658000124,INSTITUCION EDUCATIVA FRANCISCO ABEL GALLEGO,5658,SAN JOSE DE LA MONTANA,Norte,UCN,,
10565800012401,I. E. FRANCISCO ABEL GALLEGO,105658000124,INSTITUCION EDUCATIVA FRANCISCO ABEL GALLEGO,5658,SAN JOSE DE LA MONTANA,Norte,UCN,,
10565800012407,IE FRANCISCO ABEL GALLEGO SECCION B ,105658000124,INSTITUCION EDUCATIVA FRANCISCO ABEL GALLEGO,5658,SAN JOSE DE LA MONTANA,Norte,UCN,,
20566400017303,ALTO DE MEDINA,205664000173,C. E. R. EL ESPINAL,5664,SAN PEDRO DE LOS MILAGROS,Norte,UCN,,
20566400017301,C. E. R. EL ESPINAL,205664000173,C. E. R. EL ESPINAL,5664,SAN PEDRO DE LOS MILAGROS,Norte,UCN,,
20566400017302,CARLOS DAVID BETANCUR TOLEDO,205664000173,C. E. R. EL ESPINAL,5664,SAN PEDRO DE LOS MILAGROS,Norte,UCN,https://drive.google.com/file/d/15RqkzIO7a1UuZw5aVjrJj7FElHMSQWGv/view?usp=sharing,
20566400017307,EL RANO,205664000173,C. E. R. EL ESPINAL,5664,SAN PEDRO DE LOS MILAGROS,Norte,UCN,https://drive.google.com/file/d/1XGAPh9Bkkk2vAS1kWQmoeFe4E_P7KkgH/view?usp=sharing,
20566400017305,LA APRETEL,205664000173,C. E. R. EL ESPINAL,5664,SAN PEDRO DE LOS MILAGROS,Norte,UCN,https://drive.google.com/file/d/16dWe-rCWRDG65dTwr-1dHXZ3kT8TUSV4/view?usp=sharing,
20566400017304,LA PALMA,205664000173,C. E. R. EL ESPINAL,5664,SAN PEDRO DE LOS MILAGROS,Norte,UCN,,
20566400017306,RIOCHICO,205664000173,C. E. R. EL ESPINAL,5664,SAN PEDRO DE LOS MILAGROS,Norte,UCN,,
30566400021601,I.E. ESCUELA NORMAL SUPERIOR SEÑOR DE LOS MILAGROS,305664000216,I. E. ESCUELA NORMAL SUPERIOR SEÑOR DE LOS MILAGROS,5664,SAN PEDRO DE LOS MILAGROS,Norte,UCN,https://drive.google.com/file/d/1xgtHbV1avseSfbvIVUZjj_phNfps3Nup/view?usp=sharing,
30566400021603,LA CASCADA,305664000216,I. E. ESCUELA NORMAL SUPERIOR SEÑOR DE LOS MILAGROS,5664,SAN PEDRO DE LOS MILAGROS,Norte,UCN,https://drive.google.com/file/d/1fNTISkJv56u1Pz2xmPfvbjDu7rEVwR0Q/view?usp=sharing,
30566400021602,LA MARIA,305664000216,I. E. ESCUELA NORMAL SUPERIOR SEÑOR DE LOS MILAGROS,5664,SAN PEDRO DE LOS MILAGROS,Norte,UCN,https://drive.google.com/file/d/1xAUiAiGi1cgEagT5sgFjgmLy_XGAQwNS/view?usp=sharing,
10566400018702,E U GABRIELA GONZALEZ ,105664000187,I. E. PIO XII,5664,SAN PEDRO DE LOS MILAGROS,Norte,UCN,https://drive.google.com/file/d/18tDXLiYRfuK7kjtWR7bXwbLQNWzHAXqH/view?usp=sharing,
10566400018701,LICEO PIO XII,105664000187,I. E. PIO XII,5664,SAN PEDRO DE LOS MILAGROS,Norte,UCN,,
20566400006801,I. E. R. OVEJAS,205664000068,I. E. R. OVEJAS,5664,SAN PEDRO DE LOS MILAGROS,Norte,UCN,https://drive.google.com/file/d/1voU0b4HfdXg46iWLVd0U19jmZcsxLxJb/view?usp=sharing,
20566400006803,LA CLARITA,205664000068,I. E. R. OVEJAS,5664,SAN PEDRO DE LOS MILAGROS,Norte,UCN,https://drive.google.com/file/d/19vgoVoiCg_jiYHB7dNND2bODGxbj8V46/view?usp=sharing,
20566400006804,LA CUCHILLA,205664000068,I. E. R. OVEJAS,5664,SAN PEDRO DE LOS MILAGROS,Norte,UCN,,
20566400006802,LAS AURAS,205664000068,I. E. R. OVEJAS,5664,SAN PEDRO DE LOS MILAGROS,Norte,UCN,https://drive.google.com/file/d/1z4rlAv31ss7XrDmaNxs10lQryqjQEXRR/view?usp=sharing,
10566400029201,I.E. PADRE ROBERTO ARROYAVE VELEZ,105664000292,I.E. PADRE ROBERTO ARROYAVE VELEZ,5664,SAN PEDRO DE LOS MILAGROS,Norte,UCN,https://drive.google.com/file/d/1UfNsVzI00Qo1BrYghAvxd-gmmbmbN3Ti/view?usp=sharing,
10566400029204,SAN FRANCISCO,105664000292,I.E. PADRE ROBERTO ARROYAVE VELEZ,5664,SAN PEDRO DE LOS MILAGROS,Norte,UCN,,
10566400029203,SAN JUAN,105664000292,I.E. PADRE ROBERTO ARROYAVE VELEZ,5664,SAN PEDRO DE LOS MILAGROS,Norte,UCN,,
20566400016504,CEREZALES,205664000165,I.E.R. EL TAMBO,5664,SAN PEDRO DE LOS MILAGROS,Norte,UCN,https://drive.google.com/file/d/1oKTyHtInh0QvL6HPUzFB7xr0uxp6Y-74/view?usp=sharing,
20566400016501,I.E.R.EL TAMBO,205664000165,I.E.R. EL TAMBO,5664,SAN PEDRO DE LOS MILAGROS,Norte,UCN,https://drive.google.com/file/d/1KSYP9xkf12jftydn8oQX5xGIJQd2IW7p/view?usp=sharing,
20566400016503,LA CHINA,205664000165,I.E.R. EL TAMBO,5664,SAN PEDRO DE LOS MILAGROS,Norte,UCN,https://drive.google.com/file/d/1tGFE2Qa5Qku_8ya6YgrEuLbZS9dkEflK/view?usp=sharing,
20566400016505,LA LANA,205664000165,I.E.R. EL TAMBO,5664,SAN PEDRO DE LOS MILAGROS,Norte,UCN,https://drive.google.com/file/d/1LiETiAJktEgw63PvJIjlIk1tHuKAIzd8/view?usp=sharing,
20566400016502,OVEJAS,205664000165,I.E.R. EL TAMBO,5664,SAN PEDRO DE LOS MILAGROS,Norte,UCN,https://drive.google.com/file/d/1TTbbBAYPKMlWRKMwzI4mCf9kF5IaNvYc/view?usp=sharing,
20566400016508,PANTANILLO ,205664000165,I.E.R. EL TAMBO,5664,SAN PEDRO DE LOS MILAGROS,Norte,UCN,https://drive.google.com/file/d/1Ex_--hQd_DfwF2bEfQzzbL5NJMzVytig/view?usp=sharing,
20566400016507,SANTA LUCIA,205664000165,I.E.R. EL TAMBO,5664,SAN PEDRO DE LOS MILAGROS,Norte,UCN,,
10568600047402,ARENALES,105686000474,INSTITUCION EDUCATIVA CARDENAL ANIBAL MUÑOZ DUQUE,5686,SANTA ROSA,Norte,UCN,https://drive.google.com/file/d/11tOMslEu6znTvpAj1UCw0tsbAQqj4DR5/view?usp=sharing,
10568600047406,CUCURUCHO,105686000474,INSTITUCION EDUCATIVA CARDENAL ANIBAL MUÑOZ DUQUE,5686,SANTA ROSA,Norte,UCN,https://drive.google.com/file/d/198K6MuU2WxRFFAg0xs1-lbri-6IZKqFN/view?usp=sharing,
10568600047407,EL CHAGUALO,105686000474,INSTITUCION EDUCATIVA CARDENAL ANIBAL MUÑOZ DUQUE,5686,SANTA ROSA,Norte,UCN,,
10568600047409,EL GUAYABO,105686000474,INSTITUCION EDUCATIVA CARDENAL ANIBAL MUÑOZ DUQUE,5686,SANTA ROSA,Norte,UCN,https://drive.google.com/file/d/170FF9Tni8EGF6MfyEWu-1Ibyoy4eew_F/view?usp=sharing,
10568600047401,I. E CARDENAL ANIBAL MUÑOZ DUQUE,105686000474,INSTITUCION EDUCATIVA CARDENAL ANIBAL MUÑOZ DUQUE,5686,SANTA ROSA,Norte,UCN,,
10568600047405,INSTITUTO DEL CARMEN,105686000474,INSTITUCION EDUCATIVA CARDENAL ANIBAL MUÑOZ DUQUE,5686,SANTA ROSA,Norte,UCN,https://drive.google.com/file/d/16tUJVgd1eodQpP8jtuvRZkb64YNkN4xh/view?usp=sharing,
10568600047403,MARIA AUXILIADORA,105686000474,INSTITUCION EDUCATIVA CARDENAL ANIBAL MUÑOZ DUQUE,5686,SANTA ROSA,Norte,UCN,https://drive.google.com/file/d/15KmdUS_y_rAVZMBns0N5MU8iEaDW2uCt/view?usp=sharing,
10568600047408,SABANAZO,105686000474,INSTITUCION EDUCATIVA CARDENAL ANIBAL MUÑOZ DUQUE,5686,SANTA ROSA,Norte,UCN,https://drive.google.com/file/d/17szi64zdebm-wTnxFnD4txoox2vCW2Wl/view?usp=sharing,
10568600044001,I. E. ESCUELA NORMAL SUPERIOR PEDRO JUSTO BERRIO,105686000440,INSTITUCION EDUCATIVA ESCUELA NORMAL SUPERIOR PEDRO JUSTO BERRIO,5686,SANTA ROSA,Norte,UCN,https://drive.google.com/file/d/1rAGLOrVjBR1WtxR1CJhYEtzRe4y9rFCC/view?usp=sharing,
10568600044002,ORO BAJO,105686000440,INSTITUCION EDUCATIVA ESCUELA NORMAL SUPERIOR PEDRO JUSTO BERRIO,5686,SANTA ROSA,Norte,UCN,https://drive.google.com/file/d/1RbM5wvL7gFWHe0_ojE4LcH7Q-FewHozP/view?usp=sharing,
10568600044005,SANTA INES,105686000440,INSTITUCION EDUCATIVA ESCUELA NORMAL SUPERIOR PEDRO JUSTO BERRIO,5686,SANTA ROSA,Norte,UCN,https://drive.google.com/file/d/1ZtOqxW2nqkRUdZ49w4SOu4422RLBseb3/view?usp=sharing,
10568600044004,VALLECITOS,105686000440,INSTITUCION EDUCATIVA ESCUELA NORMAL SUPERIOR PEDRO JUSTO BERRIO,5686,SANTA ROSA,Norte,UCN,https://drive.google.com/file/d/1TrQ_zBojLVZTtcADIF5qhhl7RsGWzxNX/view?usp=sharing,
10568600038502,ALTO DE LA MINA,105686000385,INSTITUCION EDUCATIVA MARCO TOBON MEJIA,5686,SANTA ROSA,Norte,UCN,,
10568600038501,I.E. MARCO TOBÓN MEJÍA,105686000385,INSTITUCION EDUCATIVA MARCO TOBON MEJIA,5686,SANTA ROSA,Norte,UCN,https://drive.google.com/file/d/1EXLX60GmAuM2n8fm2Nj3cLmYPO40w38G/view?usp=sharing,
10568600038504,LA MUÑOZ,105686000385,INSTITUCION EDUCATIVA MARCO TOBON MEJIA,5686,SANTA ROSA,Norte,UCN,https://drive.google.com/file/d/11b7GjHKbTwsu6bOzxmyi0eL1XmGRpAUD/view?usp=sharing,
10568600038505,LA PLANTA,105686000385,INSTITUCION EDUCATIVA MARCO TOBON MEJIA,5686,SANTA ROSA,Norte,UCN,,
20568600028209,C. E. R. POPALES,205686000282,INSTITUCION EDUCATIVA RURAL BOCA DEL MONTE,5686,SANTA ROSA,Norte,UCN,,
20568600028206,EL ROBLE,205686000282,INSTITUCION EDUCATIVA RURAL BOCA DEL MONTE,5686,SANTA ROSA,Norte,UCN,,
20568600028208,EL VERGEL,205686000282,INSTITUCION EDUCATIVA RURAL BOCA DEL MONTE,5686,SANTA ROSA,Norte,UCN,,
20568600028204,HORACIO TORO OCHOA,205686000282,INSTITUCION EDUCATIVA RURAL BOCA DEL MONTE,5686,SANTA ROSA,Norte,UCN,,
20568600028201,I. E. R. BOCA DEL MONTE,205686000282,INSTITUCION EDUCATIVA RURAL BOCA DEL MONTE,5686,SANTA ROSA,Norte,UCN,,
20568600028205,LAS ANIMAS,205686000282,INSTITUCION EDUCATIVA RURAL BOCA DEL MONTE,5686,SANTA ROSA,Norte,UCN,,
20568600028207,MINA VIEJA,205686000282,INSTITUCION EDUCATIVA RURAL BOCA DEL MONTE,5686,SANTA ROSA,Norte,UCN,,
20568600028202,MORTIÑAL,205686000282,INSTITUCION EDUCATIVA RURAL BOCA DEL MONTE,5686,SANTA ROSA,Norte,UCN,,
20568600028203,SAN ISIDRO PARTE BAJA,205686000282,INSTITUCION EDUCATIVA RURAL BOCA DEL MONTE,5686,SANTA ROSA,Norte,UCN,,
20568600022307,BERRIO,205686000223,INSTITUCION EDUCATIVA RURAL MONSEÑOR MIGUEL ANGEL BUILES,5686,SANTA ROSA,Norte,UCN,https://drive.google.com/file/d/1NrY_sHshWVOFj0gDmrBacjs-zw0XPRxZ/view?usp=sharing,
20568600022312,EL BOTON,205686000223,INSTITUCION EDUCATIVA RURAL MONSEÑOR MIGUEL ANGEL BUILES,5686,SANTA ROSA,Norte,UCN,,
20568600022303,EL CHAMIZO,205686000223,INSTITUCION EDUCATIVA RURAL MONSEÑOR MIGUEL ANGEL BUILES,5686,SANTA ROSA,Norte,UCN,,
20568600022311,EL CHOCO,205686000223,INSTITUCION EDUCATIVA RURAL MONSEÑOR MIGUEL ANGEL BUILES,5686,SANTA ROSA,Norte,UCN,,
20568600022304,EL TOPACIO,205686000223,INSTITUCION EDUCATIVA RURAL MONSEÑOR MIGUEL ANGEL BUILES,5686,SANTA ROSA,Norte,UCN,,
20568600022308,EUFEMIA ARANGO DE ROLDAN,205686000223,INSTITUCION EDUCATIVA RURAL MONSEÑOR MIGUEL ANGEL BUILES,5686,SANTA ROSA,Norte,UCN,,
20568600022301,I.E.R. MONSEÑOR MIGUEL ANGEL BUILES,205686000223,INSTITUCION EDUCATIVA RURAL MONSEÑOR MIGUEL ANGEL BUILES,5686,SANTA ROSA,Norte,UCN,,
20568600022313,LA BOTIJA,205686000223,INSTITUCION EDUCATIVA RURAL MONSEÑOR MIGUEL ANGEL BUILES,5686,SANTA ROSA,Norte,UCN,,
20568600022302,LA RUIZ,205686000223,INSTITUCION EDUCATIVA RURAL MONSEÑOR MIGUEL ANGEL BUILES,5686,SANTA ROSA,Norte,UCN,,
20568600022306,LA SAN PEDRO,205686000223,INSTITUCION EDUCATIVA RURAL MONSEÑOR MIGUEL ANGEL BUILES,5686,SANTA ROSA,Norte,UCN,,
20568600022305,QUEBRADA DEL MEDIO,205686000223,INSTITUCION EDUCATIVA RURAL MONSEÑOR MIGUEL ANGEL BUILES,5686,SANTA ROSA,Norte,UCN,,
20568600022310,SAN BERNARDO,205686000223,INSTITUCION EDUCATIVA RURAL MONSEÑOR MIGUEL ANGEL BUILES,5686,SANTA ROSA,Norte,UCN,,
20568600058403,AITON,205686000584,INSTITUCION EDUCATIVA RURAL PORFIRIO BARBA JACOB,5686,SANTA ROSA,Norte,UCN,,
20568600058404,BUENOS AIRES,205686000584,INSTITUCION EDUCATIVA RURAL PORFIRIO BARBA JACOB,5686,SANTA ROSA,Norte,UCN,,
20568600058409,CARUQUIA,205686000584,INSTITUCION EDUCATIVA RURAL PORFIRIO BARBA JACOB,5686,SANTA ROSA,Norte,UCN,https://drive.google.com/file/d/1neHAzjhc5wRA55sI7LcL3AGK3y6lXk-4/view?usp=sharing,
20568600058411,I. E. R. SAN JOSE DE LA AHUMADA,205686000584,INSTITUCION EDUCATIVA RURAL PORFIRIO BARBA JACOB,5686,SANTA ROSA,Norte,UCN,,
20568600058405,LA LOMITA,205686000584,INSTITUCION EDUCATIVA RURAL PORFIRIO BARBA JACOB,5686,SANTA ROSA,Norte,UCN,,
20568600058408,LA MINA,205686000584,INSTITUCION EDUCATIVA RURAL PORFIRIO BARBA JACOB,5686,SANTA ROSA,Norte,UCN,,
20568600058407,LAZARO DIAZ,205686000584,INSTITUCION EDUCATIVA RURAL PORFIRIO BARBA JACOB,5686,SANTA ROSA,Norte,UCN,,
20568600058401,LICEO PORFIRIO BARBA JACOB,205686000584,INSTITUCION EDUCATIVA RURAL PORFIRIO BARBA JACOB,5686,SANTA ROSA,Norte,UCN,,
20568600058406,NICOLAS RUIZ,205686000584,INSTITUCION EDUCATIVA RURAL PORFIRIO BARBA JACOB,5686,SANTA ROSA,Norte,UCN,,
20568600058402,SAN PABLO,205686000584,INSTITUCION EDUCATIVA RURAL PORFIRIO BARBA JACOB,5686,SANTA ROSA,Norte,UCN,,
20568600058410,SAN RAMON,205686000584,INSTITUCION EDUCATIVA RURAL PORFIRIO BARBA JACOB,5686,SANTA ROSA,Norte,UCN,https://drive.google.com/file/d/1Owoyh-BoLOAfrsH9UM63r7rK3oiaqkzn/view?usp=sharing,
20568600058412,SANTA BARBARA,205686000584,INSTITUCION EDUCATIVA RURAL PORFIRIO BARBA JACOB,5686,SANTA ROSA,Norte,UCN,https://drive.google.com/file/d/1Iw2ORxpJ0Py8otSzpwYliPl0dKV28GxJ/view?usp=sharing,
20568600092405,DOS QUEBRADAS,205686000924,INSTITUCION EDUCATIVA RURAL SAN ISIDRO,5686,SANTA ROSA,Norte,UCN,,
20568600092407,EL SAUCE,205686000924,INSTITUCION EDUCATIVA RURAL SAN ISIDRO,5686,SANTA ROSA,Norte,UCN,,
20568600092403,FRANCISCO VELASQUEZ,205686000924,INSTITUCION EDUCATIVA RURAL SAN ISIDRO,5686,SANTA ROSA,Norte,UCN,,
20568600092401,I. E. R. SAN ISIDRO,205686000924,INSTITUCION EDUCATIVA RURAL SAN ISIDRO,5686,SANTA ROSA,Norte,UCN,https://drive.google.com/file/d/12EhQl0RZ0RIEZhf0YfeoCpxrfU6msYr4/view?usp=sharing,
20568600092406,LA CEJITA,205686000924,INSTITUCION EDUCATIVA RURAL SAN ISIDRO,5686,SANTA ROSA,Norte,UCN,,
20568600092404,LA CHORRERA,205686000924,INSTITUCION EDUCATIVA RURAL SAN ISIDRO,5686,SANTA ROSA,Norte,UCN,,
20568600092402,MARQUEZ VARGAS,205686000924,INSTITUCION EDUCATIVA RURAL SAN ISIDRO,5686,SANTA ROSA,Norte,UCN,,
20568600080106,EL HATO,205686000801,INSTITUCIÓN EDUCATIVA RURAL HOYORRICO,5686,SANTA ROSA,Norte,UCN,,
20568600080101,I. E. R. HOYORRICO,205686000801,INSTITUCIÓN EDUCATIVA RURAL HOYORRICO,5686,SANTA ROSA,Norte,UCN,,
20568600080109,LA CABAÑA,205686000801,INSTITUCIÓN EDUCATIVA RURAL HOYORRICO,5686,SANTA ROSA,Norte,UCN,https://drive.google.com/file/d/1Q4jMEDA0YJP_Ed2BrsCqQti4v5ZjsXwz/view?usp=sharing,
20568600080107,LOS SALADOS,205686000801,INSTITUCIÓN EDUCATIVA RURAL HOYORRICO,5686,SANTA ROSA,Norte,UCN,https://drive.google.com/file/d/11JgmOtWyfA4D110Ks0NCDndOTXi2uFRc/view?usp=sharing,
20568600080108,OROBAJO ARRIBA,205686000801,INSTITUCIÓN EDUCATIVA RURAL HOYORRICO,5686,SANTA ROSA,Norte,UCN,https://drive.google.com/file/d/1BcXtUuaAyGzxpbRZXzNpRra3AOlzdcXs/view?usp=sharing,
20568600080105,PLAYA LARGA ARRIBA,205686000801,INSTITUCIÓN EDUCATIVA RURAL HOYORRICO,5686,SANTA ROSA,Norte,UCN,,
20568600080102,PONTEZUELA,205686000801,INSTITUCIÓN EDUCATIVA RURAL HOYORRICO,5686,SANTA ROSA,Norte,UCN,https://drive.google.com/file/d/1WxsjAtn1_uCGuUltaZLKbEtJlqMyoDti/view?usp=sharing,
20568600080111,PRESBITERO SANTIAGO CALLE ROLDAN,205686000801,INSTITUCIÓN EDUCATIVA RURAL HOYORRICO,5686,SANTA ROSA,Norte,UCN,https://drive.google.com/file/d/1mC4CgOgsdOjFaG5692BP7fO7UjVE4cGM/view?usp=sharing,
20568600080103,SAN FRANCISCO,205686000801,INSTITUCIÓN EDUCATIVA RURAL HOYORRICO,5686,SANTA ROSA,Norte,UCN,https://drive.google.com/file/d/1EugbjPdugRETSReUQVaz3byMlp-2Khaf/view?usp=sharing,
20568600080110,SANTA GERTRUDIS,205686000801,INSTITUCIÓN EDUCATIVA RURAL HOYORRICO,5686,SANTA ROSA,Norte,UCN,https://drive.google.com/file/d/1WOYXGWLUE1PNxZ_Mo3fvYHxraCpbxADi/view?usp=sharing,
20581900010804,BIOGUI,205819000108,C. E. R. LA LINDA,5819,TOLEDO,Norte,UCN,,
20581900010805,BUENAVISTA,205819000108,C. E. R. LA LINDA,5819,TOLEDO,Norte,UCN,https://drive.google.com/file/d/1o1jPsMj5Cq3CVh_I0EbHYYnHtSwv1x9G/view?usp=sharing,
20581900010801,C. E. R. LA LINDA,205819000108,C. E. R. LA LINDA,5819,TOLEDO,Norte,UCN,https://drive.google.com/file/d/1UbCJanhdRMj6A9YH6NcN-sPftqD2k4zx/view?usp=sharing,
20581900010808,EL NARANJO,205819000108,C. E. R. LA LINDA,5819,TOLEDO,Norte,UCN,,
20581900010806,GUAYABAL,205819000108,C. E. R. LA LINDA,5819,TOLEDO,Norte,UCN,https://drive.google.com/file/d/1kpOKdxbn7vJfjs_0-6mrwAXihRMFhOr9/view?usp=sharing,
20581900010807,HELECHALES,205819000108,C. E. R. LA LINDA,5819,TOLEDO,Norte,UCN,https://drive.google.com/file/d/1dlDnLjS3yZ5xVjI8db5yY20A7bDSUqZt/view?usp=sharing,
20581900010803,LAS MARGARITAS,205819000108,C. E. R. LA LINDA,5819,TOLEDO,Norte,UCN,,
20581900010802,SANTO DOMINGO,205819000108,C. E. R. LA LINDA,5819,TOLEDO,Norte,UCN,,
10581900002203,C. E. R. MIRAFLORES,105819000022,INSTITUCIÓN EDUCATIVA J. EMILIO VALDERRAMA AGUDELO,5819,TOLEDO,Norte,UCN,https://drive.google.com/file/d/1wUWaHEOhcCbxMHPQk6T-KjDc8KjxqTkY/view?usp=sharing,
10581900002206,GUSTAVO ALONSO GOMEZ BARRERA,105819000022,INSTITUCIÓN EDUCATIVA J. EMILIO VALDERRAMA AGUDELO,5819,TOLEDO,Norte,UCN,,
10581900002201,I. E. J. EMILIO VALDERRAMA AGUDELO,105819000022,INSTITUCIÓN EDUCATIVA J. EMILIO VALDERRAMA AGUDELO,5819,TOLEDO,Norte,UCN,https://drive.google.com/file/d/1wxx9chYsLxDnPH_0JeO8zUXELjWS-Z8c/view?usp=sharing,
10581900002209,I. E. R. BRUGO,105819000022,INSTITUCIÓN EDUCATIVA J. EMILIO VALDERRAMA AGUDELO,5819,TOLEDO,Norte,UCN,,
10581900002208,I. E. R. EL MORAL Y EL TORO,105819000022,INSTITUCIÓN EDUCATIVA J. EMILIO VALDERRAMA AGUDELO,5819,TOLEDO,Norte,UCN,https://drive.google.com/file/d/1yQUMvwHsvSKsGd0_Abu7npRP_4G5Qyzh/view?usp=sharing,
10581900002202,I. E. R. EL VALLE,105819000022,INSTITUCIÓN EDUCATIVA J. EMILIO VALDERRAMA AGUDELO,5819,TOLEDO,Norte,UCN,,
10581900002211,I. E. R. LA FLORIDA,105819000022,INSTITUCIÓN EDUCATIVA J. EMILIO VALDERRAMA AGUDELO,5819,TOLEDO,Norte,UCN,https://drive.google.com/file/d/16GRfFCmkyGrERj_n5wY5vJg-OBjUdgKk/view?usp=sharing,
10581900002210,I. E. R. PALO BLANCO,105819000022,INSTITUCIÓN EDUCATIVA J. EMILIO VALDERRAMA AGUDELO,5819,TOLEDO,Norte,UCN,https://drive.google.com/file/d/1rbf97zDi5GqJSJmrfLFqx8xlEtVLcQNK/view?usp=sharing,
10581900002207,I. E. R. SAN FRANCISCO,105819000022,INSTITUCIÓN EDUCATIVA J. EMILIO VALDERRAMA AGUDELO,5819,TOLEDO,Norte,UCN,https://drive.google.com/file/d/1hjm9uqKzpKynDCCVMIDNzBQdR8KdV4uG/view?usp=sharing,
10581900002204,I. E. R. SAN JAIRO DEL CANTARO,105819000022,INSTITUCIÓN EDUCATIVA J. EMILIO VALDERRAMA AGUDELO,5819,TOLEDO,Norte,UCN,,
10581900002205,I. E. R. TAQUE,105819000022,INSTITUCIÓN EDUCATIVA J. EMILIO VALDERRAMA AGUDELO,5819,TOLEDO,Norte,UCN,https://drive.google.com/file/d/1m30Ww4mWlZWbmoXiLDmrQ5bnCMkzGowO/view?usp=sharing,
20585400050108,BUENOS AIRES,205854000501,C. E. R. LA PAULINA,5854,VALDIVIA,Norte,UCN,,
20585400050104,C. E. R. JUNTAS,205854000501,C. E. R. LA PAULINA,5854,VALDIVIA,Norte,UCN,,
20585400050105,C. E. R. LA ALEMANIA,205854000501,C. E. R. LA PAULINA,5854,VALDIVIA,Norte,UCN,,
20585400050102,C. E. R. LA BARCA CAUTIVA,205854000501,C. E. R. LA PAULINA,5854,VALDIVIA,Norte,UCN,,
20585400050101,C. E. R. LA PAULINA,205854000501,C. E. R. LA PAULINA,5854,VALDIVIA,Norte,UCN,https://drive.google.com/file/d/1wsCdTOuagU7Zgl89PWbofp6ehdkC5gXf/view?usp=sharing,
20585400050107,C. E. R. LAS CAMELIAS,205854000501,C. E. R. LA PAULINA,5854,VALDIVIA,Norte,UCN,,
20585400050111,C. E. R. LOS NUTABES,205854000501,C. E. R. LA PAULINA,5854,VALDIVIA,Norte,UCN,,
20585400050106,C. E. R. LOS POMOS,205854000501,C. E. R. LA PAULINA,5854,VALDIVIA,Norte,UCN,,
20585400050103,C. E. R. PUQUI ABAJO,205854000501,C. E. R. LA PAULINA,5854,VALDIVIA,Norte,UCN,,
20585400050109,EL PESCADO,205854000501,C. E. R. LA PAULINA,5854,VALDIVIA,Norte,UCN,,
20585400050112,JULIO CESAR GAMARRA,205854000501,C. E. R. LA PAULINA,5854,VALDIVIA,Norte,UCN,,
20585400050110,PLAYA RICA,205854000501,C. E. R. LA PAULINA,5854,VALDIVIA,Norte,UCN,,
20585400012907,C. E. R. CACHIRIME,205854000129,I. E. R. MARCO A ROJO,5854,VALDIVIA,Norte,UCN,,
20585400012908,C. E. R. COLMENAS,205854000129,I. E. R. MARCO A ROJO,5854,VALDIVIA,Norte,UCN,,
20585400012903,C. E. R. EL ASTILLERO,205854000129,I. E. R. MARCO A ROJO,5854,VALDIVIA,Norte,UCN,,
20585400012910,C. E. R. EMILIO VASCO,205854000129,I. E. R. MARCO A ROJO,5854,VALDIVIA,Norte,UCN,,
20585400012906,C. E. R. LA SOLEDAD,205854000129,I. E. R. MARCO A ROJO,5854,VALDIVIA,Norte,UCN,,
20585400012909,C. E. R. LAS PALOMAS,205854000129,I. E. R. MARCO A ROJO,5854,VALDIVIA,Norte,UCN,https://drive.google.com/file/d/1N1YGqguYCAWCIk1xsJ6Ftvpb-8PDsZvJ/view?usp=sharing,
20585400012913,C. E. R. PENSILVANIA,205854000129,I. E. R. MARCO A ROJO,5854,VALDIVIA,Norte,UCN,https://drive.google.com/file/d/1H2luPyfbuY2l4Miuk4g9Pl2kKxUeaJa6/view?usp=sharing,
20585400012904,C. E. R. SANTA BARBARA,205854000129,I. E. R. MARCO A ROJO,5854,VALDIVIA,Norte,UCN,,
20585400012905,C. E. R. SINITAVE,205854000129,I. E. R. MARCO A ROJO,5854,VALDIVIA,Norte,UCN,,
20585400012902,C. E. R. VILLA MARINA,205854000129,I. E. R. MARCO A ROJO,5854,VALDIVIA,Norte,UCN,,
20585400012912,EL TIGRE,205854000129,I. E. R. MARCO A ROJO,5854,VALDIVIA,Norte,UCN,,
20585400012901,I. E. R. MARCO A ROJO,205854000129,I. E. R. MARCO A ROJO,5854,VALDIVIA,Norte,UCN,,
20585400012911,LA MESETA,205854000129,I. E. R. MARCO A ROJO,5854,VALDIVIA,Norte,UCN,,
10585400030208,C. E. R. HIGUERON,105854000302,I. E. VALDIVIA,5854,VALDIVIA,Norte,UCN,,
10585400030206,C. E. R. LA ESPERANZA,105854000302,I. E. VALDIVIA,5854,VALDIVIA,Norte,UCN,https://drive.google.com/file/d/1AoXfsfeiIvuVJtJnezU8klyNU8JRWvIP/view?usp=sharing,
10585400030203,C. E. R. LA LERIONA,105854000302,I. E. VALDIVIA,5854,VALDIVIA,Norte,UCN,,
10585400030210,C. E. R. LA VISCAYA,105854000302,I. E. VALDIVIA,5854,VALDIVIA,Norte,UCN,,
10585400030205,C. E. R. LUIS MARIA CUARTAS,105854000302,I. E. VALDIVIA,5854,VALDIVIA,Norte,UCN,,
10585400030202,C. E. R. PEDRO VASQUEZ C,105854000302,I. E. VALDIVIA,5854,VALDIVIA,Norte,UCN,https://drive.google.com/file/d/1R0APdtTq9bCWZEBfQ4YWyHqLzR6Plnsp/view?usp=sharing,
10585400030207,C. E. R. SAN FERMIN,105854000302,I. E. VALDIVIA,5854,VALDIVIA,Norte,UCN,,
10585400030204,C. E. R. SANTA INES,105854000302,I. E. VALDIVIA,5854,VALDIVIA,Norte,UCN,https://drive.google.com/file/d/1B9K5sTCbQ6lZ8Yc6I9yrhYyEN1xeEorT/view?usp=sharing,
10585400030201,I. E. VALDIVIA,105854000302,I. E. VALDIVIA,5854,VALDIVIA,Norte,UCN,,
20588700083301,C. E. R. MINA VIEJA,205887000833,C. E. R. MINA VIEJA,5887,YARUMAL,Norte,UCN,,
20588700083305,C. E. R. TOBON,205887000833,C. E. R. MINA VIEJA,5887,YARUMAL,Norte,UCN,,
20588700083308,EL BOSQUE,205887000833,C. E. R. MINA VIEJA,5887,YARUMAL,Norte,UCN,https://drive.google.com/file/d/1GiE0hEYkDhSPWD9ssL8_w6OqpyXxWxnR/view?usp=sharing,
20588700083303,LA CANDELARIA,205887000833,C. E. R. MINA VIEJA,5887,YARUMAL,Norte,UCN,https://drive.google.com/file/d/1JAa4GBY8Bbz3CofualK_grI9Ft0kDpTA/view?usp=sharing,
20588700083304,LA GABRIELA,205887000833,C. E. R. MINA VIEJA,5887,YARUMAL,Norte,UCN,https://drive.google.com/file/d/1CyOnGp_Xz_LCxhZS4yra65LV6hQ_YzLl/view?usp=sharing,
20588700083302,ROSARITO,205887000833,C. E. R. MINA VIEJA,5887,YARUMAL,Norte,UCN,https://drive.google.com/file/d/1z34231OGYHtJgcy6e501GQLSWJ6L0akB/view?usp=sharing,
20588700083307,SAN ROQUE,205887000833,C. E. R. MINA VIEJA,5887,YARUMAL,Norte,UCN,,
20588700139205,EL HORMIGUERO,205887001392,I. E. CEDEÑO,5887,YARUMAL,Norte,UCN,https://drive.google.com/file/d/1A34q4ZZWNyYgk__YFlI-BRQqcvcXdZVa/view?usp=sharing,
20588700139201,I. E. CEDEÑO,205887001392,I. E. CEDEÑO,5887,YARUMAL,Norte,UCN,,
20588700139202,LA BANCA,205887001392,I. E. CEDEÑO,5887,YARUMAL,Norte,UCN,https://drive.google.com/file/d/1CNJ7ZyYNxn6siC8YL--qJ-Dajr0Ar4VV/view?usp=sharing,
20588700139203,LA CORDILLERA,205887001392,I. E. CEDEÑO,5887,YARUMAL,Norte,UCN,,
20588700139204,LA PAILITA,205887001392,I. E. CEDEÑO,5887,YARUMAL,Norte,UCN,,
20588700135002,C. E. R. EL PUEBLITO,205887001350,I. E. EL CEDRO,5887,YARUMAL,Norte,UCN,,
20588700135003,C. E. R. MONTE ALEGRE,205887001350,I. E. EL CEDRO,5887,YARUMAL,Norte,UCN,,
20588700135004,C. E. R. PIEDRAS BLANCAS,205887001350,I. E. EL CEDRO,5887,YARUMAL,Norte,UCN,,
20588700135001,I. E. EL CEDRO,205887001350,I. E. EL CEDRO,5887,YARUMAL,Norte,UCN,https://drive.google.com/file/d/15WhePu_LNaKWVkWatxgNHSOa1ocMG-m2/view?usp=sharing,
20588700167803,EL RETIRO,205887001678,I. E. LLANOS DE CUIVA,5887,YARUMAL,Norte,UCN,,
20588700167801,I. E. LLANOS DE CUIVA,205887001678,I. E. LLANOS DE CUIVA,5887,YARUMAL,Norte,UCN,https://drive.google.com/file/d/1p2vtvcfLqyoGxQmq8tDxWq-fp8yCfb0K/view?usp=sharing,
20588700167802,LA BELLA,205887001678,I. E. LLANOS DE CUIVA,5887,YARUMAL,Norte,UCN,,
20588700167804,SAN ANTONIO,205887001678,I. E. LLANOS DE CUIVA,5887,YARUMAL,Norte,UCN,,
20588700167805,SANTA ISABEL,205887001678,I. E. LLANOS DE CUIVA,5887,YARUMAL,Norte,UCN,,
20588700120105,C. E. R. EL LLANO DE OCHALI,205887001201,I. E. OCHALI,5887,YARUMAL,Norte,UCN,https://drive.google.com/file/d/1xWNj7nPRcCkEhoeB4rTe35jwblaexfoJ/view?usp=sharing,
20588700120107,C. E. R. ESPIRITU SANTO,205887001201,I. E. OCHALI,5887,YARUMAL,Norte,UCN,https://drive.google.com/file/d/107O1EJ1nQdpAXeopDjIj2uXNJOrzJBY7/view?usp=sharing,
20588700120103,C. E. R. LA CEJA,205887001201,I. E. OCHALI,5887,YARUMAL,Norte,UCN,,
20588700120108,C. E. R. LA ESMERALDA,205887001201,I. E. OCHALI,5887,YARUMAL,Norte,UCN,,
20588700120106,C. E. R. LA LOMA DE OCHALI,205887001201,I. E. OCHALI,5887,YARUMAL,Norte,UCN,https://drive.google.com/file/d/1t2EF8W1HgWG4i-TwLqMbm_jv2Ih2s68X/view?usp=sharing,
20588700120104,C. E. R. LAS CRUCES,205887001201,I. E. OCHALI,5887,YARUMAL,Norte,UCN,,
20588700120102,CENTRO EDUCATIVO RURAL LA ZORRA,205887001201,I. E. OCHALI,5887,YARUMAL,Norte,UCN,,
20588700120101,I.E. OCHALI,205887001201,I. E. OCHALI,5887,YARUMAL,Norte,UCN,,
30588700065010,C. E. R. CHORROS BLANCOS ABAJO,305887000650,INSTITUCION EDUCATIVA DE MARIA,5887,YARUMAL,Norte,UCN,https://drive.google.com/file/d/1oW0Q2D2JdEN-swD3-nvj6WewVQR2Zhv8/view?usp=sharing,
30588700065009,C. E. R. CHORROS BLANCOS ARRIBA,305887000650,INSTITUCION EDUCATIVA DE MARIA,5887,YARUMAL,Norte,UCN,,
30588700065011,C. E. R. EL RESPALDO,305887000650,INSTITUCION EDUCATIVA DE MARIA,5887,YARUMAL,Norte,UCN,,
30588700065007,C. E. R. JOSE MARIA CORDOBA,305887000650,INSTITUCION EDUCATIVA DE MARIA,5887,YARUMAL,Norte,UCN,https://drive.google.com/file/d/1bPkbuHdmNOVTeB20Zx5szVzuR3zZYnZK/view?usp=sharing,
30588700065006,C. E. R. LA FLORESTA,305887000650,INSTITUCION EDUCATIVA DE MARIA,5887,YARUMAL,Norte,UCN,,
30588700065008,C. E. R. SANTA JUANA,305887000650,INSTITUCION EDUCATIVA DE MARIA,5887,YARUMAL,Norte,UCN,https://drive.google.com/file/d/1Er8NriyoXwcEcXngXknVhkpPAQKp04uf/view?usp=sharing,
30588700065001,COLEGIO DE MARIA,305887000650,INSTITUCION EDUCATIVA DE MARIA,5887,YARUMAL,Norte,UCN,,
30588700065003,E U LA INMACULADA,305887000650,INSTITUCION EDUCATIVA DE MARIA,5887,YARUMAL,Norte,UCN,,
30588700065002,E U PEDRO PABLO BETANCUR,305887000650,INSTITUCION EDUCATIVA DE MARIA,5887,YARUMAL,Norte,UCN,https://drive.google.com/file/d/1rk-8ZTJEbU7L4qkE8_zHryMouhz__2DA/view?usp=sharing,
30588700065004,E U ROSENDA TORRES,305887000650,INSTITUCION EDUCATIVA DE MARIA,5887,YARUMAL,Norte,UCN,https://drive.google.com/file/d/1kwjvG9VvUtUb8i66omS4F6hnHrVTO7Ah/view?usp=sharing,
30588700065005,E U SANTA MATILDE,305887000650,INSTITUCION EDUCATIVA DE MARIA,5887,YARUMAL,Norte,UCN,,
10588700060008,C. E. R. LA BRAMADORA,105887000600,INSTITUCION EDUCATIVA SAN LUIS,5887,YARUMAL,Norte,UCN,https://drive.google.com/file/d/1et1jkdeXsO2mwJ-ccIqmOQSkPuwdYERE/view?usp=sharing,
10588700060014,C. E. R. LA ESTRELLA,105887000600,INSTITUCION EDUCATIVA SAN LUIS,5887,YARUMAL,Norte,UCN,https://drive.google.com/file/d/1J-mKDO82qsV1ofBigW9GYLM-KScrltN4/view?usp=sharing,
10588700060011,C. E. R. LA RAYA,105887000600,INSTITUCION EDUCATIVA SAN LUIS,5887,YARUMAL,Norte,UCN,https://drive.google.com/file/d/1He66FEuhHpVg7gBKoowCpy-jpG3UP0ML/view?usp=sharing,
10588700060007,C. E. R. LA SIRIA,105887000600,INSTITUCION EDUCATIVA SAN LUIS,5887,YARUMAL,Norte,UCN,,
10588700060013,C. E. R. MALLARINO,105887000600,INSTITUCION EDUCATIVA SAN LUIS,5887,YARUMAL,Norte,UCN,https://drive.google.com/file/d/1TVnWJdyqqEoAbZ4MXxKDFwAlfuPSeBrz/view?usp=sharing,
10588700060010,C. E. R. SANTA RITA,105887000600,INSTITUCION EDUCATIVA SAN LUIS,5887,YARUMAL,Norte,UCN,,
10588700060012,C.E.R. PRESBITERO BENEDICTO SOTO M.,105887000600,INSTITUCION EDUCATIVA SAN LUIS,5887,YARUMAL,Norte,UCN,,
10588700060003,E U  FRANCISCO GALLEGO PEREZ,105887000600,INSTITUCION EDUCATIVA SAN LUIS,5887,YARUMAL,Norte,UCN,,
10588700060002,E U EPIFANIO MEJIA,105887000600,INSTITUCION EDUCATIVA SAN LUIS,5887,YARUMAL,Norte,UCN,,
10588700060006,E U MARIA AUXILIADORA,105887000600,INSTITUCION EDUCATIVA SAN LUIS,5887,YARUMAL,Norte,UCN,https://drive.google.com/file/d/1jvYYOuT9hJ5eqr2i9TG-gEygPL7s-ASa/view?usp=sharing,
10588700060004,E U SAN VICENTE,105887000600,INSTITUCION EDUCATIVA SAN LUIS,5887,YARUMAL,Norte,UCN,,
10588700060005,E U VILLA FATIMA,105887000600,INSTITUCION EDUCATIVA SAN LUIS,5887,YARUMAL,Norte,UCN,https://drive.google.com/file/d/1PiRYURSjVdLFDzVz2WePqMWuPCB4ioPD/view?usp=sharing,
10588700060009,I. E. R. EL ROSARIO,105887000600,INSTITUCION EDUCATIVA SAN LUIS,5887,YARUMAL,Norte,UCN,https://drive.google.com/file/d/1HnZ2o2AnuC12qeD-Kv_LgivxSBp7NtGK/view?usp=sharing,
10588700060001,LICEO SAN LUIS,105887000600,INSTITUCION EDUCATIVA SAN LUIS,5887,YARUMAL,Norte,UCN,,
10500400010913,C. E. R. ANTIGUA,105004000109,INSTITUCION EDUCATIVA LA MILAGROSA,5004,ABRIAQUI,Occidente,ROTOR,,
10500400010905,C. E. R. CORCOVADO,105004000109,INSTITUCION EDUCATIVA LA MILAGROSA,5004,ABRIAQUI,Occidente,ROTOR,,
10500400010903,C. E. R. NANCUI,105004000109,INSTITUCION EDUCATIVA LA MILAGROSA,5004,ABRIAQUI,Occidente,ROTOR,,
10500400010907,C. E. R. PIEDRAS,105004000109,INSTITUCION EDUCATIVA LA MILAGROSA,5004,ABRIAQUI,Occidente,ROTOR,,
10500400010908,C. E. R. POTREROS,105004000109,INSTITUCION EDUCATIVA LA MILAGROSA,5004,ABRIAQUI,Occidente,ROTOR,https://drive.google.com/file/d/1BpYJ4dUacG5uxCjBTcGa5gvdYp2neNpS/view?usp=sharing,
10500400010909,C. E. R. SAN RUPERTO,105004000109,INSTITUCION EDUCATIVA LA MILAGROSA,5004,ABRIAQUI,Occidente,ROTOR,,
10500400010911,C. E. R. SANTA TERESA,105004000109,INSTITUCION EDUCATIVA LA MILAGROSA,5004,ABRIAQUI,Occidente,ROTOR,https://drive.google.com/file/d/1oFn9u1Htsa_W43UTos7wSnd4Mu72Ah8r/view?usp=sharing,
10500400010912,C. E. R. TIMOTEA,105004000109,INSTITUCION EDUCATIVA LA MILAGROSA,5004,ABRIAQUI,Occidente,ROTOR,,
10500400010902,C.E.R. EL LLANO,105004000109,INSTITUCION EDUCATIVA LA MILAGROSA,5004,ABRIAQUI,Occidente,ROTOR,https://drive.google.com/file/d/119U9L4-XxO22KH6iOYFEh4nCioH7q5b4/view?usp=sharing,
10500400010901,I. E. LA MILAGROSA,105004000109,INSTITUCION EDUCATIVA LA MILAGROSA,5004,ABRIAQUI,Occidente,ROTOR,,
20504400003301,C. E. R. LA CEJITA,205044000033,C. E. R. LA CEJITA,5044,ANZA,Occidente,ROTOR,,
20504400003303,C. E. R. LA MATA,205044000033,C. E. R. LA CEJITA,5044,ANZA,Occidente,ROTOR,,
20504400003302,C. E. R. LA PASTORERA,205044000033,C. E. R. LA CEJITA,5044,ANZA,Occidente,ROTOR,,
20504400003304,C. E. R. LOS LLANOS,205044000033,C. E. R. LA CEJITA,5044,ANZA,Occidente,ROTOR,,
10504400012802,C. E. R. EL ENCANTO,105044000128,I. E. ANZA,5044,ANZA,Occidente,ROTOR,https://drive.google.com/file/d/1LNxKdmfCqtYtkUUK-ru7IRGhjBWHqnsT/view?usp=sharing,
10504400012806,C. E. R. HIGUINA,105044000128,I. E. ANZA,5044,ANZA,Occidente,ROTOR,,
10504400012803,C. E. R. LA CHOCLINA,105044000128,I. E. ANZA,5044,ANZA,Occidente,ROTOR,,
10504400012804,C. E. R. MONTE REDONDO,105044000128,I. E. ANZA,5044,ANZA,Occidente,ROTOR,https://drive.google.com/file/d/1mWeGSoIhhNhw10PJdWqb7V8NsYVrZwNh/view?usp=sharing,
10504400012805,C. E. R. VENDIAGUJAL,105044000128,I. E. ANZA,5044,ANZA,Occidente,ROTOR,https://drive.google.com/file/d/1pBS1rDn6SvSzuW-7Bu8cwRrBiE29WSpG/view?usp=sharing,
10504400012801,I. E. ANZA,105044000128,I. E. ANZA,5044,ANZA,Occidente,ROTOR,https://drive.google.com/file/d/1vwOX85AL2Ed2gCICz4Gz9JXdHuMubZjT/view?usp=sharing,
20504400001707,C. E. R. LA QUIUNA,205044000017,I. E. R. ASCENSION MONTOYA DE TORRES,5044,ANZA,Occidente,ROTOR,,
20504400001708,C. E. R. LAS LOMITAS,205044000017,I. E. R. ASCENSION MONTOYA DE TORRES,5044,ANZA,Occidente,ROTOR,,
20504400001701,COLEGIO ASCENCION MONTOYA DE TORRES,205044000017,I. E. R. ASCENSION MONTOYA DE TORRES,5044,ANZA,Occidente,ROTOR,https://drive.google.com/file/d/1epwSj55clZ1swsbq7k8m3thoKdK4Nv02/view?usp=sharing,
20504400001703,E R CHUSCALITA,205044000017,I. E. R. ASCENSION MONTOYA DE TORRES,5044,ANZA,Occidente,ROTOR,,
20504400001706,E R I EL GREDAL,205044000017,I. E. R. ASCENSION MONTOYA DE TORRES,5044,ANZA,Occidente,ROTOR,,
20504400001702,E R LA CORDILLERA,205044000017,I. E. R. ASCENSION MONTOYA DE TORRES,5044,ANZA,Occidente,ROTOR,,
20504400001704,E R LA QUIEBRA,205044000017,I. E. R. ASCENSION MONTOYA DE TORRES,5044,ANZA,Occidente,ROTOR,,
10505900011604,ELIAS MEJIA ALARCON,105059000116,INSTITUCION EDUCATIVA ROSA MESA DE MEJIA,5059,ARMENIA,Occidente,ROTOR,,
10505900011601,I. E. ROSA MESA DE MEJIA,105059000116,INSTITUCION EDUCATIVA ROSA MESA DE MEJIA,5059,ARMENIA,Occidente,ROTOR,,
10505900011605,JOAQUIN MEJIA RESTREPO,105059000116,INSTITUCION EDUCATIVA ROSA MESA DE MEJIA,5059,ARMENIA,Occidente,ROTOR,,
10505900011608,PALO BLANCO,105059000116,INSTITUCION EDUCATIVA ROSA MESA DE MEJIA,5059,ARMENIA,Occidente,ROTOR,,
10505900011606,PEDRO BETANCUR,105059000116,INSTITUCION EDUCATIVA ROSA MESA DE MEJIA,5059,ARMENIA,Occidente,ROTOR,,
10505900011603,SAMUEL MEJIA ORTIZ,105059000116,INSTITUCION EDUCATIVA ROSA MESA DE MEJIA,5059,ARMENIA,Occidente,ROTOR,,
10505900011607,TECNICA AGROPECUARIA LA HERRADURA,105059000116,INSTITUCION EDUCATIVA ROSA MESA DE MEJIA,5059,ARMENIA,Occidente,ROTOR,,
20511300040715,C. E. R. BUENAVISTA,205113000407,I. E. R. ADOLFO MORENO USUGA,5113,BURITICA,Occidente,ROTOR,,
20511300040716,C. E. R. EL GUADUAL,205113000407,I. E. R. ADOLFO MORENO USUGA,5113,BURITICA,Occidente,ROTOR,,
20511300040707,C. E. R. LLANO MONTAÑA,205113000407,I. E. R. ADOLFO MORENO USUGA,5113,BURITICA,Occidente,ROTOR,,
20511300040713,C. E. R. LLANOS DE URARCO,205113000407,I. E. R. ADOLFO MORENO USUGA,5113,BURITICA,Occidente,ROTOR,,
20511300040711,C. E. R. PALENQUE,205113000407,I. E. R. ADOLFO MORENO USUGA,5113,BURITICA,Occidente,ROTOR,,
20511300040709,C. E. R. SOPETRANCITO,205113000407,I. E. R. ADOLFO MORENO USUGA,5113,BURITICA,Occidente,ROTOR,,
20511300040714,C.E.R. LA BRISA,205113000407,I. E. R. ADOLFO MORENO USUGA,5113,BURITICA,Occidente,ROTOR,,
20511300040702,C.E.R. LA CORDILLERA,205113000407,I. E. R. ADOLFO MORENO USUGA,5113,BURITICA,Occidente,ROTOR,https://drive.google.com/file/d/1yHWvWDpigHkvo0eEuvzgU3-GM87Cdeaw/view?usp=sharing,
20511300040708,C.E.R. LA MESETA,205113000407,I. E. R. ADOLFO MORENO USUGA,5113,BURITICA,Occidente,ROTOR,,
20511300040712,C.E.R. LA PLAYA,205113000407,I. E. R. ADOLFO MORENO USUGA,5113,BURITICA,Occidente,ROTOR,,
20511300040710,C.E.R. LAS CUATRO,205113000407,I. E. R. ADOLFO MORENO USUGA,5113,BURITICA,Occidente,ROTOR,,
20511300040701,COLEGIO ADOLFO MORENO USUGA,205113000407,I. E. R. ADOLFO MORENO USUGA,5113,BURITICA,Occidente,ROTOR,https://drive.google.com/file/d/1AfUUqbl3Ix8c5Rv2QYPwGe0ldieeftwr/view?usp=sharing,
20511300040705,E R EL LEON,205113000407,I. E. R. ADOLFO MORENO USUGA,5113,BURITICA,Occidente,ROTOR,,
20511300040706,E R I SANTA TERESA,205113000407,I. E. R. ADOLFO MORENO USUGA,5113,BURITICA,Occidente,ROTOR,,
20511300040703,E R LA FRAGUA,205113000407,I. E. R. ADOLFO MORENO USUGA,5113,BURITICA,Occidente,ROTOR,https://drive.google.com/file/d/18vj_G2DVmE5-jeJGcbSWXQWltzYMWUad/view?usp=sharing,
20511300040704,E R LLANO CHIQUITO,205113000407,I. E. R. ADOLFO MORENO USUGA,5113,BURITICA,Occidente,ROTOR,https://drive.google.com/file/d/12Aey3nYyhjIzW4W48-WA9CaZN8TV-CIB/view?usp=sharing,
10511300007102,ALTO DEL OBISPO,105113000071,I. E. SANTA GEMA,5113,BURITICA,Occidente,ROTOR,,
10511300007110,CHUNCHUNCO,105113000071,I. E. SANTA GEMA,5113,BURITICA,Occidente,ROTOR,,
10511300007104,EL NARANJO,105113000071,I. E. SANTA GEMA,5113,BURITICA,Occidente,ROTOR,,
10511300007111,GUAIMARO,105113000071,I. E. SANTA GEMA,5113,BURITICA,Occidente,ROTOR,,
10511300007108,GUARCO,105113000071,I. E. SANTA GEMA,5113,BURITICA,Occidente,ROTOR,,
10511300007105,HIGABRA,105113000071,I. E. SANTA GEMA,5113,BURITICA,Occidente,ROTOR,,
10511300007101,I. E. SANTA GEMA,105113000071,I. E. SANTA GEMA,5113,BURITICA,Occidente,ROTOR,,
10511300007103,LA ANGELINA,105113000071,I. E. SANTA GEMA,5113,BURITICA,Occidente,ROTOR,,
10511300007106,MOGOTES,105113000071,I. E. SANTA GEMA,5113,BURITICA,Occidente,ROTOR,,
10511300007112,PAJARITO,105113000071,I. E. SANTA GEMA,5113,BURITICA,Occidente,ROTOR,,
10511300007113,SANTA GEMA II,105113000071,I. E. SANTA GEMA,5113,BURITICA,Occidente,ROTOR,,
10511300007109,SINCIERCO,105113000071,I. E. SANTA GEMA,5113,BURITICA,Occidente,ROTOR,,
20512500006212,C. E. R. ALTAVISTA,205125000062,I. E. R. EL HATO,5125,CAICEDO,Occidente,ROTOR,https://drive.google.com/file/d/1zV-ONyyvNcO5JlWYwEaeP9utHJ3JgaNy/view?usp=sharing,
20512500006208,C. E. R. CASCAJALA,205125000062,I. E. R. EL HATO,5125,CAICEDO,Occidente,ROTOR,https://drive.google.com/file/d/1LfyPTsS5XttrvwvdZgqfFFDtzDoy-W9n/view?usp=sharing,
20512500006207,C. E. R. EL CHOCHAL,205125000062,I. E. R. EL HATO,5125,CAICEDO,Occidente,ROTOR,,
20512500006209,C. E. R. EL ENCANTO,205125000062,I. E. R. EL HATO,5125,CAICEDO,Occidente,ROTOR,https://drive.google.com/file/d/1pnHAV2nwNyNquXx6QoVRp6Q3B-_3IIAM/view?usp=sharing,
20512500006204,C. E. R. EL ROMERAL,205125000062,I. E. R. EL HATO,5125,CAICEDO,Occidente,ROTOR,https://drive.google.com/file/d/19PubwByGsWvq7Poosm2w8Yk325VWQSe7/view?usp=sharing,
20512500006211,C. E. R. ELKIN RESTREPO SERNA,205125000062,I. E. R. EL HATO,5125,CAICEDO,Occidente,ROTOR,https://drive.google.com/file/d/1xxFjBxYtrTKHBrfMqD1PGZgK4JfNBkRC/view?usp=sharing,
20512500006205,C. E. R. LA ANACOZCA,205125000062,I. E. R. EL HATO,5125,CAICEDO,Occidente,ROTOR,https://drive.google.com/file/d/16bwpbWUPbA9gPRMWWZ83RZBpq6batH_v/view?usp=sharing,
20512500006217,C. E. R. LA CORTADA,205125000062,I. E. R. EL HATO,5125,CAICEDO,Occidente,ROTOR,,
20512500006202,C. E. R. LA GARCIA,205125000062,I. E. R. EL HATO,5125,CAICEDO,Occidente,ROTOR,https://drive.google.com/file/d/1fHszB9QdLXs3_YhDtq-h5GhGaKHhI5xK/view?usp=sharing,
20512500006203,C. E. R. LOS SAUCES,205125000062,I. E. R. EL HATO,5125,CAICEDO,Occidente,ROTOR,https://drive.google.com/file/d/1nVaKaljsE3riQ2s3am2rUhOHj7Q2qeR1/view?usp=sharing,
20512500006210,C. E. R. SALAZAR,205125000062,I. E. R. EL HATO,5125,CAICEDO,Occidente,ROTOR,https://drive.google.com/file/d/16dWOczJYYpUPue8QNyTYNCbxybTU9fr1/view?usp=sharing,
20512500006213,C. E. R. SOLEDAD,205125000062,I. E. R. EL HATO,5125,CAICEDO,Occidente,ROTOR,https://drive.google.com/file/d/1dpPHtM7EiiIwDuCoPR4sjCw-arjrI-8f/view?usp=sharing,
20512500006201,I. E. R. EL HATO,205125000062,I. E. R. EL HATO,5125,CAICEDO,Occidente,ROTOR,https://drive.google.com/file/d/1cswZGY3CllUIXnmUd3F8t6fTkLy_M6z-/view?usp=sharing,
20512500006215,I. E. R. EL PLAYON,205125000062,I. E. R. EL HATO,5125,CAICEDO,Occidente,ROTOR,,
20512500006216,I. E. R. LOS PINOS,205125000062,I. E. R. EL HATO,5125,CAICEDO,Occidente,ROTOR,https://drive.google.com/file/d/174nQYbgrmxRpJKfbyF9z6a7ikVUY_fEP/view?usp=sharing,
20512500006214,I. E. R. SAN JUAN,205125000062,I. E. R. EL HATO,5125,CAICEDO,Occidente,ROTOR,https://drive.google.com/file/d/1uJZrw8MGKeMFuXBlzEMEv6Ff5nUExGUc/view?usp=sharing,
10512500025403,ASESI,105125000254,I. E. SAN JUAN BOSCO,5125,CAICEDO,Occidente,ROTOR,https://drive.google.com/file/d/1yQKMc91X0s_-UNhwbU7pXU3zgnLboEOY/view?usp=sharing,
10512500025402,EVA URAN,105125000254,I. E. SAN JUAN BOSCO,5125,CAICEDO,Occidente,ROTOR,https://drive.google.com/file/d/1M9ESkYjyMEi8yg_h0mRMsqeeQkUp9SSs/view?usp=sharing,
10512500025407,LA MANGA,105125000254,I. E. SAN JUAN BOSCO,5125,CAICEDO,Occidente,ROTOR,https://drive.google.com/file/d/1y3PW-KLJUtVOfohwdIrT8yK-o34pd3E-/view?usp=sharing,
10512500025408,LA NOQUE,105125000254,I. E. SAN JUAN BOSCO,5125,CAICEDO,Occidente,ROTOR,,
10512500025401,LICEO SAN JUAN BOSCO,105125000254,I. E. SAN JUAN BOSCO,5125,CAICEDO,Occidente,ROTOR,,
10513800012112,C. E. R. CHONTADURO,105138000121,I. E. NICOLAS GAVIRIA,5138,CAÝASGORDAS,Occidente,ROTOR,,
10513800012109,C. E. R. EL PASO ARRIBA,105138000121,I. E. NICOLAS GAVIRIA,5138,CAÝASGORDAS,Occidente,ROTOR,https://drive.google.com/file/d/1z1h1TbdlwreDHwjufUCZNioeBEs61PD8/view?usp=sharing,
10513800012105,C. E. R. LA BALSITA,105138000121,I. E. NICOLAS GAVIRIA,5138,CAÝASGORDAS,Occidente,ROTOR,https://drive.google.com/file/d/1XweOxcDW4VPdRFOkp8VwbEoK6tQLfdiJ/view?usp=sharing,
10513800012106,C. E. R. LA HERRADURA,105138000121,I. E. NICOLAS GAVIRIA,5138,CAÝASGORDAS,Occidente,ROTOR,,
10513800012111,C. E. R. MEDIA CUESTA,105138000121,I. E. NICOLAS GAVIRIA,5138,CAÝASGORDAS,Occidente,ROTOR,https://drive.google.com/file/d/18Q0DbQKMUYRv8LklUUrmoYo-egwRU4dj/view?usp=sharing,
10513800012110,C. E. R. MERCEDES ESCOBAR DE GUTIERREZ,105138000121,I. E. NICOLAS GAVIRIA,5138,CAÝASGORDAS,Occidente,ROTOR,,
10513800012104,C. E. R. MOROTO,105138000121,I. E. NICOLAS GAVIRIA,5138,CAÝASGORDAS,Occidente,ROTOR,,
10513800012101,COLEGIO NICOLAS GAVIRIA,105138000121,I. E. NICOLAS GAVIRIA,5138,CAÝASGORDAS,Occidente,ROTOR,https://drive.google.com/file/d/1D6oU7j5anSu10ZeVlA_iQOeA_CdOIsa1/view?usp=sharing,
10513800012103,E U CAÑASGORDAS,105138000121,I. E. NICOLAS GAVIRIA,5138,CAÝASGORDAS,Occidente,ROTOR,,
10513800012102,E U MERCEDES RAMIREZ,105138000121,I. E. NICOLAS GAVIRIA,5138,CAÝASGORDAS,Occidente,ROTOR,,
20513800064902,C. E. R ALTO DE SANTO CRISTO,205138000649,I. E. R. BERNARDO SIERRA,5138,CAÝASGORDAS,Occidente,ROTOR,,
20513800064903,C. E. R BOTIJA ARRIBA,205138000649,I. E. R. BERNARDO SIERRA,5138,CAÝASGORDAS,Occidente,ROTOR,https://drive.google.com/file/d/15U6eOCUMbZjpFTOpl_CIHkqi_eL2n8ee/view?usp=sharing,
20513800064910,C. E. R CUMBARRA,205138000649,I. E. R. BERNARDO SIERRA,5138,CAÝASGORDAS,Occidente,ROTOR,,
20513800064904,C. E. R LA QUIEBRA,205138000649,I. E. R. BERNARDO SIERRA,5138,CAÝASGORDAS,Occidente,ROTOR,,
20513800064905,C. E. R SAN MIGUEL,205138000649,I. E. R. BERNARDO SIERRA,5138,CAÝASGORDAS,Occidente,ROTOR,https://drive.google.com/file/d/1PcJqHNLQzwEVaQEo9kvTHzBMZZg6VXFz/view?usp=sharing,
20513800064906,C. E. R UVITAL,205138000649,I. E. R. BERNARDO SIERRA,5138,CAÝASGORDAS,Occidente,ROTOR,,
20513800064909,C. E. R. ALTO DE LA ALDEA,205138000649,I. E. R. BERNARDO SIERRA,5138,CAÝASGORDAS,Occidente,ROTOR,https://drive.google.com/file/d/1sNM1TAQInp-ybZeV6Km5CAue3jTsvuY4/view?usp=sharing,
20513800064907,C. E. R. GUAYABAL,205138000649,I. E. R. BERNARDO SIERRA,5138,CAÝASGORDAS,Occidente,ROTOR,,
20513800064908,C. E. R. LA AGUADA,205138000649,I. E. R. BERNARDO SIERRA,5138,CAÝASGORDAS,Occidente,ROTOR,,
20513800064901,COLEGIO BERNARDO SIERRA,205138000649,I. E. R. BERNARDO SIERRA,5138,CAÝASGORDAS,Occidente,ROTOR,,
20513800014207,CANELITO,205138000142,I. E. R. BUENOS AIRES,5138,CAÝASGORDAS,Occidente,ROTOR,,
20513800014201,COLEGIO BUENOS AIRES,205138000142,I. E. R. BUENOS AIRES,5138,CAÝASGORDAS,Occidente,ROTOR,,
20513800014205,EL MADERO,205138000142,I. E. R. BUENOS AIRES,5138,CAÝASGORDAS,Occidente,ROTOR,,
20513800014203,ISABEL GUTIERREZ,205138000142,I. E. R. BUENOS AIRES,5138,CAÝASGORDAS,Occidente,ROTOR,,
20513800014206,LA CAMPIÑA,205138000142,I. E. R. BUENOS AIRES,5138,CAÝASGORDAS,Occidente,ROTOR,https://drive.google.com/file/d/1IMUVns5908tPJtkMiaT_nwZDPBwb0sDk/view?usp=sharing,
20513800014212,LA MILAGROSA,205138000142,I. E. R. BUENOS AIRES,5138,CAÝASGORDAS,Occidente,ROTOR,https://drive.google.com/file/d/1Q6MW_7rGd2gDcnSinOSGibLrTavY_u-d/view?usp=sharing,
20513800014211,LA UNION,205138000142,I. E. R. BUENOS AIRES,5138,CAÝASGORDAS,Occidente,ROTOR,https://drive.google.com/file/d/1haYegG3UgFp67Qp_HS3KxbToCzRF6Mc_/view?usp=sharing,
20513800014210,LOS NARANJOS,205138000142,I. E. R. BUENOS AIRES,5138,CAÝASGORDAS,Occidente,ROTOR,https://drive.google.com/file/d/1DLaE1VFubId-r4MV_5vmgVLUg_oRZfuv/view?usp=sharing,
20513800014204,MARIA AUXILIADORA,205138000142,I. E. R. BUENOS AIRES,5138,CAÝASGORDAS,Occidente,ROTOR,https://drive.google.com/file/d/1Hcx2UnucmOyLMKRVmu4CArElI5TeAbUS/view?usp=sharing,
20513800014202,MARIA IGNACIA RESTREPO,205138000142,I. E. R. BUENOS AIRES,5138,CAÝASGORDAS,Occidente,ROTOR,,
20513800014209,SANTA TERESITA DEL NIÑO JESUS,205138000142,I. E. R. BUENOS AIRES,5138,CAÝASGORDAS,Occidente,ROTOR,https://drive.google.com/file/d/1f9rXfVufMzWdpLymVRtvvpdcaxBfZoBM/view?usp=sharing,
20513800014208,SOLEDAD GIRALDO,205138000142,I. E. R. BUENOS AIRES,5138,CAÝASGORDAS,Occidente,ROTOR,,
20513800062202,C. E. R BUENAVISTA,205138000622,I. E. R. JUNTAS DE URAMITA,5138,CAÝASGORDAS,Occidente,ROTOR,https://drive.google.com/file/d/16oxhj1OkfTYQnI7R4Ig0I_GCnEnmf4oU/view?usp=sharing,
20513800062203,C. E. R SAN JULIAN,205138000622,I. E. R. JUNTAS DE URAMITA,5138,CAÝASGORDAS,Occidente,ROTOR,,
20513800062204,C. E. R SANTO DOMINGO,205138000622,I. E. R. JUNTAS DE URAMITA,5138,CAÝASGORDAS,Occidente,ROTOR,,
20513800062206,C. E. R. EL PARAISO,205138000622,I. E. R. JUNTAS DE URAMITA,5138,CAÝASGORDAS,Occidente,ROTOR,,
20513800062208,C. E. R. SAN LUIS DE JUNTAS,205138000622,I. E. R. JUNTAS DE URAMITA,5138,CAÝASGORDAS,Occidente,ROTOR,,
20513800062201,COLEGIO JUNTAS DE URAMITA,205138000622,I. E. R. JUNTAS DE URAMITA,5138,CAÝASGORDAS,Occidente,ROTOR,,
20513800062209,INSTITUCION EDUCATIVA RURAL JUNTAS DE URAMITA SEDE II,205138000622,I. E. R. JUNTAS DE URAMITA,5138,CAÝASGORDAS,Occidente,ROTOR,,
20513800062207,SAN JOSE,205138000622,I. E. R. JUNTAS DE URAMITA,5138,CAÝASGORDAS,Occidente,ROTOR,,
20513800008808,CARACOLAL,205138000088,INSTITUCION EDUCATIVA RURAL SAN PASCUAL,5138,CAÝASGORDAS,Occidente,ROTOR,,
20513800008811,CHUZA,205138000088,INSTITUCION EDUCATIVA RURAL SAN PASCUAL,5138,CAÝASGORDAS,Occidente,ROTOR,,
20513800008809,EL CAFE,205138000088,INSTITUCION EDUCATIVA RURAL SAN PASCUAL,5138,CAÝASGORDAS,Occidente,ROTOR,https://drive.google.com/file/d/1Q6j1O25aNk11H7MyuRobJMLRKMZQmn68/view?usp=sharing,
20513800008810,EL RETIRO,205138000088,INSTITUCION EDUCATIVA RURAL SAN PASCUAL,5138,CAÝASGORDAS,Occidente,ROTOR,https://drive.google.com/file/d/1zWIHWGVSnZ8Bxg91zg2hGjKUEU4djQMt/view?usp=sharing,
20513800008801,I. E. R. SAN PASCUAL,205138000088,INSTITUCION EDUCATIVA RURAL SAN PASCUAL,5138,CAÝASGORDAS,Occidente,ROTOR,,
20513800008807,LA LOMA,205138000088,INSTITUCION EDUCATIVA RURAL SAN PASCUAL,5138,CAÝASGORDAS,Occidente,ROTOR,,
20513800008805,LA MALENA,205138000088,INSTITUCION EDUCATIVA RURAL SAN PASCUAL,5138,CAÝASGORDAS,Occidente,ROTOR,,
20513800008806,LA MANGA,205138000088,INSTITUCION EDUCATIVA RURAL SAN PASCUAL,5138,CAÝASGORDAS,Occidente,ROTOR,,
20513800008804,LA SOLEDAD,205138000088,INSTITUCION EDUCATIVA RURAL SAN PASCUAL,5138,CAÝASGORDAS,Occidente,ROTOR,https://drive.google.com/file/d/1t3_pgmy_XGbrbj6N5ekJ8uq5ZXQ_QvZs/view?usp=sharing,
20513800008812,MARCO FIDEL ORTIZ,205138000088,INSTITUCION EDUCATIVA RURAL SAN PASCUAL,5138,CAÝASGORDAS,Occidente,ROTOR,,
20513800008802,PRESBITERO GONZALO OSPINA,205138000088,INSTITUCION EDUCATIVA RURAL SAN PASCUAL,5138,CAÝASGORDAS,Occidente,ROTOR,https://drive.google.com/file/d/1QKzDKmhoHCu4cK2ddaqd5JkiNziQA6Mi/view?usp=sharing,
20513800008803,PUERTO NUEVO LA CURVA,205138000088,INSTITUCION EDUCATIVA RURAL SAN PASCUAL,5138,CAÝASGORDAS,Occidente,ROTOR,https://drive.google.com/file/d/1JD345xBqfWzTGw1_G7LHgEHvgRYY34eH/view?usp=sharing,
30513800001507,C. E. R ALTO DEL ROBLE,305138000015,INSTITUCION EDUCATIVA SAN PIO X,5138,CAÝASGORDAS,Occidente,ROTOR,,
30513800001504,C. E. R BELLAVISTA,305138000015,INSTITUCION EDUCATIVA SAN PIO X,5138,CAÝASGORDAS,Occidente,ROTOR,,
30513800001503,C. E. R RUBICON,305138000015,INSTITUCION EDUCATIVA SAN PIO X,5138,CAÝASGORDAS,Occidente,ROTOR,,
30513800001510,C. E. R SAN LUIS DEL CAFE,305138000015,INSTITUCION EDUCATIVA SAN PIO X,5138,CAÝASGORDAS,Occidente,ROTOR,https://drive.google.com/file/d/1XlTFfLSu-8PdhHhcGOozyiFBhXrB6jZO/view?usp=sharing,
30513800001506,C. E. R SANTA BARBARA,305138000015,INSTITUCION EDUCATIVA SAN PIO X,5138,CAÝASGORDAS,Occidente,ROTOR,https://drive.google.com/file/d/1kW4YoHn0xjD784gRgHH9ynL_nIjqCdrG/view?usp=sharing,
30513800001505,C. E. R. BOTIJA ABAJO,305138000015,INSTITUCION EDUCATIVA SAN PIO X,5138,CAÝASGORDAS,Occidente,ROTOR,,
30513800001512,C. E. R. LOMA DE LA ALEGRIA,305138000015,INSTITUCION EDUCATIVA SAN PIO X,5138,CAÝASGORDAS,Occidente,ROTOR,https://drive.google.com/file/d/1M0kgMUHYL-f_FIZc61LUukw2MaxiCwRQ/view?usp=sharing,
30513800001501,I.E. SAN PIO X,305138000015,INSTITUCION EDUCATIVA SAN PIO X,5138,CAÝASGORDAS,Occidente,ROTOR,https://drive.google.com/file/d/1N9i8xCL-h1IGPIissYgVmVTr9d7y8v0u/view?usp=sharing,
20523400016105,C. E. R. ANTA,205234000161,C. E. R. JOSEFA ROMERO,5234,DABEIBA,Occidente,ROTOR,,
20523400016108,C. E. R. BARRANCAS,205234000161,C. E. R. JOSEFA ROMERO,5234,DABEIBA,Occidente,ROTOR,,
20523400016109,C. E. R. EL AGUILA,205234000161,C. E. R. JOSEFA ROMERO,5234,DABEIBA,Occidente,ROTOR,https://drive.google.com/file/d/1dOzqEU0tBofNm9__O9de0Qfq-KGIfME0/view?usp=sharing,
20523400016104,C. E. R. EL PORVENIR,205234000161,C. E. R. JOSEFA ROMERO,5234,DABEIBA,Occidente,ROTOR,,
20523400016101,C. E. R. JOSEFA ROMERO,205234000161,C. E. R. JOSEFA ROMERO,5234,DABEIBA,Occidente,ROTOR,,
20523400016106,C. E. R. LLANO DE CRUCES,205234000161,C. E. R. JOSEFA ROMERO,5234,DABEIBA,Occidente,ROTOR,,
20523400016110,C. E. R. PEDRO CUARTAS,205234000161,C. E. R. JOSEFA ROMERO,5234,DABEIBA,Occidente,ROTOR,,
20523400016103,C. E. R. PLAYONES,205234000161,C. E. R. JOSEFA ROMERO,5234,DABEIBA,Occidente,ROTOR,,
20523400016107,C.E.R. CAÑAVERALES ,205234000161,C. E. R. JOSEFA ROMERO,5234,DABEIBA,Occidente,ROTOR,,
20523400016102,I. E. R. LA FALDA,205234000161,C. E. R. JOSEFA ROMERO,5234,DABEIBA,Occidente,ROTOR,,
10523400053111,C. E. R. CARRA,105234000531,I. E. JUAN HENRIQUE WHITE,5234,DABEIBA,Occidente,ROTOR,https://drive.google.com/file/d/1NHwGdZccsF7KakGPEdmWDwkS1a5s1KXf/view?usp=sharing,
10523400053110,C. E. R. DABEIBA VIEJO,105234000531,I. E. JUAN HENRIQUE WHITE,5234,DABEIBA,Occidente,ROTOR,https://drive.google.com/file/d/1Rvc1KG2SAz9QL7No-Gvzegj2d-29CBBH/view?usp=sharing,
10523400053112,C. E. R. EL BOTON,105234000531,I. E. JUAN HENRIQUE WHITE,5234,DABEIBA,Occidente,ROTOR,,
10523400053106,C. E. R. EL PARAISO,105234000531,I. E. JUAN HENRIQUE WHITE,5234,DABEIBA,Occidente,ROTOR,,
10523400053107,C. E. R. EL PITAL,105234000531,I. E. JUAN HENRIQUE WHITE,5234,DABEIBA,Occidente,ROTOR,https://drive.google.com/file/d/1kbBT93RCqAKre2AHldr8sXW9EnkxN6QM/view?usp=sharing,
10523400053108,C. E. R. EL TORO,105234000531,I. E. JUAN HENRIQUE WHITE,5234,DABEIBA,Occidente,ROTOR,,
10523400053115,C. E. R. LA ESTRELLA,105234000531,I. E. JUAN HENRIQUE WHITE,5234,DABEIBA,Occidente,ROTOR,,
10523400053114,C. E. R. PALMICHALES,105234000531,I. E. JUAN HENRIQUE WHITE,5234,DABEIBA,Occidente,ROTOR,,
10523400053101,COLEGIO JUAN HENRIQUE WHITE,105234000531,I. E. JUAN HENRIQUE WHITE,5234,DABEIBA,Occidente,ROTOR,,
10523400053105,E U EL PESEBRE,105234000531,I. E. JUAN HENRIQUE WHITE,5234,DABEIBA,Occidente,ROTOR,https://drive.google.com/file/d/1uh6ndTYZzpd-3R1M3dQtZzA0RTS-8ihj/view?usp=sharing,
10523400053102,E U FRANCISCO DE PAULA SANTANDER,105234000531,I. E. JUAN HENRIQUE WHITE,5234,DABEIBA,Occidente,ROTOR,https://drive.google.com/file/d/1XqQguVAE3iEnLVg6_GLCbiQh3PbAZf-5/view?usp=sharing,
10523400053103,E U JORGE FLOREZ,105234000531,I. E. JUAN HENRIQUE WHITE,5234,DABEIBA,Occidente,ROTOR,https://drive.google.com/file/d/1FZZXNfjeZ2HSGZ_9fhTcaY3XPVM7RCvq/view?usp=sharing,
10523400053104,E U JUAN H WHITE,105234000531,I. E. JUAN HENRIQUE WHITE,5234,DABEIBA,Occidente,ROTOR,,
10523400053113,I. E. R. ANTADO,105234000531,I. E. JUAN HENRIQUE WHITE,5234,DABEIBA,Occidente,ROTOR,https://drive.google.com/file/d/1-WE1yocyawNk4NKmNzvyRehvjyNYOYIG/view?usp=sharing,
10523400053109,I. E. R. EL MOHAN,105234000531,I. E. JUAN HENRIQUE WHITE,5234,DABEIBA,Occidente,ROTOR,,
10523400008609,C. E. R.  LA MESA,105234000086,I. E. MADRE LAURA MONTOYA,5234,DABEIBA,Occidente,ROTOR,,
10523400008604,C. E. R.  PEGADO,105234000086,I. E. MADRE LAURA MONTOYA,5234,DABEIBA,Occidente,ROTOR,,
10523400008605,C. E. R. CHOROMANDO,105234000086,I. E. MADRE LAURA MONTOYA,5234,DABEIBA,Occidente,ROTOR,https://drive.google.com/file/d/1BslDkEi6A1294uNHxnN6Dpc6uuhbu8nB/view?usp=sharing,
10523400008614,C. E. R. EL RETIRO,105234000086,I. E. MADRE LAURA MONTOYA,5234,DABEIBA,Occidente,ROTOR,,
10523400008610,C. E. R. EL SALADO,105234000086,I. E. MADRE LAURA MONTOYA,5234,DABEIBA,Occidente,ROTOR,,
10523400008616,C. E. R. NUDILLALES,105234000086,I. E. MADRE LAURA MONTOYA,5234,DABEIBA,Occidente,ROTOR,,
10523400008617,C. E. R. SANTA TERESA,105234000086,I. E. MADRE LAURA MONTOYA,5234,DABEIBA,Occidente,ROTOR,,
10523400008615,C.E.R. ALTO BONITO,105234000086,I. E. MADRE LAURA MONTOYA,5234,DABEIBA,Occidente,ROTOR,,
10523400008606,C.E.R. CHIMURRO,105234000086,I. E. MADRE LAURA MONTOYA,5234,DABEIBA,Occidente,ROTOR,,
10523400008607,C.E.R. TASCÓN,105234000086,I. E. MADRE LAURA MONTOYA,5234,DABEIBA,Occidente,ROTOR,,
10523400008612,C.E.R. VALLESI,105234000086,I. E. MADRE LAURA MONTOYA,5234,DABEIBA,Occidente,ROTOR,https://drive.google.com/file/d/1tG2fT2a08HgYNriORym-Ljm6VeAN07NP/view?usp=sharing,
10523400008618,CENTRO EDUCATIVO RURAL ALTO BONITO BAJO,105234000086,I. E. MADRE LAURA MONTOYA,5234,DABEIBA,Occidente,ROTOR,,
10523400008603,COLEGIO MONSEÑOR MISAEL GAVIRIA RESTREPO,105234000086,I. E. MADRE LAURA MONTOYA,5234,DABEIBA,Occidente,ROTOR,,
10523400008602,E U JOSE MARIA CORDOBA,105234000086,I. E. MADRE LAURA MONTOYA,5234,DABEIBA,Occidente,ROTOR,,
10523400008601,I. E. MADRE LAURA MONTOYA,105234000086,I. E. MADRE LAURA MONTOYA,5234,DABEIBA,Occidente,ROTOR,https://drive.google.com/file/d/1zguUixIfyVeRQQDtWs_b9CpXdtSJwteA/view?usp=sharing,
10523400008611,I. E. R.  LOS NARANJOS,105234000086,I. E. MADRE LAURA MONTOYA,5234,DABEIBA,Occidente,ROTOR,,
10523400008613,LLANOGRANDE,105234000086,I. E. MADRE LAURA MONTOYA,5234,DABEIBA,Occidente,ROTOR,,
20523400167203,C. E. R.  INDIGENISTA AMPARRADO MEDIO,205234001672,I. E. R. INDIGENISTA LLANO GORDO,5234,DABEIBA,Occidente,ROTOR,,
20523400167207,C. E. R.  INDIGENISTA EL PITAL,205234001672,I. E. R. INDIGENISTA LLANO GORDO,5234,DABEIBA,Occidente,ROTOR,,
20523400167205,C. E. R.  INDIGENISTA TAPARALES,205234001672,I. E. R. INDIGENISTA LLANO GORDO,5234,DABEIBA,Occidente,ROTOR,,
20523400167202,C. E. R. INDIGENISTA DE POPALITO BAJO,205234001672,I. E. R. INDIGENISTA LLANO GORDO,5234,DABEIBA,Occidente,ROTOR,,
20523400167206,C. E. R. INDIGENISTA KARRA,205234001672,I. E. R. INDIGENISTA LLANO GORDO,5234,DABEIBA,Occidente,ROTOR,,
20523400167215,C.E.R.I DABEIBA VIEJO,205234001672,I. E. R. INDIGENISTA LLANO GORDO,5234,DABEIBA,Occidente,ROTOR,,
20523400167211,C.E.R.I DOERUIBI,205234001672,I. E. R. INDIGENISTA LLANO GORDO,5234,DABEIBA,Occidente,ROTOR,,
20523400167213,C.E.R.I ERUPUMA,205234001672,I. E. R. INDIGENISTA LLANO GORDO,5234,DABEIBA,Occidente,ROTOR,,
20523400167208,C.E.R.I KATUMBA BI,205234001672,I. E. R. INDIGENISTA LLANO GORDO,5234,DABEIBA,Occidente,ROTOR,,
20523400167209,C.E.R.I NENDO,205234001672,I. E. R. INDIGENISTA LLANO GORDO,5234,DABEIBA,Occidente,ROTOR,,
20523400167217,C.E.R.I PIEDRAS BLANCAS,205234001672,I. E. R. INDIGENISTA LLANO GORDO,5234,DABEIBA,Occidente,ROTOR,,
20523400167210,C.E.R.I SERBER,205234001672,I. E. R. INDIGENISTA LLANO GORDO,5234,DABEIBA,Occidente,ROTOR,,
20523400167212,C.E.R.I TUGURIDO GRANDE,205234001672,I. E. R. INDIGENISTA LLANO GORDO,5234,DABEIBA,Occidente,ROTOR,,
20523400167201,I. E. R. INDIGENISTA LLANO GORDO,205234001672,I. E. R. INDIGENISTA LLANO GORDO,5234,DABEIBA,Occidente,ROTOR,,
20523400051005,C. E. R.  BUENAVISTA,205234000510,I. E. R. SAN RAFAEL,5234,DABEIBA,Occidente,ROTOR,https://drive.google.com/file/d/1tAezwOMvMYVg-XcZL7k4uXBHZNR2cqj4/view?usp=sharing,
20523400051006,C. E. R.  FLORIDA BETANIA,205234000510,I. E. R. SAN RAFAEL,5234,DABEIBA,Occidente,ROTOR,,
20523400051007,C. E. R.  LA ESMERALDA,205234000510,I. E. R. SAN RAFAEL,5234,DABEIBA,Occidente,ROTOR,,
20523400051014,C. E. R. BARRANCON,205234000510,I. E. R. SAN RAFAEL,5234,DABEIBA,Occidente,ROTOR,https://drive.google.com/file/d/1KOl3zZ3WWQeWCXG3tCGuKw1B2BnqNlNA/view?usp=sharing,
20523400051008,C. E. R. EL FILO DE GUADUALITO,205234000510,I. E. R. SAN RAFAEL,5234,DABEIBA,Occidente,ROTOR,https://drive.google.com/file/d/18-SYPV67gXLztz1XAXW4UngBYDvUBTdC/view?usp=sharing,
20523400051013,C. E. R. LA BAMBA,205234000510,I. E. R. SAN RAFAEL,5234,DABEIBA,Occidente,ROTOR,,
20523400051011,C. E. R. LA FLORIDA,205234000510,I. E. R. SAN RAFAEL,5234,DABEIBA,Occidente,ROTOR,https://drive.google.com/file/d/1qUbX7S5OgEGo5qa0OKef-s0WSC28K2ur/view?usp=sharing,
20523400051009,C. E. R. LA FORTUNA,205234000510,I. E. R. SAN RAFAEL,5234,DABEIBA,Occidente,ROTOR,,
20523400051010,C. E. R. TERCO,205234000510,I. E. R. SAN RAFAEL,5234,DABEIBA,Occidente,ROTOR,https://drive.google.com/file/d/1YIjQFqo1P0hPDA1y2jcUqumoSDgIblGt/view?usp=sharing,
20523400051015,E R CORCOVADO,205234000510,I. E. R. SAN RAFAEL,5234,DABEIBA,Occidente,ROTOR,,
20523400051003,E R EL PLAN,205234000510,I. E. R. SAN RAFAEL,5234,DABEIBA,Occidente,ROTOR,https://drive.google.com/file/d/11K8CPqHGvgOunj2jnRiCZWaD9zUA5kBD/view?usp=sharing,
20523400051012,I. E. R. PALONEGRO,205234000510,I. E. R. SAN RAFAEL,5234,DABEIBA,Occidente,ROTOR,,
20523400051001,I. E. R. SAN RAFAEL,205234000510,I. E. R. SAN RAFAEL,5234,DABEIBA,Occidente,ROTOR,https://drive.google.com/file/d/1Xyw19wjKXILqrVu5l3ZVWbOOTP9-61-4/view?usp=sharing,
20523400036607,C. E. R. CHACHAFRUTAL,205234000366,I. E. R. URAMA,5234,DABEIBA,Occidente,ROTOR,https://drive.google.com/file/d/1lpyCznrMPILQ-PMDdXeecahn0swXkKIE/view?usp=sharing,
20523400036608,C. E. R. CHARRASCAL,205234000366,I. E. R. URAMA,5234,DABEIBA,Occidente,ROTOR,,
20523400036609,C. E. R. CUCHILLON,205234000366,I. E. R. URAMA,5234,DABEIBA,Occidente,ROTOR,https://drive.google.com/file/d/1d44s4K2KY4m6luHR9xAH7bLIGNA3gJsQ/view?usp=sharing,
20523400036610,C. E. R. EL BALSO,205234000366,I. E. R. URAMA,5234,DABEIBA,Occidente,ROTOR,,
20523400036616,C. E. R. EL PARAMO,205234000366,I. E. R. URAMA,5234,DABEIBA,Occidente,ROTOR,,
20523400036611,C. E. R. FILO DE LA CRUZ,205234000366,I. E. R. URAMA,5234,DABEIBA,Occidente,ROTOR,,
20523400036617,C. E. R. LA AGUADA,205234000366,I. E. R. URAMA,5234,DABEIBA,Occidente,ROTOR,https://drive.google.com/file/d/1ehTJNShYF8uYhVsLU3qnKvbigX0SDhqf/view?usp=sharing,
20523400036618,C. E. R. LA ARGELIA,205234000366,I. E. R. URAMA,5234,DABEIBA,Occidente,ROTOR,,
20523400036612,C. E. R. LA BALSITA,205234000366,I. E. R. URAMA,5234,DABEIBA,Occidente,ROTOR,,
20523400036604,C. E. R. LA DANTA,205234000366,I. E. R. URAMA,5234,DABEIBA,Occidente,ROTOR,,
20523400036613,C. E. R. LA PALOMA,205234000366,I. E. R. URAMA,5234,DABEIBA,Occidente,ROTOR,,
20523400036605,C. E. R. MONTEBELLO,205234000366,I. E. R. URAMA,5234,DABEIBA,Occidente,ROTOR,https://drive.google.com/file/d/102e-Cw7Xw94S9igCsnOnw_Ry5t02DCJU/view?usp=sharing,
20523400036606,C. E. R. TOCUNAL,205234000366,I. E. R. URAMA,5234,DABEIBA,Occidente,ROTOR,,
20523400036601,COLEGIO URAMA,205234000366,I. E. R. URAMA,5234,DABEIBA,Occidente,ROTOR,,
20523400036602,E R EL ENCIERRO,205234000366,I. E. R. URAMA,5234,DABEIBA,Occidente,ROTOR,,
20523400036603,E R I  SAN IGNACIO,205234000366,I. E. R. URAMA,5234,DABEIBA,Occidente,ROTOR,,
20523400036620,I. E. R. CHAMBUSCADO,205234000366,I. E. R. URAMA,5234,DABEIBA,Occidente,ROTOR,,
20524000010608,C. E. R. CAMPOALEGRE,205240000106,I. E. R. BOYACA,5240,EBEJICO,Occidente,ROTOR,,
20524000010613,C. E. R. LA ARGENTINA,205240000106,I. E. R. BOYACA,5240,EBEJICO,Occidente,ROTOR,https://drive.google.com/file/d/1X5vDYWPhFj2hO8Cg5onKOkP5aZqpX5Nt/view?usp=sharing,
20524000010614,C. E. R. LOS POMOS,205240000106,I. E. R. BOYACA,5240,EBEJICO,Occidente,ROTOR,,
20524000010601,COLEGIO BOYACA,205240000106,I. E. R. BOYACA,5240,EBEJICO,Occidente,ROTOR,https://drive.google.com/file/d/17nF9llKZ5naOtQE71gaNpKDiS6R2C8Nb/view?usp=sharing,
20524000010607,E R BLANQUIZAL,205240000106,I. E. R. BOYACA,5240,EBEJICO,Occidente,ROTOR,,
20524000010602,E R I EL RETIRO,205240000106,I. E. R. BOYACA,5240,EBEJICO,Occidente,ROTOR,https://drive.google.com/file/d/1Cp0xzBV0BBIRCWcJY2DS0qyBLD8Hg8H1/view?usp=sharing,
20524000010610,E R LA QUIEBRA,205240000106,I. E. R. BOYACA,5240,EBEJICO,Occidente,ROTOR,,
20524000010603,E R LA RENTA,205240000106,I. E. R. BOYACA,5240,EBEJICO,Occidente,ROTOR,https://drive.google.com/file/d/1813H8QubwAM6pOFirV2e7rMqXjSKTmZ8/view?usp=sharing,
20524000010604,E R LA SUIZA,205240000106,I. E. R. BOYACA,5240,EBEJICO,Occidente,ROTOR,,
20524000010611,E R LA VICTORIA,205240000106,I. E. R. BOYACA,5240,EBEJICO,Occidente,ROTOR,,
20524000010605,E R SAGUA,205240000106,I. E. R. BOYACA,5240,EBEJICO,Occidente,ROTOR,,
20524000010612,E R SANTANDER,205240000106,I. E. R. BOYACA,5240,EBEJICO,Occidente,ROTOR,,
20524000010606,ER ALTO EL BRASIL,205240000106,I. E. R. BOYACA,5240,EBEJICO,Occidente,ROTOR,https://drive.google.com/file/d/1oZMIWcIRTQk-D4z0maGxl_z60pjKsr47/view?usp=sharing,
20524000035111,C. E. R. EL ARENAL,205240000351,INSTITUCION EDUCATIVA RURAL PRESBITERO GABRIEL YEPES YEPES,5240,EBEJICO,Occidente,ROTOR,,
20524000035105,C. E. R. EL BOSQUE,205240000351,INSTITUCION EDUCATIVA RURAL PRESBITERO GABRIEL YEPES YEPES,5240,EBEJICO,Occidente,ROTOR,,
20524000035106,C. E. R. JARAMILLO,205240000351,INSTITUCION EDUCATIVA RURAL PRESBITERO GABRIEL YEPES YEPES,5240,EBEJICO,Occidente,ROTOR,,
20524000035110,C. E. R. LA CLARA,205240000351,INSTITUCION EDUCATIVA RURAL PRESBITERO GABRIEL YEPES YEPES,5240,EBEJICO,Occidente,ROTOR,https://drive.google.com/file/d/1Yow5tYW3wOIf-W4ZND1qKCB4k6AKu0ha/view?usp=sharing,
20524000035104,C. E. R. QUIRIMARA,205240000351,INSTITUCION EDUCATIVA RURAL PRESBITERO GABRIEL YEPES YEPES,5240,EBEJICO,Occidente,ROTOR,https://drive.google.com/file/d/11q4JPqOe4FrF6gvar7-ap1iIFKCcuVZu/view?usp=sharing,
20524000035108,E R SOCIEDAD DE MEJORAS PUBLICAS,205240000351,INSTITUCION EDUCATIVA RURAL PRESBITERO GABRIEL YEPES YEPES,5240,EBEJICO,Occidente,ROTOR,https://drive.google.com/file/d/1lqeUFSXsy2wm2g0SMNKA1dSlAYiIUJp0/view?usp=sharing,
20524000035101,I. E. R PRESBITERO GABRIEL YEPES YEPES,205240000351,INSTITUCION EDUCATIVA RURAL PRESBITERO GABRIEL YEPES YEPES,5240,EBEJICO,Occidente,ROTOR,https://drive.google.com/file/d/1rKuG_QIAdiYY_zddKmCm36dNMxt16ep9/view?usp=sharing,
20524000035103,I. E. R. LA PLACITA,205240000351,INSTITUCION EDUCATIVA RURAL PRESBITERO GABRIEL YEPES YEPES,5240,EBEJICO,Occidente,ROTOR,https://drive.google.com/file/d/1HRileRAFBAJ32lW8-TaCWjHJ5kPnZclT/view?usp=sharing,
20524000035102,I. E. R. LA PRIMAVERA,205240000351,INSTITUCION EDUCATIVA RURAL PRESBITERO GABRIEL YEPES YEPES,5240,EBEJICO,Occidente,ROTOR,,
10524000013608,C. E. R. LLANO DE SANTANDER,105240000136,INSTITUCION EDUCATIVA URBANA SAN JOSE,5240,EBEJICO,Occidente,ROTOR,,
10524000013607,C. E. R. NARIÑO,105240000136,INSTITUCION EDUCATIVA URBANA SAN JOSE,5240,EBEJICO,Occidente,ROTOR,,
10524000013606,C. E. R. SUCRE,105240000136,INSTITUCION EDUCATIVA URBANA SAN JOSE,5240,EBEJICO,Occidente,ROTOR,,
10524000013609,E R COMUNIDAD,105240000136,INSTITUCION EDUCATIVA URBANA SAN JOSE,5240,EBEJICO,Occidente,ROTOR,,
10524000013603,E R LLANO DE SANTA BARBARA,105240000136,INSTITUCION EDUCATIVA URBANA SAN JOSE,5240,EBEJICO,Occidente,ROTOR,https://drive.google.com/file/d/1YJNJA2j1MNZvlIYWEk8fiM_XU_5I8BFw/view?usp=sharing,
10524000013602,I. E. R. FATIMA,105240000136,INSTITUCION EDUCATIVA URBANA SAN JOSE,5240,EBEJICO,Occidente,ROTOR,,
10524000013605,I. E. R. SAN PIO X,105240000136,INSTITUCION EDUCATIVA URBANA SAN JOSE,5240,EBEJICO,Occidente,ROTOR,,
10524000013601,I. E. URBANA SAN JOSE,105240000136,INSTITUCION EDUCATIVA URBANA SAN JOSE,5240,EBEJICO,Occidente,ROTOR,,
10528400021413,C. E. R. EL RAYO,105284000214,I. E.  MANUEL ANTONIO TORO,5284,FRONTINO,Occidente,ROTOR,https://drive.google.com/file/d/1PDGFsQ8mso_9cr7AttCjUNyA5IRyELCx/view?usp=sharing,
10528400021407,C. E. R. FUEMIA,105284000214,I. E.  MANUEL ANTONIO TORO,5284,FRONTINO,Occidente,ROTOR,,
10528400057511,C. E. R. LA CABAÑA,105284000214,I. E.  MANUEL ANTONIO TORO,5284,FRONTINO,Occidente,ROTOR,,
10528400021420,C. E. R. LA HERRADURA,105284000214,I. E.  MANUEL ANTONIO TORO,5284,FRONTINO,Occidente,ROTOR,https://drive.google.com/file/d/1yJb7dSJoJeqFtj17Vu3CVLq_1bEFeTSB/view?usp=sharing,
10528400021410,C. E. R. LA HONDA,105284000214,I. E.  MANUEL ANTONIO TORO,5284,FRONTINO,Occidente,ROTOR,https://drive.google.com/file/d/1jhJP5r16HBoqdYadI57pKaHD672U58Y4/view?usp=sharing,
10528400021415,C. E. R. LA QUIEBRA,105284000214,I. E.  MANUEL ANTONIO TORO,5284,FRONTINO,Occidente,ROTOR,https://drive.google.com/file/d/1XJXW1rGCEMbKz56feo3vE3v-6gO1lyCa/view?usp=sharing,
10528400021416,C. E. R. LAS CABRAS,105284000214,I. E.  MANUEL ANTONIO TORO,5284,FRONTINO,Occidente,ROTOR,,
10528400021417,C. E. R. LAS CABRITAS,105284000214,I. E.  MANUEL ANTONIO TORO,5284,FRONTINO,Occidente,ROTOR,,
10528400057512,C. E. R. LAS CRUCES,105284000214,I. E.  MANUEL ANTONIO TORO,5284,FRONTINO,Occidente,ROTOR,,
10528400021409,C. E. R. MONTAÑON,105284000214,I. E.  MANUEL ANTONIO TORO,5284,FRONTINO,Occidente,ROTOR,,
10528400021405,C. E. R. MURINDO,105284000214,I. E.  MANUEL ANTONIO TORO,5284,FRONTINO,Occidente,ROTOR,,
10528400021419,C. E. R. NOBOGA,105284000214,I. E.  MANUEL ANTONIO TORO,5284,FRONTINO,Occidente,ROTOR,,
10528400021404,C. E. R. RIO VERDE,105284000214,I. E.  MANUEL ANTONIO TORO,5284,FRONTINO,Occidente,ROTOR,,
10528400021408,C. E. R. SAN ANDRES,105284000214,I. E.  MANUEL ANTONIO TORO,5284,FRONTINO,Occidente,ROTOR,https://drive.google.com/file/d/15yMu7Tem-jiVNiVUF1Qlsg1fvKZLm-NX/view?usp=sharing,
10528400021414,C. E. R. SANTA LUCIA,105284000214,I. E.  MANUEL ANTONIO TORO,5284,FRONTINO,Occidente,ROTOR,https://drive.google.com/file/d/1WPBzTMzniVPrB80YyULBE1lNAgRh3wfB/view?usp=sharing,
10528400021418,C. E. R. TEODORICO BRAN TAMAYO,105284000214,I. E.  MANUEL ANTONIO TORO,5284,FRONTINO,Occidente,ROTOR,,
10528400021401,I. E.  MANUEL ANTONIO TORO,105284000214,I. E.  MANUEL ANTONIO TORO,5284,FRONTINO,Occidente,ROTOR,https://drive.google.com/file/d/1SykeL6mHhy86H1PvO-ZIIIQcbr2ueYEY/view?usp=sharing,
10528400078802,I. E.  LAS MERCEDES,105284000788,I. E. AGROPECUARIA PEDRO ANTONIO ELEJALDE,5284,FRONTINO,Occidente,ROTOR,,
10528400078801,I. E. AGROPECUARIA PEDRO ANTONIO ELEJALDE,105284000788,I. E. AGROPECUARIA PEDRO ANTONIO ELEJALDE,5284,FRONTINO,Occidente,ROTOR,,
20528400046402,C. E. R CARLOS A ZAPATA,205284000464,I. E. R. GABRIELA WHITE DE VELEZ,5284,FRONTINO,Occidente,ROTOR,https://drive.google.com/file/d/1TkKJQ3IXwEosoLf82AiNqVrbZuYesg34/view?usp=sharing,
20528400046403,C. E. R CURADIENTES,205284000464,I. E. R. GABRIELA WHITE DE VELEZ,5284,FRONTINO,Occidente,ROTOR,https://drive.google.com/file/d/1_6w46vFdGJzaFsXKI0zHBJAZ62M5_cgl/view?usp=sharing,
20528400046404,C. E. R MADRE LAURA,205284000464,I. E. R. GABRIELA WHITE DE VELEZ,5284,FRONTINO,Occidente,ROTOR,,
20528400046405,C. E. R MERCEDITAS SANCHEZ,205284000464,I. E. R. GABRIELA WHITE DE VELEZ,5284,FRONTINO,Occidente,ROTOR,,
20528400046407,C. E. R PIEDRAS BLANQUITAS,205284000464,I. E. R. GABRIELA WHITE DE VELEZ,5284,FRONTINO,Occidente,ROTOR,https://drive.google.com/file/d/1gpaoymNcPRZKTTMavt_eXtpev6qmMLKM/view?usp=sharing,
20528400046408,C. E. R. LA CAMPIÑA,205284000464,I. E. R. GABRIELA WHITE DE VELEZ,5284,FRONTINO,Occidente,ROTOR,,
20528400046409,C. E. R. LA CAMPIÑA PARTE ALTA,205284000464,I. E. R. GABRIELA WHITE DE VELEZ,5284,FRONTINO,Occidente,ROTOR,,
20528400046410,C.E.R. EL POZO,205284000464,I. E. R. GABRIELA WHITE DE VELEZ,5284,FRONTINO,Occidente,ROTOR,,
20528400046401,I. E. R. GABRIELA WHITE DE VELEZ,205284000464,I. E. R. GABRIELA WHITE DE VELEZ,5284,FRONTINO,Occidente,ROTOR,https://drive.google.com/file/d/1j8Roz6Or0t0OhF5wSpeCp_AGFzcDPauu/view?usp=sharing,
20528400016202,C. E. R. ALTO DE MURRI,205284000162,I. E. R. LA BLANQUITA DEL MURRI,5284,FRONTINO,Occidente,ROTOR,,
20528400016203,C. E. R. CHIMURRO,205284000162,I. E. R. LA BLANQUITA DEL MURRI,5284,FRONTINO,Occidente,ROTOR,,
20528400016204,C. E. R. CHONTADURO MURRI,205284000162,I. E. R. LA BLANQUITA DEL MURRI,5284,FRONTINO,Occidente,ROTOR,,
20528400016205,C. E. R. CUEVAS DE MURRI,205284000162,I. E. R. LA BLANQUITA DEL MURRI,5284,FRONTINO,Occidente,ROTOR,,
20528400016206,C. E. R. JULIO CHIQUITO (MURRI),205284000162,I. E. R. LA BLANQUITA DEL MURRI,5284,FRONTINO,Occidente,ROTOR,,
20528400016208,C.E.R LA CERRAZON,205284000162,I. E. R. LA BLANQUITA DEL MURRI,5284,FRONTINO,Occidente,ROTOR,,
20528400016207,C.E.R LA ÑAME,205284000162,I. E. R. LA BLANQUITA DEL MURRI,5284,FRONTINO,Occidente,ROTOR,,
20528400016209,C.E.R PANTANOS,205284000162,I. E. R. LA BLANQUITA DEL MURRI,5284,FRONTINO,Occidente,ROTOR,,
20528400016201,I. E. R. LA BLANQUITA DEL MURRI,205284000162,I. E. R. LA BLANQUITA DEL MURRI,5284,FRONTINO,Occidente,ROTOR,,
20528400012006,C. E. R.  CARAUTA,205284000120,I. E. R. NOBOGACITA,5284,FRONTINO,Occidente,ROTOR,,
20528400012011,C. E. R.  VENADOS ARRIBA,205284000120,I. E. R. NOBOGACITA,5284,FRONTINO,Occidente,ROTOR,,
20528400012005,C. E. R. ASIDO,205284000120,I. E. R. NOBOGACITA,5284,FRONTINO,Occidente,ROTOR,,
20528400012007,C. E. R. CARAUTICA,205284000120,I. E. R. NOBOGACITA,5284,FRONTINO,Occidente,ROTOR,https://drive.google.com/file/d/1vhJopNELZij5jWS-sYfMn2Af2d43cRTG/view?usp=sharing,
20528400012004,C. E. R. CHONTADURO,205284000120,I. E. R. NOBOGACITA,5284,FRONTINO,Occidente,ROTOR,,
20528400012010,C. E. R. CHUSCAL,205284000120,I. E. R. NOBOGACITA,5284,FRONTINO,Occidente,ROTOR,https://drive.google.com/file/d/1qvmr10HwPAG9vGNZfuxvnsWLWOcysy8X/view?usp=sharing,
20528400012013,C. E. R. EL SALADO,205284000120,I. E. R. NOBOGACITA,5284,FRONTINO,Occidente,ROTOR,,
20528400012002,C. E. R. MUSINGUITA,205284000120,I. E. R. NOBOGACITA,5284,FRONTINO,Occidente,ROTOR,https://drive.google.com/file/d/1PqPInu3eWNZAqIfO7Wuis9Pj3-Edpk65/view?usp=sharing,
20528400012012,C. E. R. SAN MATEO,205284000120,I. E. R. NOBOGACITA,5284,FRONTINO,Occidente,ROTOR,https://drive.google.com/file/d/1cew7huRwsKOuhKEK1kgCVb0S4C2LMgTB/view?usp=sharing,
20528400012008,C.E.R PIEDRAS BLANCAS,205284000120,I. E. R. NOBOGACITA,5284,FRONTINO,Occidente,ROTOR,https://drive.google.com/file/d/1FgGwp_kjMJLhi56hDQSYho7nFHXZPbap/view?usp=sharing,
20528400012009,CENTRO EDUCATIVO RURAL PIEDRAS BLANCAS PARTE BAJA,205284000120,I. E. R. NOBOGACITA,5284,FRONTINO,Occidente,ROTOR,https://drive.google.com/file/d/1shzlsj0fBJluLAvaO1JGZXHspCf0w3sD/view?usp=sharing,
20528400012003,CENTRO EDUCATIVO RURAL SINCERIN,205284000120,I. E. R. NOBOGACITA,5284,FRONTINO,Occidente,ROTOR,https://drive.google.com/file/d/1bGp57ozf6gJXqSEqBTM2zIkUAkyiEVPK/view?usp=sharing,
20528400012001,I. E. R. NOBOGACITA,205284000120,I. E. R. NOBOGACITA,5284,FRONTINO,Occidente,ROTOR,https://drive.google.com/file/d/1cnjKogFMD_gbqT2cvAE5Pu3W6ea97-ur/view?usp=sharing,
20528400113417,ADAN,205284001134,I.E.R INDIGENISTA JAICHINIDAU,5284,FRONTINO,Occidente,ROTOR,,
20528400113418,AGUAS CLARAS,205284001134,I.E.R INDIGENISTA JAICHINIDAU,5284,FRONTINO,Occidente,ROTOR,,
20528400113414,C. E. R. CAÑAVERALES,205284001134,I.E.R INDIGENISTA JAICHINIDAU,5284,FRONTINO,Occidente,ROTOR,,
20528400113404,C. E. R. INDIGENA ATAUSI,205284001134,I.E.R INDIGENISTA JAICHINIDAU,5284,FRONTINO,Occidente,ROTOR,,
20528400113405,C. E. R. INDIGENISTA AMPARRADO ALTO,205284001134,I.E.R INDIGENISTA JAICHINIDAU,5284,FRONTINO,Occidente,ROTOR,,
20528400113412,C. E. R. INDIGENISTA CALICHE,205284001134,I.E.R INDIGENISTA JAICHINIDAU,5284,FRONTINO,Occidente,ROTOR,,
20528400113402,C. E. R. INDIGENISTA CARAUTA,205284001134,I.E.R INDIGENISTA JAICHINIDAU,5284,FRONTINO,Occidente,ROTOR,,
20528400113403,C. E. R. INDIGENISTA CUEVAS,205284001134,I.E.R INDIGENISTA JAICHINIDAU,5284,FRONTINO,Occidente,ROTOR,,
20528400113409,C. E. R. INDIGENISTA JULIO GRANDE (AMOR-LA MARINA),205284001134,I.E.R INDIGENISTA JAICHINIDAU,5284,FRONTINO,Occidente,ROTOR,,
20528400113413,C. E. R. INDIGENISTA NUSIDO,205284001134,I.E.R INDIGENISTA JAICHINIDAU,5284,FRONTINO,Occidente,ROTOR,,
20528400113408,C. E. R. INDIGENISTA PANTANOS-ANTADOCITO,205284001134,I.E.R INDIGENISTA JAICHINIDAU,5284,FRONTINO,Occidente,ROTOR,,
20528400113407,C. E. R. INDIGENISTA SAN MIGUEL,205284001134,I.E.R INDIGENISTA JAICHINIDAU,5284,FRONTINO,Occidente,ROTOR,,
20528400113415,C. E. R. QUIPARADO BAJO,205284001134,I.E.R INDIGENISTA JAICHINIDAU,5284,FRONTINO,Occidente,ROTOR,,
20528400113411,C.E.R. INDIGENISTA CHUSCAL DE MURRI,205284001134,I.E.R INDIGENISTA JAICHINIDAU,5284,FRONTINO,Occidente,ROTOR,,
20528400113410,C.E.R. INDIGENISTA JENATURADO MURRI,205284001134,I.E.R INDIGENISTA JAICHINIDAU,5284,FRONTINO,Occidente,ROTOR,,
20528400113430,CER CUEVAS BARRITO,205284001134,I.E.R INDIGENISTA JAICHINIDAU,5284,FRONTINO,Occidente,ROTOR,,
20528400113428,CER INDIGENISTA GORDITO,205284001134,I.E.R INDIGENISTA JAICHINIDAU,5284,FRONTINO,Occidente,ROTOR,,
20528400113416,GUAVINA,205284001134,I.E.R INDIGENISTA JAICHINIDAU,5284,FRONTINO,Occidente,ROTOR,,
20528400113401,I.E.R INDIGENISTA JAICHINIDAU,205284001134,I.E.R INDIGENISTA JAICHINIDAU,5284,FRONTINO,Occidente,ROTOR,,
20528400113425,JULIO CHIQUITO,205284001134,I.E.R INDIGENISTA JAICHINIDAU,5284,FRONTINO,Occidente,ROTOR,,
20528400113427,KORIBIDÓ,205284001134,I.E.R INDIGENISTA JAICHINIDAU,5284,FRONTINO,Occidente,ROTOR,,
20528400113429,KORUBADÓ,205284001134,I.E.R INDIGENISTA JAICHINIDAU,5284,FRONTINO,Occidente,ROTOR,,
20528400113419,LANO,205284001134,I.E.R INDIGENISTA JAICHINIDAU,5284,FRONTINO,Occidente,ROTOR,,
20528400113426,LLANO RIO VERDE,205284001134,I.E.R INDIGENISTA JAICHINIDAU,5284,FRONTINO,Occidente,ROTOR,,
20528400113424,PRADERA,205284001134,I.E.R INDIGENISTA JAICHINIDAU,5284,FRONTINO,Occidente,ROTOR,,
20528400113421,QUIPARADO ALTO,205284001134,I.E.R INDIGENISTA JAICHINIDAU,5284,FRONTINO,Occidente,ROTOR,,
20528400113423,SALADO CHONTADURO,205284001134,I.E.R INDIGENISTA JAICHINIDAU,5284,FRONTINO,Occidente,ROTOR,,
20528400113422,SAN MATEO BAJO,205284001134,I.E.R INDIGENISTA JAICHINIDAU,5284,FRONTINO,Occidente,ROTOR,,
10528400080003,C. E. R NORE ,105284000800,INSTITUCION EDUCATIVA ESCUELA NORMAL SUPERIOR MIGUEL ANGEL ALVAREZ,5284,FRONTINO,Occidente,ROTOR,,
10528400080009,C. E. R. EL CERRO,105284000800,INSTITUCION EDUCATIVA ESCUELA NORMAL SUPERIOR MIGUEL ANGEL ALVAREZ,5284,FRONTINO,Occidente,ROTOR,https://drive.google.com/file/d/1UpSRpT0ImT0Xe2KoIezDnwrLa7Ryw-8q/view?usp=sharing,
10528400080006,C. E. R. LAS AZULES,105284000800,INSTITUCION EDUCATIVA ESCUELA NORMAL SUPERIOR MIGUEL ANGEL ALVAREZ,5284,FRONTINO,Occidente,ROTOR,https://drive.google.com/file/d/1kx7sDnJ0fPELpQbobNAVJdcmkyFyBW3K/view?usp=sharing,
10528400080008,C. E. R. SAN LAZARO,105284000800,INSTITUCION EDUCATIVA ESCUELA NORMAL SUPERIOR MIGUEL ANGEL ALVAREZ,5284,FRONTINO,Occidente,ROTOR,,
10528400080005,C.E.R JOSE MARIA RODRIGUEZ ROJAS,105284000800,INSTITUCION EDUCATIVA ESCUELA NORMAL SUPERIOR MIGUEL ANGEL ALVAREZ,5284,FRONTINO,Occidente,ROTOR,,
10528400080004,C.E.R PONTON,105284000800,INSTITUCION EDUCATIVA ESCUELA NORMAL SUPERIOR MIGUEL ANGEL ALVAREZ,5284,FRONTINO,Occidente,ROTOR,,
10528400080001,I. E. ESCUELA NORMAL SUPERIOR MIGUEL ANGEL ALVAREZ,105284000800,INSTITUCION EDUCATIVA ESCUELA NORMAL SUPERIOR MIGUEL ANGEL ALVAREZ,5284,FRONTINO,Occidente,ROTOR,,
10530600017504,C. E. R. CUAJARON,105306000175,I. E. LUIS ANDRADE VALDERRAMA,5306,GIRALDO,Occidente,ROTOR,https://drive.google.com/file/d/1NPYrstiksgMD7tqiOt5hh1rR2SxKLarp/view?usp=sharing,
10530600017505,C. E. R. EL AGUILA,105306000175,I. E. LUIS ANDRADE VALDERRAMA,5306,GIRALDO,Occidente,ROTOR,https://drive.google.com/file/d/1PyHpmh0QK3hoD5FGGZzXPsvQN0NN2Lof/view?usp=sharing,
10530600017506,C. E. R. EL ROBLAL,105306000175,I. E. LUIS ANDRADE VALDERRAMA,5306,GIRALDO,Occidente,ROTOR,https://drive.google.com/file/d/1YzMgIXMxckMd1VvIdG5qQ7Z7FLI-DQji/view?usp=sharing,
10530600017507,C. E. R. FILO DEL MEDIO,105306000175,I. E. LUIS ANDRADE VALDERRAMA,5306,GIRALDO,Occidente,ROTOR,,
10530600017508,C. E. R. LA SIERRITA,105306000175,I. E. LUIS ANDRADE VALDERRAMA,5306,GIRALDO,Occidente,ROTOR,https://drive.google.com/file/d/19wK_mEUhwlYNR9kjirTyxUSiIPfG-Qxi/view?usp=sharing,
10530600017503,C. E. R. OCTAVIO RESTREPO CALLE,105306000175,I. E. LUIS ANDRADE VALDERRAMA,5306,GIRALDO,Occidente,ROTOR,https://drive.google.com/file/d/1ggy-FhEJSl37uiPojfk0bMg8JS7rDlti/view?usp=sharing,
10530600017502,E U GIRALDO,105306000175,I. E. LUIS ANDRADE VALDERRAMA,5306,GIRALDO,Occidente,ROTOR,,
10530600017501,LICEO LUIS ANDRADE VALDERRAMA,105306000175,I. E. LUIS ANDRADE VALDERRAMA,5306,GIRALDO,Occidente,ROTOR,,
20530600009907,E R EL BALSO,205306000099,I.E.R. SANTA ROSA DE LIMA,5306,GIRALDO,Occidente,ROTOR,https://drive.google.com/file/d/1GO6wh_AV66ty4CyuLCxFk_IHUImPtrS8/view?usp=sharing,
20530600009903,E R TAMBO,205306000099,I.E.R. SANTA ROSA DE LIMA,5306,GIRALDO,Occidente,ROTOR,,
20530600009904,E R TINAJITAS,205306000099,I.E.R. SANTA ROSA DE LIMA,5306,GIRALDO,Occidente,ROTOR,https://drive.google.com/file/d/1SM0PaG3C9TqyO_TdrjA-YMw7xRCQTsj7/view?usp=sharing,
20530600009905,E R TOYO,205306000099,I.E.R. SANTA ROSA DE LIMA,5306,GIRALDO,Occidente,ROTOR,https://drive.google.com/file/d/1Q_LGN1UN86bzLLXhmKUiiAQJyXlKTjG9/view?usp=sharing,
20530600009906,E U FERNANDO HINCAPIE TASCON,205306000099,I.E.R. SANTA ROSA DE LIMA,5306,GIRALDO,Occidente,ROTOR,,
20530600009901,I.E.R. SANTA ROSA DE LIMA,205306000099,I.E.R. SANTA ROSA DE LIMA,5306,GIRALDO,Occidente,ROTOR,https://drive.google.com/file/d/1Ch_k39WfjDGGctEJdva0qnsL7BA2UyDj/view?usp=sharing,
20534700010906,C. E. R. PALOBLANCO,205347000109,I. E. R. HECTOR HIGINIO BEDOYA VARGAS,5347,HELICONIA,Occidente,ROTOR,,
20534700010908,COLEGIO ALTO DEL CORRAL,205347000109,I. E. R. HECTOR HIGINIO BEDOYA VARGAS,5347,HELICONIA,Occidente,ROTOR,https://drive.google.com/file/d/1LsAdTCmnj8xWegCLmUWzqqEcyhZg9rpe/view?usp=sharing,
20534700010901,COLEGIO HECTOR HIGINIO BEDOYA VARGAS,205347000109,I. E. R. HECTOR HIGINIO BEDOYA VARGAS,5347,HELICONIA,Occidente,ROTOR,,
20534700010902,E R EL GUAMAL,205347000109,I. E. R. HECTOR HIGINIO BEDOYA VARGAS,5347,HELICONIA,Occidente,ROTOR,https://drive.google.com/file/d/1XPhc0WYPOU8k4TOrKbolPobR6Ef7AInj/view?usp=sharing,
20534700010903,E R PUEBLO VIEJO,205347000109,I. E. R. HECTOR HIGINIO BEDOYA VARGAS,5347,HELICONIA,Occidente,ROTOR,,
20534700010910,ER LA HONDURA,205347000109,I. E. R. HECTOR HIGINIO BEDOYA VARGAS,5347,HELICONIA,Occidente,ROTOR,,
10534700001507,C. E. R. EL LLANO,105347000015,I. E. SAN RAFAEL,5347,HELICONIA,Occidente,ROTOR,,
10534700001505,C. E. R. LA PAVA,105347000015,I. E. SAN RAFAEL,5347,HELICONIA,Occidente,ROTOR,https://drive.google.com/file/d/131sqNotJq4uc7sDb_hpBNJVfcWLHAh7_/view?usp=sharing,
10534700001504,C. E. R. LAS BRISAS,105347000015,I. E. SAN RAFAEL,5347,HELICONIA,Occidente,ROTOR,,
10534700001506,C. E. R. SANTA ISABEL,105347000015,I. E. SAN RAFAEL,5347,HELICONIA,Occidente,ROTOR,,
10534700001502,E U CRISTO REY,105347000015,I. E. SAN RAFAEL,5347,HELICONIA,Occidente,ROTOR,,
10534700001501,LICEO SAN RAFAEL,105347000015,I. E. SAN RAFAEL,5347,HELICONIA,Occidente,ROTOR,,
20541100040112,EL CARDAL,205411000401,INSTITUCION EDUCATIVA SAN DIEGO,5411,LIBORINA,Occidente,ROTOR,,
20541100040113,EL POTRERO,205411000401,INSTITUCION EDUCATIVA SAN DIEGO,5411,LIBORINA,Occidente,ROTOR,,
20541100040106,EL RETIRO,205411000401,INSTITUCION EDUCATIVA SAN DIEGO,5411,LIBORINA,Occidente,ROTOR,https://drive.google.com/file/d/1ksWSumIO94TiGkC4yY_d4ZkkRha8SM4y/view?usp=sharing,
20541100040101,I. E. SAN DIEGO,205411000401,INSTITUCION EDUCATIVA SAN DIEGO,5411,LIBORINA,Occidente,ROTOR,,
20541100040108,LA ABEJA ABAJO,205411000401,INSTITUCION EDUCATIVA SAN DIEGO,5411,LIBORINA,Occidente,ROTOR,,
20541100040111,LA HONDURA,205411000401,INSTITUCION EDUCATIVA SAN DIEGO,5411,LIBORINA,Occidente,ROTOR,,
20541100040107,LA MERCED,205411000401,INSTITUCION EDUCATIVA SAN DIEGO,5411,LIBORINA,Occidente,ROTOR,,
20541100040109,LAS ABEJAS,205411000401,INSTITUCION EDUCATIVA SAN DIEGO,5411,LIBORINA,Occidente,ROTOR,,
20541100040103,LOS PEÑOLES,205411000401,INSTITUCION EDUCATIVA SAN DIEGO,5411,LIBORINA,Occidente,ROTOR,,
20541100040104,LOS SAUCES,205411000401,INSTITUCION EDUCATIVA SAN DIEGO,5411,LIBORINA,Occidente,ROTOR,,
20541100040114,SAN DIEGO SEDE II,205411000401,INSTITUCION EDUCATIVA SAN DIEGO,5411,LIBORINA,Occidente,ROTOR,,
20541100040102,SAN LORENZO,205411000401,INSTITUCION EDUCATIVA SAN DIEGO,5411,LIBORINA,Occidente,ROTOR,https://drive.google.com/file/d/1Xc1OBsds6S695bp0Dt9QYuoMmrJckz08/view?usp=sharing,
10541100019915,CRISTOBAL,105411000199,INSTITUCION EDUCATIVA SAN FRANCISCO DE ASIS,5411,LIBORINA,Occidente,ROTOR,https://drive.google.com/file/d/1st_eqOa7fUsMP8VMd-xHldFnD02PYaSa/view?usp=sharing,
10541100019914,CURITI,105411000199,INSTITUCION EDUCATIVA SAN FRANCISCO DE ASIS,5411,LIBORINA,Occidente,ROTOR,,
10541100019913,EL CARMEN,105411000199,INSTITUCION EDUCATIVA SAN FRANCISCO DE ASIS,5411,LIBORINA,Occidente,ROTOR,https://drive.google.com/file/d/1GoFtWNecoI8jAkmcH-UVtwht9CCGJxxt/view?usp=sharing,
10541100019912,EL MORRO,105411000199,INSTITUCION EDUCATIVA SAN FRANCISCO DE ASIS,5411,LIBORINA,Occidente,ROTOR,https://drive.google.com/file/d/1SLK5pn3rAvFYs5VUkJhzC_prAzypAAGU/view?usp=sharing,
10541100019904,EL PORVENIR,105411000199,INSTITUCION EDUCATIVA SAN FRANCISCO DE ASIS,5411,LIBORINA,Occidente,ROTOR,,
10541100019918,EL SOCORRO,105411000199,INSTITUCION EDUCATIVA SAN FRANCISCO DE ASIS,5411,LIBORINA,Occidente,ROTOR,https://drive.google.com/file/d/1qPMOM70jQi9qUqymqSsoeaeCK8REEcJr/view?usp=sharing,
10541100019910,GUAMAL,105411000199,INSTITUCION EDUCATIVA SAN FRANCISCO DE ASIS,5411,LIBORINA,Occidente,ROTOR,https://drive.google.com/file/d/1cyXkFpRzO08ZI8mJ_O3pg7nvNLltZFo_/view?usp=sharing,
10541100019901,I. E. SAN FRANCISCO DE ASIS,105411000199,INSTITUCION EDUCATIVA SAN FRANCISCO DE ASIS,5411,LIBORINA,Occidente,ROTOR,,
10541100019902,LA FLORIDA,105411000199,INSTITUCION EDUCATIVA SAN FRANCISCO DE ASIS,5411,LIBORINA,Occidente,ROTOR,,
10541100019909,LA HONDA,105411000199,INSTITUCION EDUCATIVA SAN FRANCISCO DE ASIS,5411,LIBORINA,Occidente,ROTOR,https://drive.google.com/file/d/1mJt6ViHyv2GvRfoAONARpNj0uaIJqx7i/view?usp=sharing,
10541100019921,LA MONTAÑITA,105411000199,INSTITUCION EDUCATIVA SAN FRANCISCO DE ASIS,5411,LIBORINA,Occidente,ROTOR,https://drive.google.com/file/d/1B4Zl8vjesxmI03u4U41IQOG4uAvuns42/view?usp=sharing,
10541100019908,LABRADERO,105411000199,INSTITUCION EDUCATIVA SAN FRANCISCO DE ASIS,5411,LIBORINA,Occidente,ROTOR,,
10541100019911,LAS ESTANCIAS,105411000199,INSTITUCION EDUCATIVA SAN FRANCISCO DE ASIS,5411,LIBORINA,Occidente,ROTOR,https://drive.google.com/file/d/1dITgT9Kls2uOu97zZ-yjbFg_XYww9FsD/view?usp=sharing,
10541100019907,LOS RECUERDOS,105411000199,INSTITUCION EDUCATIVA SAN FRANCISCO DE ASIS,5411,LIBORINA,Occidente,ROTOR,,
10541100019916,MALVAZA,105411000199,INSTITUCION EDUCATIVA SAN FRANCISCO DE ASIS,5411,LIBORINA,Occidente,ROTOR,,
10541100019920,MONTENEGRO,105411000199,INSTITUCION EDUCATIVA SAN FRANCISCO DE ASIS,5411,LIBORINA,Occidente,ROTOR,,
10541100019917,PEREGRINO,105411000199,INSTITUCION EDUCATIVA SAN FRANCISCO DE ASIS,5411,LIBORINA,Occidente,ROTOR,,
10541100019919,RODAS,105411000199,INSTITUCION EDUCATIVA SAN FRANCISCO DE ASIS,5411,LIBORINA,Occidente,ROTOR,,
10541100019922,SAN FRANCISCO DE ASIS - SEDE II,105411000199,INSTITUCION EDUCATIVA SAN FRANCISCO DE ASIS,5411,LIBORINA,Occidente,ROTOR,,
10541100019906,SAN MIGUEL,105411000199,INSTITUCION EDUCATIVA SAN FRANCISCO DE ASIS,5411,LIBORINA,Occidente,ROTOR,https://drive.google.com/file/d/1U6vIPVqiU9qLjU1uoygk1jgzKvySBcMP/view?usp=sharing,
10541100019903,SAN PASCUAL,105411000199,INSTITUCION EDUCATIVA SAN FRANCISCO DE ASIS,5411,LIBORINA,Occidente,ROTOR,,
10541100019905,SOBRESABANAS,105411000199,INSTITUCION EDUCATIVA SAN FRANCISCO DE ASIS,5411,LIBORINA,Occidente,ROTOR,,
10550100019806,C. E. R.  GUAYABO,105501000198,I. E. OLAYA,5501,OLAYA,Occidente,ROTOR,https://drive.google.com/file/d/1XfCi4A81x4-XFi5krT_jVuU0RiqXbOTB/view?usp=sharing,
10550100019809,C. E. R.  LA PLAYA,105501000198,I. E. OLAYA,5501,OLAYA,Occidente,ROTOR,,
10550100019805,C. E. R. COMINAL,105501000198,I. E. OLAYA,5501,OLAYA,Occidente,ROTOR,https://drive.google.com/file/d/1kU2pnhrJPiOmSaJLfBwUTUB6Wokzho2N/view?usp=sharing,
10550100019808,C. E. R. LA COLCHONA,105501000198,I. E. OLAYA,5501,OLAYA,Occidente,ROTOR,https://drive.google.com/file/d/1GnjASsAIpfzfhfa0oeC25Q8zCJYWA_IT/view?usp=sharing,
10550100019810,C. E. R. PIÑONES,105501000198,I. E. OLAYA,5501,OLAYA,Occidente,ROTOR,,
10550100019804,C. E. R. QUEBRADA SECA,105501000198,I. E. OLAYA,5501,OLAYA,Occidente,ROTOR,https://drive.google.com/file/d/1so7M0TWBdOkyq00R4iSzbxSDNLM6OQ9c/view?usp=sharing,
10550100019803,C. E. R. SUCRE,105501000198,I. E. OLAYA,5501,OLAYA,Occidente,ROTOR,https://drive.google.com/file/d/1ZDcc5Crvb7MBSPHZ0UsLkJ6-nr3ZxjQ3/view?usp=sharing,
10550100019807,I. E.  LLANADAS,105501000198,I. E. OLAYA,5501,OLAYA,Occidente,ROTOR,,
10550100019801,I. E.  OLAYA,105501000198,I. E. OLAYA,5501,OLAYA,Occidente,ROTOR,,
10550100019802,I. E. R. EL PENCAL,105501000198,I. E. OLAYA,5501,OLAYA,Occidente,ROTOR,,
10554300032514,BELLAVISTA,105543000325,INSTITUCION EDUCATIVA PRESBITERO RODRIGO LOPERA GIL,5543,PEQUE,Occidente,ROTOR,,
10554300032506,FALDAS DEL CAFÉ,105543000325,INSTITUCION EDUCATIVA PRESBITERO RODRIGO LOPERA GIL,5543,PEQUE,Occidente,ROTOR,https://drive.google.com/file/d/1xZmCui86jFe43-MEnHyNbNv-D3rzg6eN/view?usp=sharing,
10554300032509,GUAYABAL,105543000325,INSTITUCION EDUCATIVA PRESBITERO RODRIGO LOPERA GIL,5543,PEQUE,Occidente,ROTOR,https://drive.google.com/file/d/1dUaSzQHu9uX02qe8K9s0uS6398tYHZ96/view?usp=sharing,
10554300032501,I. E. PRESBITERO RODRIGO LOPERA GIL,105543000325,INSTITUCION EDUCATIVA PRESBITERO RODRIGO LOPERA GIL,5543,PEQUE,Occidente,ROTOR,,
10554300032510,JERIGUA,105543000325,INSTITUCION EDUCATIVA PRESBITERO RODRIGO LOPERA GIL,5543,PEQUE,Occidente,ROTOR,,
10554300032515,LA CANDELARIA,105543000325,INSTITUCION EDUCATIVA PRESBITERO RODRIGO LOPERA GIL,5543,PEQUE,Occidente,ROTOR,,
10554300032512,LA LLANADA,105543000325,INSTITUCION EDUCATIVA PRESBITERO RODRIGO LOPERA GIL,5543,PEQUE,Occidente,ROTOR,,
10554300032503,LLANO DEL PUEBLO,105543000325,INSTITUCION EDUCATIVA PRESBITERO RODRIGO LOPERA GIL,5543,PEQUE,Occidente,ROTOR,https://drive.google.com/file/d/1xxEpkJp2uhtUeX2qpg5wuswUM-OX_UvB/view?usp=sharing,
10554300032513,RENEGADO VALLE,105543000325,INSTITUCION EDUCATIVA PRESBITERO RODRIGO LOPERA GIL,5543,PEQUE,Occidente,ROTOR,,
10554300032502,ROMERAL,105543000325,INSTITUCION EDUCATIVA PRESBITERO RODRIGO LOPERA GIL,5543,PEQUE,Occidente,ROTOR,,
10554300032511,SAN JUAN DE RENEGADO,105543000325,INSTITUCION EDUCATIVA PRESBITERO RODRIGO LOPERA GIL,5543,PEQUE,Occidente,ROTOR,,
10554300032505,SAN JULIAN,105543000325,INSTITUCION EDUCATIVA PRESBITERO RODRIGO LOPERA GIL,5543,PEQUE,Occidente,ROTOR,,
10554300032508,SAN MIGUEL,105543000325,INSTITUCION EDUCATIVA PRESBITERO RODRIGO LOPERA GIL,5543,PEQUE,Occidente,ROTOR,,
10554300032507,SANTA AGUEDA,105543000325,INSTITUCION EDUCATIVA PRESBITERO RODRIGO LOPERA GIL,5543,PEQUE,Occidente,ROTOR,,
10554300032516,TOLDAS,105543000325,INSTITUCION EDUCATIVA PRESBITERO RODRIGO LOPERA GIL,5543,PEQUE,Occidente,ROTOR,,
20554300020604,EL AURA,205543000206,INSTITUCION EDUCATIVA RURAL FLORENCIO SALAS TUBERQUIA,5543,PEQUE,Occidente,ROTOR,,
20554300020606,EL CALICHE,205543000206,INSTITUCION EDUCATIVA RURAL FLORENCIO SALAS TUBERQUIA,5543,PEQUE,Occidente,ROTOR,,
20554300020607,EL LLANON,205543000206,INSTITUCION EDUCATIVA RURAL FLORENCIO SALAS TUBERQUIA,5543,PEQUE,Occidente,ROTOR,,
20554300020609,EL PARAMO,205543000206,INSTITUCION EDUCATIVA RURAL FLORENCIO SALAS TUBERQUIA,5543,PEQUE,Occidente,ROTOR,,
20554300020613,EL POPAL,205543000206,INSTITUCION EDUCATIVA RURAL FLORENCIO SALAS TUBERQUIA,5543,PEQUE,Occidente,ROTOR,,
20554300020617,GUAYABAL PEÑA,205543000206,INSTITUCION EDUCATIVA RURAL FLORENCIO SALAS TUBERQUIA,5543,PEQUE,Occidente,ROTOR,,
20554300020601,INSTITUCION EDUCATIVA RURAL FLORENCIO SALAS TUBERQUIA,205543000206,INSTITUCION EDUCATIVA RURAL FLORENCIO SALAS TUBERQUIA,5543,PEQUE,Occidente,ROTOR,https://drive.google.com/file/d/1WzttskcTJ5UuZK790NmffKgrVseubJKs/view?usp=sharing,
20554300020624,JUAN IGNACIO TAMAYO,205543000206,INSTITUCION EDUCATIVA RURAL FLORENCIO SALAS TUBERQUIA,5543,PEQUE,Occidente,ROTOR,https://drive.google.com/file/d/1hGZ_ZRJVJ45n_Hyx1w2SkIr0AS9R7iVh/view?usp=sharing,
20554300020619,LA ARMENIA,205543000206,INSTITUCION EDUCATIVA RURAL FLORENCIO SALAS TUBERQUIA,5543,PEQUE,Occidente,ROTOR,https://drive.google.com/file/d/1yVEuCnl4fTsuftpeWJyAc8Q5o4dnIM6m/view?usp=sharing,
20554300020614,LA BASTILLA,205543000206,INSTITUCION EDUCATIVA RURAL FLORENCIO SALAS TUBERQUIA,5543,PEQUE,Occidente,ROTOR,,
20554300020605,LA GUADUA,205543000206,INSTITUCION EDUCATIVA RURAL FLORENCIO SALAS TUBERQUIA,5543,PEQUE,Occidente,ROTOR,,
20554300020602,LAS FALDAS,205543000206,INSTITUCION EDUCATIVA RURAL FLORENCIO SALAS TUBERQUIA,5543,PEQUE,Occidente,ROTOR,https://drive.google.com/file/d/1XwxDggPQQUSFOJ2IEephAxZKEGsvPiSj/view?usp=sharing,
20554300020612,LAS LOMAS,205543000206,INSTITUCION EDUCATIVA RURAL FLORENCIO SALAS TUBERQUIA,5543,PEQUE,Occidente,ROTOR,https://drive.google.com/file/d/1OR7tINi_qxiZYb2WG0oD_PpILtQyJvML/view?usp=sharing,
20554300020615,LAS LOMITAS,205543000206,INSTITUCION EDUCATIVA RURAL FLORENCIO SALAS TUBERQUIA,5543,PEQUE,Occidente,ROTOR,,
20554300020620,LOMA DEL SAUCE,205543000206,INSTITUCION EDUCATIVA RURAL FLORENCIO SALAS TUBERQUIA,5543,PEQUE,Occidente,ROTOR,,
20554300020621,LOS NAIPES,205543000206,INSTITUCION EDUCATIVA RURAL FLORENCIO SALAS TUBERQUIA,5543,PEQUE,Occidente,ROTOR,,
20554300020625,MADERAL,205543000206,INSTITUCION EDUCATIVA RURAL FLORENCIO SALAS TUBERQUIA,5543,PEQUE,Occidente,ROTOR,https://drive.google.com/file/d/1pVdrkAP0IJe8rZskAh0HpXQENFTucKuh/view?usp=sharing,
20554300020616,MONTARRON,205543000206,INSTITUCION EDUCATIVA RURAL FLORENCIO SALAS TUBERQUIA,5543,PEQUE,Occidente,ROTOR,,
20554300020610,PORTACHUELO,205543000206,INSTITUCION EDUCATIVA RURAL FLORENCIO SALAS TUBERQUIA,5543,PEQUE,Occidente,ROTOR,,
20554300020608,SAN JOSE,205543000206,INSTITUCION EDUCATIVA RURAL FLORENCIO SALAS TUBERQUIA,5543,PEQUE,Occidente,ROTOR,,
20554300020622,SAN JULIAN DE BARBACOAS,205543000206,INSTITUCION EDUCATIVA RURAL FLORENCIO SALAS TUBERQUIA,5543,PEQUE,Occidente,ROTOR,https://drive.google.com/file/d/1ZAkrtUgg23bkT6APYwLmyP6u4cIDdK8m/view?usp=sharing,
20554300020603,SAN PABLO,205543000206,INSTITUCION EDUCATIVA RURAL FLORENCIO SALAS TUBERQUIA,5543,PEQUE,Occidente,ROTOR,,
20554300020611,VEGA DEL INGLES,205543000206,INSTITUCION EDUCATIVA RURAL FLORENCIO SALAS TUBERQUIA,5543,PEQUE,Occidente,ROTOR,,
20562800030201,C. E. R. EL LLANO,205628000302,C. E. R. EL LLANO,5628,SABANALARGA,Occidente,ROTOR,,
20562800030203,C. E. R. LA AURORA,205628000302,C. E. R. EL LLANO,5628,SABANALARGA,Occidente,ROTOR,,
20562800030214,C. E. R. LA SANTAMARIA,205628000302,C. E. R. EL LLANO,5628,SABANALARGA,Occidente,ROTOR,,
20562800030212,C. E. R. LLANO DE LOS ENCUENTROS,205628000302,C. E. R. EL LLANO,5628,SABANALARGA,Occidente,ROTOR,,
20562800030213,C. E. R. NIQUIA,205628000302,C. E. R. EL LLANO,5628,SABANALARGA,Occidente,ROTOR,,
20562800030206,C. E. R. NOHAVA,205628000302,C. E. R. EL LLANO,5628,SABANALARGA,Occidente,ROTOR,,
20562800030208,C. E. R. REMARTIN,205628000302,C. E. R. EL LLANO,5628,SABANALARGA,Occidente,ROTOR,,
20562800030211,C. E. R. TENDIDOS,205628000302,C. E. R. EL LLANO,5628,SABANALARGA,Occidente,ROTOR,,
20562800030210,C.E.R. EL ENCANTO,205628000302,C. E. R. EL LLANO,5628,SABANALARGA,Occidente,ROTOR,,
20562800030205,C.E.R. FILO DE LOS PÉREZ,205628000302,C. E. R. EL LLANO,5628,SABANALARGA,Occidente,ROTOR,,
20562800030202,C.E.R. LA MESETA,205628000302,C. E. R. EL LLANO,5628,SABANALARGA,Occidente,ROTOR,,
20562800030209,C.E.R. MACANAL,205628000302,C. E. R. EL LLANO,5628,SABANALARGA,Occidente,ROTOR,,
20562800004303,C. E. R. EL PLACER,205628000043,I. E. R. EL JUNCO,5628,SABANALARGA,Occidente,ROTOR,,
20562800004304,C. E. R. LA CEJA,205628000043,I. E. R. EL JUNCO,5628,SABANALARGA,Occidente,ROTOR,,
20562800004305,C. E. R. LA PEDRONA,205628000043,I. E. R. EL JUNCO,5628,SABANALARGA,Occidente,ROTOR,,
20562800004301,I. E. R. EL JUNCO,205628000043,I. E. R. EL JUNCO,5628,SABANALARGA,Occidente,ROTOR,,
20562800004302,I. E. R. EL MADERO,205628000043,I. E. R. EL JUNCO,5628,SABANALARGA,Occidente,ROTOR,,
20562800004306,I. E. R. LA ERMITA,205628000043,I. E. R. EL JUNCO,5628,SABANALARGA,Occidente,ROTOR,,
10562800022708,C. E. R. LA LOMA,105628000227,INSTITUCION EDUCATIVA SAN JOSE,5628,SABANALARGA,Occidente,ROTOR,,
10562800022710,C. E. R. TESORERO,105628000227,INSTITUCION EDUCATIVA SAN JOSE,5628,SABANALARGA,Occidente,ROTOR,,
10562800022709,C.E.R. EL CLAVEL,105628000227,INSTITUCION EDUCATIVA SAN JOSE,5628,SABANALARGA,Occidente,ROTOR,,
10562800022706,I. E. R. EL ORO,105628000227,INSTITUCION EDUCATIVA SAN JOSE,5628,SABANALARGA,Occidente,ROTOR,,
10562800022702,I. E. R. EL SOCORRO,105628000227,INSTITUCION EDUCATIVA SAN JOSE,5628,SABANALARGA,Occidente,ROTOR,,
10562800022703,I. E. R. EL TAMBO,105628000227,INSTITUCION EDUCATIVA SAN JOSE,5628,SABANALARGA,Occidente,ROTOR,,
10562800022704,I. E. R. MEMBRILLAL,105628000227,INSTITUCION EDUCATIVA SAN JOSE,5628,SABANALARGA,Occidente,ROTOR,,
10562800022705,I. E. R. TESORERITO,105628000227,INSTITUCION EDUCATIVA SAN JOSE,5628,SABANALARGA,Occidente,ROTOR,,
10562800022701,I. E. SAN JOSE,105628000227,INSTITUCION EDUCATIVA SAN JOSE,5628,SABANALARGA,Occidente,ROTOR,,
10562800022707,I.E. SAN FRANCISCO,105628000227,INSTITUCION EDUCATIVA SAN JOSE,5628,SABANALARGA,Occidente,ROTOR,,
20565600010502,C. E. R. BIBIANO CARDENAS,205656000105,C. E. R. EL ALTICO,5656,SAN JERONIMO,Occidente,ROTOR,https://drive.google.com/file/d/1o4P_Sdlx_0YDS-ZBR1VL6UrV_266yn6V/view?usp=sharing,
20565600010501,C. E. R. EL ALTICO,205656000105,C. E. R. EL ALTICO,5656,SAN JERONIMO,Occidente,ROTOR,,
20565600010504,C. E. R. FAUSTINO GONZALEZ,205656000105,C. E. R. EL ALTICO,5656,SAN JERONIMO,Occidente,ROTOR,,
20565600010505,C. E. R. JUAN XXIII,205656000105,C. E. R. EL ALTICO,5656,SAN JERONIMO,Occidente,ROTOR,,
20565600010506,C. E. R. LOS CEDROS,205656000105,C. E. R. EL ALTICO,5656,SAN JERONIMO,Occidente,ROTOR,,
20565600016407,C. E. R.  CABUYAL,205656000164,I. E.  AGRICOLA DE SAN JERONIMO,5656,SAN JERONIMO,Occidente,ROTOR,,
20565600016406,C. E. R. LAS ESTANCIAS,205656000164,I. E.  AGRICOLA DE SAN JERONIMO,5656,SAN JERONIMO,Occidente,ROTOR,https://drive.google.com/file/d/1Pi6uFMaSDyb67IF_a1WFElrQTiYNAGIM/view?usp=sharing,
20565600016401,COLEGIO AGRICOLA,205656000164,I. E.  AGRICOLA DE SAN JERONIMO,5656,SAN JERONIMO,Occidente,ROTOR,,
20565600016402,E R JUAN N FIGUEROA,205656000164,I. E.  AGRICOLA DE SAN JERONIMO,5656,SAN JERONIMO,Occidente,ROTOR,,
20565600016403,E R TOMASA MENDEZ,205656000164,I. E.  AGRICOLA DE SAN JERONIMO,5656,SAN JERONIMO,Occidente,ROTOR,https://drive.google.com/file/d/1si93PPFUT3ffO60EtJUjjozvBvLvWjWs/view?usp=sharing,
20565600016404,E U LEONOR MAZO ZABALA,205656000164,I. E.  AGRICOLA DE SAN JERONIMO,5656,SAN JERONIMO,Occidente,ROTOR,https://drive.google.com/file/d/1d4mqSEaCJvBTnZw2qAJMbH06eAW3kHy5/view?usp=sharing,
20565600016405,ESCUELA  EL RINCON,205656000164,I. E.  AGRICOLA DE SAN JERONIMO,5656,SAN JERONIMO,Occidente,ROTOR,,
10565600014302,C. E. R. FRANCISCO HERRERA CAMPUZANO,105656000143,I. E. ESCUELA NORMAL SUPERIOR GENOVEVA DIAZ,5656,SAN JERONIMO,Occidente,ROTOR,,
10565600014305,C. E. R. JHON F KENNEDY,105656000143,I. E. ESCUELA NORMAL SUPERIOR GENOVEVA DIAZ,5656,SAN JERONIMO,Occidente,ROTOR,,
10565600014304,C. E. R. LA HERMOSA,105656000143,I. E. ESCUELA NORMAL SUPERIOR GENOVEVA DIAZ,5656,SAN JERONIMO,Occidente,ROTOR,https://drive.google.com/file/d/1Ce9fEQcIq4r9td8OcPnkGGHKTw9Q6IRD/view?usp=sharing,
10565600014303,C. E. R. PESQUINAL,105656000143,I. E. ESCUELA NORMAL SUPERIOR GENOVEVA DIAZ,5656,SAN JERONIMO,Occidente,ROTOR,,
10565600014301,I. E. ESCUELA NORMAL SUPERIOR GENOVEVA DIAZ,105656000143,I. E. ESCUELA NORMAL SUPERIOR GENOVEVA DIAZ,5656,SAN JERONIMO,Occidente,ROTOR,https://drive.google.com/file/d/1iAdjaD2n2s_3jv5fvNzRC1o5od24m6uS/view?usp=sharing,
20565600042306,ARSENIO DIAZ LUPIN,205656000423,I. E. R. BENIGNO MENA GONZALEZ,5656,SAN JERONIMO,Occidente,ROTOR,,
20565600042303,FLORENTINO ROJAS,205656000423,I. E. R. BENIGNO MENA GONZALEZ,5656,SAN JERONIMO,Occidente,ROTOR,,
20565600042307,GABRIEL POSADA,205656000423,I. E. R. BENIGNO MENA GONZALEZ,5656,SAN JERONIMO,Occidente,ROTOR,,
20565600042301,I. E. R. BENIGNO MENA GONZALEZ,205656000423,I. E. R. BENIGNO MENA GONZALEZ,5656,SAN JERONIMO,Occidente,ROTOR,https://drive.google.com/file/d/1bmXHD0bGhgk9InThLOSIT9oGI6TB1KYi/view?usp=sharing,
20565600042305,LUIS OSORIO GARCIA,205656000423,I. E. R. BENIGNO MENA GONZALEZ,5656,SAN JERONIMO,Occidente,ROTOR,,
20565600042309,MARCO ANTONIO DIAZ,205656000423,I. E. R. BENIGNO MENA GONZALEZ,5656,SAN JERONIMO,Occidente,ROTOR,,
20565600042302,MESTIZAL,205656000423,I. E. R. BENIGNO MENA GONZALEZ,5656,SAN JERONIMO,Occidente,ROTOR,,
20565600042310,MONTE FRIO,205656000423,I. E. R. BENIGNO MENA GONZALEZ,5656,SAN JERONIMO,Occidente,ROTOR,,
20565600042304,RAFAEL J. MEJIA,205656000423,I. E. R. BENIGNO MENA GONZALEZ,5656,SAN JERONIMO,Occidente,ROTOR,,
10504200073204,C. E. R. LA NOQUE,105042000732,I. E. ARTURO VELASQUEZ ORTIZ,5042,SANTA FE DE ANTIOQUIA,Occidente,ROTOR,https://drive.google.com/file/d/1z-5esUuNMNpez314qup2RUJFp_SVCllI/view?usp=sharing,
10504200073207,C. E. R. OBREGON,105042000732,I. E. ARTURO VELASQUEZ ORTIZ,5042,SANTA FE DE ANTIOQUIA,Occidente,ROTOR,,
10504200073205,C. E. R. SACRAMENTO OSORIO PEREZ,105042000732,I. E. ARTURO VELASQUEZ ORTIZ,5042,SANTA FE DE ANTIOQUIA,Occidente,ROTOR,,
10504200073201,COLEGIO ARTURO VELASQUEZ ORTIZ,105042000732,I. E. ARTURO VELASQUEZ ORTIZ,5042,SANTA FE DE ANTIOQUIA,Occidente,ROTOR,,
10504200073203,E U JOSE MARIA MARTINEZ PARDO,105042000732,I. E. ARTURO VELASQUEZ ORTIZ,5042,SANTA FE DE ANTIOQUIA,Occidente,ROTOR,https://drive.google.com/file/d/1YR2-pDzWLNJQw-B3ly-a38Gzd1udq1Sf/view?usp=sharing,
10504200073202,E U LAURA HOYOS DE MARTINEZ,105042000732,I. E. ARTURO VELASQUEZ ORTIZ,5042,SANTA FE DE ANTIOQUIA,Occidente,ROTOR,https://drive.google.com/file/d/1E-pj4Ueoq3mbK5Ea05tBPc-VNWKYct-E/view?usp=sharing,
20504200035402,C. E. R. EL FILO,205042000354,I. E. R. EL PESCADO,5042,SANTA FE DE ANTIOQUIA,Occidente,ROTOR,,
20504200035406,C. E. R. EL JAGUE,205042000354,I. E. R. EL PESCADO,5042,SANTA FE DE ANTIOQUIA,Occidente,ROTOR,,
20504200035409,C. E. R. EL MADERO,205042000354,I. E. R. EL PESCADO,5042,SANTA FE DE ANTIOQUIA,Occidente,ROTOR,,
20504200035405,C. E. R. EL PEDREGAL,205042000354,I. E. R. EL PESCADO,5042,SANTA FE DE ANTIOQUIA,Occidente,ROTOR,,
20504200035414,C. E. R. EL PLAN,205042000354,I. E. R. EL PESCADO,5042,SANTA FE DE ANTIOQUIA,Occidente,ROTOR,,
20504200035413,C. E. R. FATIMA,205042000354,I. E. R. EL PESCADO,5042,SANTA FE DE ANTIOQUIA,Occidente,ROTOR,,
20504200035410,C. E. R. LA MESA,205042000354,I. E. R. EL PESCADO,5042,SANTA FE DE ANTIOQUIA,Occidente,ROTOR,,
20504200035408,C. E. R. LA TOLDA,205042000354,I. E. R. EL PESCADO,5042,SANTA FE DE ANTIOQUIA,Occidente,ROTOR,,
20504200035403,C. E. R. MORADITAS,205042000354,I. E. R. EL PESCADO,5042,SANTA FE DE ANTIOQUIA,Occidente,ROTOR,,
20504200035407,C. E. R. SOCORRO DE SABANAS,205042000354,I. E. R. EL PESCADO,5042,SANTA FE DE ANTIOQUIA,Occidente,ROTOR,,
20504200035404,C.E.R. MORADITAS CENTRAL,205042000354,I. E. R. EL PESCADO,5042,SANTA FE DE ANTIOQUIA,Occidente,ROTOR,,
20504200035401,I. E. R. EL PESCADO,205042000354,I. E. R. EL PESCADO,5042,SANTA FE DE ANTIOQUIA,Occidente,ROTOR,,
20504200035412,I. E. R. LA CORDILLERA,205042000354,I. E. R. EL PESCADO,5042,SANTA FE DE ANTIOQUIA,Occidente,ROTOR,,
20504200035411,I.E.R. EL CHORRILLO ,205042000354,I. E. R. EL PESCADO,5042,SANTA FE DE ANTIOQUIA,Occidente,ROTOR,,
20504200028105,C. E. R. CACIQUE GUASABRA,205042000281,I. E. R. NURQUI,5042,SANTA FE DE ANTIOQUIA,Occidente,ROTOR,,
20504200028111,C. E. R. CARMEN FERRER,205042000281,I. E. R. NURQUI,5042,SANTA FE DE ANTIOQUIA,Occidente,ROTOR,,
20504200028116,C. E. R. COLORADOS,205042000281,I. E. R. NURQUI,5042,SANTA FE DE ANTIOQUIA,Occidente,ROTOR,,
20504200028112,C. E. R. EL CARMEN,205042000281,I. E. R. NURQUI,5042,SANTA FE DE ANTIOQUIA,Occidente,ROTOR,,
20504200028114,C. E. R. EL CHURIMBO,205042000281,I. E. R. NURQUI,5042,SANTA FE DE ANTIOQUIA,Occidente,ROTOR,,
20504200028107,C. E. R. EL SUELDO,205042000281,I. E. R. NURQUI,5042,SANTA FE DE ANTIOQUIA,Occidente,ROTOR,,
20504200028110,C. E. R. JESUS DEL CORRAL,205042000281,I. E. R. NURQUI,5042,SANTA FE DE ANTIOQUIA,Occidente,ROTOR,https://drive.google.com/file/d/1x9cWajR9jggohsx48rpQdTyeby6FPq44/view?usp=sharing,
20504200028115,C. E. R. LA MILAGROSA,205042000281,I. E. R. NURQUI,5042,SANTA FE DE ANTIOQUIA,Occidente,ROTOR,https://drive.google.com/file/d/1GAqJrWtNc6Ur114vZAoBuc_MKaFi_KlI/view?usp=sharing,
20504200028109,C. E. R. LAS AZULES,205042000281,I. E. R. NURQUI,5042,SANTA FE DE ANTIOQUIA,Occidente,ROTOR,,
20504200028102,C. E. R. MEDIA CUESTA,205042000281,I. E. R. NURQUI,5042,SANTA FE DE ANTIOQUIA,Occidente,ROTOR,,
20504200028103,C. E. R. SAN CARLOS,205042000281,I. E. R. NURQUI,5042,SANTA FE DE ANTIOQUIA,Occidente,ROTOR,,
20504200028113,I. E. R. JESUS FERRER,205042000281,I. E. R. NURQUI,5042,SANTA FE DE ANTIOQUIA,Occidente,ROTOR,,
20504200028104,I. E. R. LA MARIANA,205042000281,I. E. R. NURQUI,5042,SANTA FE DE ANTIOQUIA,Occidente,ROTOR,,
20504200028108,I. E. R. MANUEL MARIA TORO,205042000281,I. E. R. NURQUI,5042,SANTA FE DE ANTIOQUIA,Occidente,ROTOR,,
20504200028101,I. E. R. NURQUI,205042000281,I. E. R. NURQUI,5042,SANTA FE DE ANTIOQUIA,Occidente,ROTOR,,
20504200028117,SABANETA,205042000281,I. E. R. NURQUI,5042,SANTA FE DE ANTIOQUIA,Occidente,ROTOR,,
10504200018006,C. E. R. EL TUNAL,105042000180,I. E. SAN LUIS GONZAGA,5042,SANTA FE DE ANTIOQUIA,Occidente,ROTOR,,
10504200018005,C. E. R. JUAN MARIA VARGAS CORREA,105042000180,I. E. SAN LUIS GONZAGA,5042,SANTA FE DE ANTIOQUIA,Occidente,ROTOR,,
10504200018004,C. E. R. SANTA INES,105042000180,I. E. SAN LUIS GONZAGA,5042,SANTA FE DE ANTIOQUIA,Occidente,ROTOR,https://drive.google.com/file/d/1dGfzQFNws_i22fGOvTfSokQb5LcZo6pa/view?usp=sharing,
10504200018003,E U JORGE ROBLEDO,105042000180,I. E. SAN LUIS GONZAGA,5042,SANTA FE DE ANTIOQUIA,Occidente,ROTOR,https://drive.google.com/file/d/1jjniHFkHIWV4yLE5FLRGk86F7f7KNDwt/view?usp=sharing,
10504200018002,E U MARIANO LOPERA,105042000180,I. E. SAN LUIS GONZAGA,5042,SANTA FE DE ANTIOQUIA,Occidente,ROTOR,,
10504200018001,LICEO SAN LUIS GONZAGA,105042000180,I. E. SAN LUIS GONZAGA,5042,SANTA FE DE ANTIOQUIA,Occidente,ROTOR,,
10576100029913,C. E. R. CORDOBA,105761000299,I. E. ESCUELA NORMAL SUPERIOR SANTA TERESITA,5761,SOPETRAN,Occidente,ROTOR,,
10576100029912,C. E. R. JUNTAS,105761000299,I. E. ESCUELA NORMAL SUPERIOR SANTA TERESITA,5761,SOPETRAN,Occidente,ROTOR,,
10576100029914,C. E. R. LA MIRANDA,105761000299,I. E. ESCUELA NORMAL SUPERIOR SANTA TERESITA,5761,SOPETRAN,Occidente,ROTOR,,
10576100029908,C. E. R. LA PUERTA,105761000299,I. E. ESCUELA NORMAL SUPERIOR SANTA TERESITA,5761,SOPETRAN,Occidente,ROTOR,,
10576100029907,C. E. R. LOS ALMENDROS,105761000299,I. E. ESCUELA NORMAL SUPERIOR SANTA TERESITA,5761,SOPETRAN,Occidente,ROTOR,,
10576100029911,C. E. R. SAN NICOLAS,105761000299,I. E. ESCUELA NORMAL SUPERIOR SANTA TERESITA,5761,SOPETRAN,Occidente,ROTOR,,
10576100029903,E R LA OTRABANDA,105761000299,I. E. ESCUELA NORMAL SUPERIOR SANTA TERESITA,5761,SOPETRAN,Occidente,ROTOR,https://drive.google.com/file/d/1gpph5JcJRsuLcdNTdvYrX30WooJIyvh6/view?usp=sharing,
10576100029902,E R TAFETANES,105761000299,I. E. ESCUELA NORMAL SUPERIOR SANTA TERESITA,5761,SOPETRAN,Occidente,ROTOR,https://drive.google.com/file/d/1CpOwpTzAgaHLLLwKfcJK2dNfvk2caW9b/view?usp=sharing,
10576100029915,E U FRANCISCO MEDINA PEREZ,105761000299,I. E. ESCUELA NORMAL SUPERIOR SANTA TERESITA,5761,SOPETRAN,Occidente,ROTOR,https://drive.google.com/file/d/1HxfGaL6dEUs9AOznHz6X40w0n3H841Oc/view?usp=sharing,
10576100029901,ESCUELA NORMAL SUPERIOR SANTA TERESITA,105761000299,I. E. ESCUELA NORMAL SUPERIOR SANTA TERESITA,5761,SOPETRAN,Occidente,ROTOR,https://drive.google.com/file/d/18mvOIcGH8S3Zzw45Cn14rHPrwe0Hw232/view?usp=sharing,
10576100029906,GUAIMARAL,105761000299,I. E. ESCUELA NORMAL SUPERIOR SANTA TERESITA,5761,SOPETRAN,Occidente,ROTOR,,
10576100029910,I. E. R. EL RODEO,105761000299,I. E. ESCUELA NORMAL SUPERIOR SANTA TERESITA,5761,SOPETRAN,Occidente,ROTOR,https://drive.google.com/file/d/1zOi80zZ1DqbBWu0CKCS3TeaS_sHpHyao/view?usp=sharing,
10576100032921,C. E. R.  FILO GRANDE,105761000329,I. E. JOSE MARIA VILLA,5761,SOPETRAN,Occidente,ROTOR,,
10576100032911,C. E. R. CHACHAFRUTO,105761000329,I. E. JOSE MARIA VILLA,5761,SOPETRAN,Occidente,ROTOR,,
10576100032915,C. E. R. EL POMAR,105761000329,I. E. JOSE MARIA VILLA,5761,SOPETRAN,Occidente,ROTOR,,
10576100032904,C. E. R. FILO DEL MEDIO,105761000329,I. E. JOSE MARIA VILLA,5761,SOPETRAN,Occidente,ROTOR,,
10576100032906,C. E. R. LA AGUADA,105761000329,I. E. JOSE MARIA VILLA,5761,SOPETRAN,Occidente,ROTOR,,
10576100032910,C. E. R. LOS POMOS,105761000329,I. E. JOSE MARIA VILLA,5761,SOPETRAN,Occidente,ROTOR,,
10576100032909,C. E. R. LOURDES,105761000329,I. E. JOSE MARIA VILLA,5761,SOPETRAN,Occidente,ROTOR,,
10576100032919,C. E. R. MARIA ANGELINA HERRERA VELEZ,105761000329,I. E. JOSE MARIA VILLA,5761,SOPETRAN,Occidente,ROTOR,,
10576100032913,C. E. R. MORRON,105761000329,I. E. JOSE MARIA VILLA,5761,SOPETRAN,Occidente,ROTOR,,
10576100032918,C. E. R. PALOGRANDE,105761000329,I. E. JOSE MARIA VILLA,5761,SOPETRAN,Occidente,ROTOR,https://drive.google.com/file/d/1a7FRgogOR4H4WaIvwz7QuW0BGyiy6CmF/view?usp=sharing,
10576100032908,C. E. R. ROJAS,105761000329,I. E. JOSE MARIA VILLA,5761,SOPETRAN,Occidente,ROTOR,,
10576100032920,C. E. R. SANTA RITA,105761000329,I. E. JOSE MARIA VILLA,5761,SOPETRAN,Occidente,ROTOR,,
10576100032917,C.E.R. EL SAUCE,105761000329,I. E. JOSE MARIA VILLA,5761,SOPETRAN,Occidente,ROTOR,,
10576100032923,C.E.R. LA ISLETA,105761000329,I. E. JOSE MARIA VILLA,5761,SOPETRAN,Occidente,ROTOR,,
10576100032922,C.E.R. LOMA DEL MEDIO,105761000329,I. E. JOSE MARIA VILLA,5761,SOPETRAN,Occidente,ROTOR,,
10576100032901,COLEGIO JOSE MARIA VILLA,105761000329,I. E. JOSE MARIA VILLA,5761,SOPETRAN,Occidente,ROTOR,,
10576100032902,E U MARCO FIDEL SUAREZ,105761000329,I. E. JOSE MARIA VILLA,5761,SOPETRAN,Occidente,ROTOR,,
10576100032905,I. E. R. MONTEGRANDE,105761000329,I. E. JOSE MARIA VILLA,5761,SOPETRAN,Occidente,ROTOR,,
10576100032914,I. E. R. SANTA BARBARA,105761000329,I. E. JOSE MARIA VILLA,5761,SOPETRAN,Occidente,ROTOR,,
10576100032916,I.E.R.HORIZONTES,105761000329,I. E. JOSE MARIA VILLA,5761,SOPETRAN,Occidente,ROTOR,,
20584200042508,C. E. R.  EL CALICHE,205842000425,C. E. R. AURELIANO HURTADO,5842,URAMITA,Occidente,ROTOR,,
20584200042501,C. E. R. AURELIANO HURTADO,205842000425,C. E. R. AURELIANO HURTADO,5842,URAMITA,Occidente,ROTOR,,
20584200042507,C. E. R. CARMEN E BETANCUR,205842000425,C. E. R. AURELIANO HURTADO,5842,URAMITA,Occidente,ROTOR,,
20584200042504,C. E. R. EL MADERO,205842000425,C. E. R. AURELIANO HURTADO,5842,URAMITA,Occidente,ROTOR,,
20584200042503,C. E. R. EL PALON,205842000425,C. E. R. AURELIANO HURTADO,5842,URAMITA,Occidente,ROTOR,,
20584200042505,C. E. R. EL UVO,205842000425,C. E. R. AURELIANO HURTADO,5842,URAMITA,Occidente,ROTOR,,
20584200042506,C. E. R. LA MESETA,205842000425,C. E. R. AURELIANO HURTADO,5842,URAMITA,Occidente,ROTOR,,
20584200042502,C. E. R. PARAMILLO,205842000425,C. E. R. AURELIANO HURTADO,5842,URAMITA,Occidente,ROTOR,https://drive.google.com/file/d/1mMKca0ix5vS47mi720QNE0HjF0m8tyu7/view?usp=sharing,
10584200038222,C. E. R. ALTO DE SAN BENITO,105842000382,I. E. SAN JOSE,5842,URAMITA,Occidente,ROTOR,https://drive.google.com/file/d/1Lln8P-DxH2k6L4-ole1kW5DRyJztWAN_/view?usp=sharing,
10584200038228,C. E. R. ALTO DEL PITAL,105842000382,I. E. SAN JOSE,5842,URAMITA,Occidente,ROTOR,,
10584200038210,C. E. R. AMBALEMA BAJA,105842000382,I. E. SAN JOSE,5842,URAMITA,Occidente,ROTOR,https://drive.google.com/file/d/1iLOWMKRgVx0GO36OgPit_gqdT4rYjZLk/view?usp=sharing,
10584200038223,C. E. R. CHUPADERO,105842000382,I. E. SAN JOSE,5842,URAMITA,Occidente,ROTOR,https://drive.google.com/file/d/1WCGzzoj825v1cbyPGIXcVDZvJM5vCX5J/view?usp=sharing,
10584200038220,C. E. R. COMINAL,105842000382,I. E. SAN JOSE,5842,URAMITA,Occidente,ROTOR,https://drive.google.com/file/d/1SOL4MiQ71IFPQ3jeT06a7AeiZKqfpoTP/view?usp=sharing,
10584200038213,C. E. R. EL CAUNCE,105842000382,I. E. SAN JOSE,5842,URAMITA,Occidente,ROTOR,,
10584200038203,C. E. R. EL COROZO,105842000382,I. E. SAN JOSE,5842,URAMITA,Occidente,ROTOR,https://drive.google.com/file/d/1Aq2EpZOr9_gBAWTBxoP01lprzvOCqeHS/view?usp=sharing,
10584200038205,C. E. R. EL LIMON,105842000382,I. E. SAN JOSE,5842,URAMITA,Occidente,ROTOR,,
10584200038212,C. E. R. EL PITAL,105842000382,I. E. SAN JOSE,5842,URAMITA,Occidente,ROTOR,,
10584200038226,C. E. R. EL RETIRO,105842000382,I. E. SAN JOSE,5842,URAMITA,Occidente,ROTOR,,
10584200038207,C. E. R. ENCALICHADA,105842000382,I. E. SAN JOSE,5842,URAMITA,Occidente,ROTOR,https://drive.google.com/file/d/1djzyMRbYlRPzGXwiN_ulK3JvfrB3CwmU/view?usp=sharing,
10584200038231,C. E. R. FRONTINITO,105842000382,I. E. SAN JOSE,5842,URAMITA,Occidente,ROTOR,,
10584200038219,C. E. R. LA CABAÑA,105842000382,I. E. SAN JOSE,5842,URAMITA,Occidente,ROTOR,,
10584200038215,C. E. R. LA CIENAGA,105842000382,I. E. SAN JOSE,5842,URAMITA,Occidente,ROTOR,,
10584200038224,C. E. R. MEDIA CUESTA,105842000382,I. E. SAN JOSE,5842,URAMITA,Occidente,ROTOR,,
10584200038214,C. E. R. MONOS,105842000382,I. E. SAN JOSE,5842,URAMITA,Occidente,ROTOR,https://drive.google.com/file/d/1ZTrTz_cEZtPh5gsImzX0qwHmOFmRYHnA/view?usp=sharing,
10584200038206,C. E. R. MURRAPAL,105842000382,I. E. SAN JOSE,5842,URAMITA,Occidente,ROTOR,https://drive.google.com/file/d/129vgqavcb8uWKLYEBUeUdJZYNj3Qgwsz/view?usp=sharing,
10584200038217,C. E. R. NUDILLALES,105842000382,I. E. SAN JOSE,5842,URAMITA,Occidente,ROTOR,,
10584200038208,C. E. R. OROBAJO,105842000382,I. E. SAN JOSE,5842,URAMITA,Occidente,ROTOR,,
10584200038202,C. E. R. PEÑAS BLANCAS,105842000382,I. E. SAN JOSE,5842,URAMITA,Occidente,ROTOR,,
10584200038227,C. E. R. PORFIRIO BARBA JACOB,105842000382,I. E. SAN JOSE,5842,URAMITA,Occidente,ROTOR,,
10584200038216,C. E. R. SAN BENITO,105842000382,I. E. SAN JOSE,5842,URAMITA,Occidente,ROTOR,,
10584200038204,C. E. R. SAN FRANCISCO,105842000382,I. E. SAN JOSE,5842,URAMITA,Occidente,ROTOR,https://drive.google.com/file/d/1BqWrUcKQZA8gHhpinoco3fyBqa_Drp3d/view?usp=sharing,
10584200038225,C. E. R. TRAVESIAS,105842000382,I. E. SAN JOSE,5842,URAMITA,Occidente,ROTOR,,
10584200038230,C.E.R EL BALCON,105842000382,I. E. SAN JOSE,5842,URAMITA,Occidente,ROTOR,,
10584200038229,C.E.R EL LLANO,105842000382,I. E. SAN JOSE,5842,URAMITA,Occidente,ROTOR,,
10584200038201,I. E. SAN JOSE,105842000382,I. E. SAN JOSE,5842,URAMITA,Occidente,ROTOR,,
10500200005512,C. E. R. AURES,105002000055,I. E. MANUEL CANUTO RESTREPO,5002,ABEJORRAL,Oriente,FRATERNIDAD MEDELLÍN CTA,https://drive.google.com/file/d/1TyHMNumNNOFR-uCzCxxvUI8K0hezu3NF/view?usp=sharing,
10500200005517,C. E. R. AURES - EL SILENCIO,105002000055,I. E. MANUEL CANUTO RESTREPO,5002,ABEJORRAL,Oriente,FRATERNIDAD MEDELLÍN CTA,,
10500200005514,C. E. R. EL CARMELO,105002000055,I. E. MANUEL CANUTO RESTREPO,5002,ABEJORRAL,Oriente,FRATERNIDAD MEDELLÍN CTA,,
10500200005504,C. E. R. FRANCISCO BETANCUR,105002000055,I. E. MANUEL CANUTO RESTREPO,5002,ABEJORRAL,Oriente,FRATERNIDAD MEDELLÍN CTA,,
10500200005505,C. E. R. GABRIEL ARANGO M,105002000055,I. E. MANUEL CANUTO RESTREPO,5002,ABEJORRAL,Oriente,FRATERNIDAD MEDELLÍN CTA,,
10500200005511,C. E. R. JORGE JARAMILLO HENAO,105002000055,I. E. MANUEL CANUTO RESTREPO,5002,ABEJORRAL,Oriente,FRATERNIDAD MEDELLÍN CTA,https://drive.google.com/file/d/1sQcezEHgwjyDIDQ4lURtg64Qi7htcjzV/view?usp=sharing,
10500200005508,C. E. R. JOSE ANTONIO VILLEGAS,105002000055,I. E. MANUEL CANUTO RESTREPO,5002,ABEJORRAL,Oriente,FRATERNIDAD MEDELLÍN CTA,,
10500200005506,C. E. R. LA LOMA,105002000055,I. E. MANUEL CANUTO RESTREPO,5002,ABEJORRAL,Oriente,FRATERNIDAD MEDELLÍN CTA,https://drive.google.com/file/d/1e-El4eu15efvVKMMvihZAKy-kp7QxwhJ/view?usp=sharing,
10500200005509,C. E. R. LA POLKA,105002000055,I. E. MANUEL CANUTO RESTREPO,5002,ABEJORRAL,Oriente,FRATERNIDAD MEDELLÍN CTA,,
10500200005503,C. E. R. LOS RASTROJOS,105002000055,I. E. MANUEL CANUTO RESTREPO,5002,ABEJORRAL,Oriente,FRATERNIDAD MEDELLÍN CTA,https://drive.google.com/file/d/1JeIkzm-XwMK4dHV_B4HNHIxbhIyej5Nc/view?usp=sharing,
10500200005507,C. E. R. QUEBRADONA ABAJO,105002000055,I. E. MANUEL CANUTO RESTREPO,5002,ABEJORRAL,Oriente,FRATERNIDAD MEDELLÍN CTA,https://drive.google.com/file/d/16sDfx5mDsn8tJFqPgDLvt7M3Ev57RM-5/view?usp=sharing,
10500200005513,C. E. R. RAFAELA GUTIERREZ DE JARAMILLO,105002000055,I. E. MANUEL CANUTO RESTREPO,5002,ABEJORRAL,Oriente,FRATERNIDAD MEDELLÍN CTA,,
10500200005515,E R JULIAN COCK ARANGO,105002000055,I. E. MANUEL CANUTO RESTREPO,5002,ABEJORRAL,Oriente,FRATERNIDAD MEDELLÍN CTA,https://drive.google.com/file/d/156SsGqQD4hDqLhOM_nFKwij4S988R2YA/view?usp=sharing,
10500200005518,ESCUELA DOCTOR DIONISIO ARANGO MEJÍA,105002000055,I. E. MANUEL CANUTO RESTREPO,5002,ABEJORRAL,Oriente,FRATERNIDAD MEDELLÍN CTA,https://drive.google.com/file/d/11EWWbLRNjOpmNWLu3jQl08vzlUIi53ha/view?usp=sharing,
10500200005501,I. E. MANUEL CANUTO RESTREPO,105002000055,I. E. MANUEL CANUTO RESTREPO,5002,ABEJORRAL,Oriente,FRATERNIDAD MEDELLÍN CTA,,
10500200005502,I. E. PEDRO PABLO RAMIREZ,105002000055,I. E. MANUEL CANUTO RESTREPO,5002,ABEJORRAL,Oriente,FRATERNIDAD MEDELLÍN CTA,,
20500200061108,C. E. R. ANTONIO DUQUE JIMENEZ,205002000611,I. E. R. ZOILA DUQUE BAENA,5002,ABEJORRAL,Oriente,FRATERNIDAD MEDELLÍN CTA,https://drive.google.com/file/d/1vpXmegpYpAk8O8oUT-MTCSB_aZrtrA2g/view?usp=sharing,
20500200061103,C. E. R. ELIAS GUTIERREZ JIMENEZ,205002000611,I. E. R. ZOILA DUQUE BAENA,5002,ABEJORRAL,Oriente,FRATERNIDAD MEDELLÍN CTA,https://drive.google.com/file/d/1onRoeh5N65UVe5nC1fDmQG-wDgsgMZQB/view?usp=sharing,
20500200061105,C. E. R. JESUSITA JIMENEZ,205002000611,I. E. R. ZOILA DUQUE BAENA,5002,ABEJORRAL,Oriente,FRATERNIDAD MEDELLÍN CTA,,
20500200061106,C. E. R. LA PRIMAVERA,205002000611,I. E. R. ZOILA DUQUE BAENA,5002,ABEJORRAL,Oriente,FRATERNIDAD MEDELLÍN CTA,,
20500200061102,C. E. R. MARIA RESTREPO DE RESTREPO,205002000611,I. E. R. ZOILA DUQUE BAENA,5002,ABEJORRAL,Oriente,FRATERNIDAD MEDELLÍN CTA,https://drive.google.com/file/d/1KnVSOPZ3ng-IDx19eFcG_1R6qY8ZtBoO/view?usp=sharing,
20500200061107,C. E. R. MORROGORDO,205002000611,I. E. R. ZOILA DUQUE BAENA,5002,ABEJORRAL,Oriente,FRATERNIDAD MEDELLÍN CTA,https://drive.google.com/file/d/1pxqoEg-A2MMdGH26nDouAv0PsVhW_HXj/view?usp=sharing,
20500200061104,C. E. R. RAFAEL NARANJO VILLEGAS,205002000611,I. E. R. ZOILA DUQUE BAENA,5002,ABEJORRAL,Oriente,FRATERNIDAD MEDELLÍN CTA,https://drive.google.com/file/d/1Rh7yF8zHDIXX5Q8dq5_5tCQw3AcI2muv/view?usp=sharing,
20500200061110,C. E. R. SAN JOSE,205002000611,I. E. R. ZOILA DUQUE BAENA,5002,ABEJORRAL,Oriente,FRATERNIDAD MEDELLÍN CTA,,
20500200061111,C. E. R. SAN VICENTE,205002000611,I. E. R. ZOILA DUQUE BAENA,5002,ABEJORRAL,Oriente,FRATERNIDAD MEDELLÍN CTA,,
20500200061109,C. E. R. SANTA ANA,205002000611,I. E. R. ZOILA DUQUE BAENA,5002,ABEJORRAL,Oriente,FRATERNIDAD MEDELLÍN CTA,https://drive.google.com/file/d/1Ni-CpIPeWbMsnD9Ii6jxJMEWJTqsEIC_/view?usp=sharing,
20500200061112,C.E.R. PEDRO PABLO BETANCUR,205002000611,I. E. R. ZOILA DUQUE BAENA,5002,ABEJORRAL,Oriente,FRATERNIDAD MEDELLÍN CTA,https://drive.google.com/file/d/1R6SflhxVJ3CZfEJZ7raX3N8R_pnsutEH/view?usp=sharing,
20500200061101,I. E. R. ZOILA DUQUE BAENA,205002000611,I. E. R. ZOILA DUQUE BAENA,5002,ABEJORRAL,Oriente,FRATERNIDAD MEDELLÍN CTA,https://drive.google.com/file/d/1P91szoXro8wlnOxsQJ8O_ZkOzkMr9Wnh/view?usp=sharing,
10500200016103,C. E. R. CLODOMIRO RAMIREZ,105002000161,INSTITUCION EDUCATIVA ESCUELA NORMAL SUPERIOR DE ABEJORRAL,5002,ABEJORRAL,Oriente,FRATERNIDAD MEDELLÍN CTA,,
10500200016108,C. E. R. DR EDUARDO PELAEZ,105002000161,INSTITUCION EDUCATIVA ESCUELA NORMAL SUPERIOR DE ABEJORRAL,5002,ABEJORRAL,Oriente,FRATERNIDAD MEDELLÍN CTA,,
10500200016105,C. E. R. LA LABOR,105002000161,INSTITUCION EDUCATIVA ESCUELA NORMAL SUPERIOR DE ABEJORRAL,5002,ABEJORRAL,Oriente,FRATERNIDAD MEDELLÍN CTA,https://drive.google.com/file/d/1aRj5jpaIJoz-D1X_bQ2SohHvvXChN72l/view?usp=sharing,
10500200016107,C. E. R. SAN BARTOLOME,105002000161,INSTITUCION EDUCATIVA ESCUELA NORMAL SUPERIOR DE ABEJORRAL,5002,ABEJORRAL,Oriente,FRATERNIDAD MEDELLÍN CTA,,
10500200016104,C. E. R. SAN TADEO,105002000161,INSTITUCION EDUCATIVA ESCUELA NORMAL SUPERIOR DE ABEJORRAL,5002,ABEJORRAL,Oriente,FRATERNIDAD MEDELLÍN CTA,https://drive.google.com/file/d/1nkzRODpCtDrF_0gevDFY0WpZYWEXnH2r/view?usp=sharing,
10500200016106,C. E. R. ZOILA GARCIA DE GUZMAN,105002000161,INSTITUCION EDUCATIVA ESCUELA NORMAL SUPERIOR DE ABEJORRAL,5002,ABEJORRAL,Oriente,FRATERNIDAD MEDELLÍN CTA,https://drive.google.com/file/d/1vHOH4ogvDCjKl7sj7q_ko8ZNuHusYc0L/view?usp=sharing,
10500200016101,I. E. ESCUELA NORMAL SUPERIOR DE ABEJORRAL,105002000161,INSTITUCION EDUCATIVA ESCUELA NORMAL SUPERIOR DE ABEJORRAL,5002,ABEJORRAL,Oriente,FRATERNIDAD MEDELLÍN CTA,https://drive.google.com/file/d/1Yd1ovi5y4jRVN4jkKRy7odiREjqkzl2d/view?usp=sharing,
10500200004703,ALTAMIRA,105002000047,INSTITUCION EDUCATIVA FUNDACION CELIA DUQUE DE DUQUE,5002,ABEJORRAL,Oriente,FRATERNIDAD MEDELLÍN CTA,https://drive.google.com/file/d/1WFvXI7ZlMvpujVHsGoBUpTq8yqUGJO8e/view?usp=sharing,
10500200004710,CARLOS VILLEGAS,105002000047,INSTITUCION EDUCATIVA FUNDACION CELIA DUQUE DE DUQUE,5002,ABEJORRAL,Oriente,FRATERNIDAD MEDELLÍN CTA,,
10500200004704,CAUNZAL,105002000047,INSTITUCION EDUCATIVA FUNDACION CELIA DUQUE DE DUQUE,5002,ABEJORRAL,Oriente,FRATERNIDAD MEDELLÍN CTA,,
10500200004712,COLMENAS,105002000047,INSTITUCION EDUCATIVA FUNDACION CELIA DUQUE DE DUQUE,5002,ABEJORRAL,Oriente,FRATERNIDAD MEDELLÍN CTA,https://drive.google.com/file/d/1n7gC4WY-kFoV713Oc25XmBU-XicRHZz5/view?usp=sharing,
10500200004716,EL GRANADILLO,105002000047,INSTITUCION EDUCATIVA FUNDACION CELIA DUQUE DE DUQUE,5002,ABEJORRAL,Oriente,FRATERNIDAD MEDELLÍN CTA,,
10500200004706,EL GUADUAL,105002000047,INSTITUCION EDUCATIVA FUNDACION CELIA DUQUE DE DUQUE,5002,ABEJORRAL,Oriente,FRATERNIDAD MEDELLÍN CTA,,
10500200004702,FELIX GARCIA RAMIREZ,105002000047,INSTITUCION EDUCATIVA FUNDACION CELIA DUQUE DE DUQUE,5002,ABEJORRAL,Oriente,FRATERNIDAD MEDELLÍN CTA,,
10500200004701,I. E. FUNDACION CELIA DUQUE DE DUQUE,105002000047,INSTITUCION EDUCATIVA FUNDACION CELIA DUQUE DE DUQUE,5002,ABEJORRAL,Oriente,FRATERNIDAD MEDELLÍN CTA,,
10500200004705,JOSE DE LA CRUZ RESTREPO,105002000047,INSTITUCION EDUCATIVA FUNDACION CELIA DUQUE DE DUQUE,5002,ABEJORRAL,Oriente,FRATERNIDAD MEDELLÍN CTA,https://drive.google.com/file/d/1UOd0DldFA24wqoBxZvRJ93o7BlXuhWjN/view?usp=sharing,
10500200004718,JUAN DE J PELAEZ LONDOÑO,105002000047,INSTITUCION EDUCATIVA FUNDACION CELIA DUQUE DE DUQUE,5002,ABEJORRAL,Oriente,FRATERNIDAD MEDELLÍN CTA,,
10500200004714,LA ESPERANZA,105002000047,INSTITUCION EDUCATIVA FUNDACION CELIA DUQUE DE DUQUE,5002,ABEJORRAL,Oriente,FRATERNIDAD MEDELLÍN CTA,https://drive.google.com/file/d/1hHQGOlEKfzDtB6fBk3tvaicWW87WtGHD/view?usp=sharing,
10500200004717,LA VICTORIA,105002000047,INSTITUCION EDUCATIVA FUNDACION CELIA DUQUE DE DUQUE,5002,ABEJORRAL,Oriente,FRATERNIDAD MEDELLÍN CTA,,
10500200004715,PURIMA,105002000047,INSTITUCION EDUCATIVA FUNDACION CELIA DUQUE DE DUQUE,5002,ABEJORRAL,Oriente,FRATERNIDAD MEDELLÍN CTA,,
10500200004707,RITA BOTERO,105002000047,INSTITUCION EDUCATIVA FUNDACION CELIA DUQUE DE DUQUE,5002,ABEJORRAL,Oriente,FRATERNIDAD MEDELLÍN CTA,https://drive.google.com/file/d/1EqqcwSsa6oSTQodXG-G8pOzvrTqCzDua/view?usp=sharing,
10500200004709,SAN LUIS,105002000047,INSTITUCION EDUCATIVA FUNDACION CELIA DUQUE DE DUQUE,5002,ABEJORRAL,Oriente,FRATERNIDAD MEDELLÍN CTA,,
10500200004713,SANTA CATALINA,105002000047,INSTITUCION EDUCATIVA FUNDACION CELIA DUQUE DE DUQUE,5002,ABEJORRAL,Oriente,FRATERNIDAD MEDELLÍN CTA,https://drive.google.com/file/d/1hyRyTX_bVvnS9f9VFfnw8GK5wdoE2pCa/view?usp=sharing,
10500200004708,SANTIAGO BETANCUR,105002000047,INSTITUCION EDUCATIVA FUNDACION CELIA DUQUE DE DUQUE,5002,ABEJORRAL,Oriente,FRATERNIDAD MEDELLÍN CTA,,
10500200004711,VILLA INES,105002000047,INSTITUCION EDUCATIVA FUNDACION CELIA DUQUE DE DUQUE,5002,ABEJORRAL,Oriente,FRATERNIDAD MEDELLÍN CTA,,
20500200077707,CALIFORNIA,205002000777,INSTITUCIÓN EDUCATIVA RURAL PANTANILLO,5002,ABEJORRAL,Oriente,FRATERNIDAD MEDELLÍN CTA,,
20500200077703,EL VESUBIO,205002000777,INSTITUCIÓN EDUCATIVA RURAL PANTANILLO,5002,ABEJORRAL,Oriente,FRATERNIDAD MEDELLÍN CTA,,
20500200077701,I. E. R. PANTANILLO,205002000777,INSTITUCIÓN EDUCATIVA RURAL PANTANILLO,5002,ABEJORRAL,Oriente,FRATERNIDAD MEDELLÍN CTA,https://drive.google.com/file/d/13hfnzlBjlqbsmrZxs3TNeKYkHV6TA-ct/view?usp=sharing,
20500200077706,INES GUZMAN,205002000777,INSTITUCIÓN EDUCATIVA RURAL PANTANILLO,5002,ABEJORRAL,Oriente,FRATERNIDAD MEDELLÍN CTA,,
20500200077710,JOAQUINA DUQUE BAENA,205002000777,INSTITUCIÓN EDUCATIVA RURAL PANTANILLO,5002,ABEJORRAL,Oriente,FRATERNIDAD MEDELLÍN CTA,https://drive.google.com/file/d/1sQcYEWCOW88oo0wvl2NHdEyKcex0-PiY/view?usp=sharing,
20500200077702,JOAQUINA GUTIERREZ,205002000777,INSTITUCIÓN EDUCATIVA RURAL PANTANILLO,5002,ABEJORRAL,Oriente,FRATERNIDAD MEDELLÍN CTA,,
20500200077708,LA SAMARIA,205002000777,INSTITUCIÓN EDUCATIVA RURAL PANTANILLO,5002,ABEJORRAL,Oriente,FRATERNIDAD MEDELLÍN CTA,,
20500200077711,LUISA DUQUE DE ARANGO,205002000777,INSTITUCIÓN EDUCATIVA RURAL PANTANILLO,5002,ABEJORRAL,Oriente,FRATERNIDAD MEDELLÍN CTA,,
20500200077704,MANUEL CANUTO RESTREPO,205002000777,INSTITUCIÓN EDUCATIVA RURAL PANTANILLO,5002,ABEJORRAL,Oriente,FRATERNIDAD MEDELLÍN CTA,,
20500200077709,MARCIAL NARANJO,205002000777,INSTITUCIÓN EDUCATIVA RURAL PANTANILLO,5002,ABEJORRAL,Oriente,FRATERNIDAD MEDELLÍN CTA,,
20500200077705,ROSA ARANGO DE RAMIREZ,205002000777,INSTITUCIÓN EDUCATIVA RURAL PANTANILLO,5002,ABEJORRAL,Oriente,FRATERNIDAD MEDELLÍN CTA,,
20500200077712,SAN BERNARDO,205002000777,INSTITUCIÓN EDUCATIVA RURAL PANTANILLO,5002,ABEJORRAL,Oriente,FRATERNIDAD MEDELLÍN CTA,https://drive.google.com/file/d/1N5LcrHq8b6Kr0TYph8bdO_AduVCn8bHp/view?usp=sharing,
20500200077713,SOTAYAC,205002000777,INSTITUCIÓN EDUCATIVA RURAL PANTANILLO,5002,ABEJORRAL,Oriente,FRATERNIDAD MEDELLÍN CTA,,
10502100013914,CRUCES,105021000139,I. E. PROCESA DELGADO,5021,ALEJANDRIA,Oriente,FRATERNIDAD MEDELLÍN CTA,https://drive.google.com/file/d/1c5Ub4nxPeciyGbRAw2zQPiLUubfBt4tJ/view?usp=sharing,
10502100013902,E U PROCESA DELGADO,105021000139,I. E. PROCESA DELGADO,5021,ALEJANDRIA,Oriente,FRATERNIDAD MEDELLÍN CTA,https://drive.google.com/file/d/1brhAxG6uP8NMXUejXC4WHuDYQ68vzyPH/view?usp=sharing,
10502100013912,EL CERRO,105021000139,I. E. PROCESA DELGADO,5021,ALEJANDRIA,Oriente,FRATERNIDAD MEDELLÍN CTA,,
10502100013904,EL POPO,105021000139,I. E. PROCESA DELGADO,5021,ALEJANDRIA,Oriente,FRATERNIDAD MEDELLÍN CTA,https://drive.google.com/file/d/1RzsgppVs-qNDCiVroeZ3cA8QEvOHp35c/view?usp=sharing,
10502100013911,EL RESPALDO,105021000139,I. E. PROCESA DELGADO,5021,ALEJANDRIA,Oriente,FRATERNIDAD MEDELLÍN CTA,https://drive.google.com/file/d/1kZ_LpnZDbem8GPZKfYFcAC09kX5rSJwY/view?usp=sharing,
10502100013915,FLOR MARINA VARGAS VALENCIA LA PAVA,105021000139,I. E. PROCESA DELGADO,5021,ALEJANDRIA,Oriente,FRATERNIDAD MEDELLÍN CTA,https://drive.google.com/file/d/1zV45aJZTZDfLAs2UlKeVImYadb4VvXMh/view?usp=sharing,
10502100013906,LA INMACULADA,105021000139,I. E. PROCESA DELGADO,5021,ALEJANDRIA,Oriente,FRATERNIDAD MEDELLÍN CTA,,
10502100013901,LICEO DE ALEJANDRIA,105021000139,I. E. PROCESA DELGADO,5021,ALEJANDRIA,Oriente,FRATERNIDAD MEDELLÍN CTA,,
10502100013905,PIEDRAS ABAJO,105021000139,I. E. PROCESA DELGADO,5021,ALEJANDRIA,Oriente,FRATERNIDAD MEDELLÍN CTA,https://drive.google.com/file/d/1HRJpdTa_y-y4SoC7rRTDSQlg7KLSVHCO/view?usp=sharing,
10502100013909,SAN JOSE,105021000139,I. E. PROCESA DELGADO,5021,ALEJANDRIA,Oriente,FRATERNIDAD MEDELLÍN CTA,,
10502100013908,SAN LORENZO,105021000139,I. E. PROCESA DELGADO,5021,ALEJANDRIA,Oriente,FRATERNIDAD MEDELLÍN CTA,,
10502100013907,SAN MIGUELITO,105021000139,I. E. PROCESA DELGADO,5021,ALEJANDRIA,Oriente,FRATERNIDAD MEDELLÍN CTA,https://drive.google.com/file/d/1a8gcMjdOhS7fejaAYkIPfIRvxJtH0BcZ/view?usp=sharing,
10502100013903,TOCAIMA,105021000139,I. E. PROCESA DELGADO,5021,ALEJANDRIA,Oriente,FRATERNIDAD MEDELLÍN CTA,https://drive.google.com/file/d/1b8sQSyaXbVboTS27GAkd7o3JtcGk8IQQ/view?usp=sharing,
20505500028103,C. E. R. CONCEPCION CARDONA,205055000281,I. E. R. PRESBITERO MARIO ANGEL,5055,ARGELIA,Oriente,FRATERNIDAD MEDELLÍN CTA,,
20505500028124,C. E. R. EL CABUYO,205055000281,I. E. R. PRESBITERO MARIO ANGEL,5055,ARGELIA,Oriente,FRATERNIDAD MEDELLÍN CTA,https://drive.google.com/file/d/14HMg3mGgZNKvZ2-pQLcYNADbovspn3RV/view?usp=sharing,
20505500028125,C. E. R. EL DIAMANTE,205055000281,I. E. R. PRESBITERO MARIO ANGEL,5055,ARGELIA,Oriente,FRATERNIDAD MEDELLÍN CTA,,
20505500028109,C. E. R. EL FRESNITO,205055000281,I. E. R. PRESBITERO MARIO ANGEL,5055,ARGELIA,Oriente,FRATERNIDAD MEDELLÍN CTA,https://drive.google.com/file/d/1ab1yv_5JBezznbrLlsH85YBBrGputjui/view?usp=sharing,
20505500028105,C. E. R. EL GUADUAL,205055000281,I. E. R. PRESBITERO MARIO ANGEL,5055,ARGELIA,Oriente,FRATERNIDAD MEDELLÍN CTA,,
20505500028122,C. E. R. EL PITAL,205055000281,I. E. R. PRESBITERO MARIO ANGEL,5055,ARGELIA,Oriente,FRATERNIDAD MEDELLÍN CTA,,
20505500028123,C. E. R. EL PLAN,205055000281,I. E. R. PRESBITERO MARIO ANGEL,5055,ARGELIA,Oriente,FRATERNIDAD MEDELLÍN CTA,,
20505500028120,C. E. R. EL RECREO,205055000281,I. E. R. PRESBITERO MARIO ANGEL,5055,ARGELIA,Oriente,FRATERNIDAD MEDELLÍN CTA,,
20505500028113,C. E. R. EZEQUIEL NARVAEZ,205055000281,I. E. R. PRESBITERO MARIO ANGEL,5055,ARGELIA,Oriente,FRATERNIDAD MEDELLÍN CTA,,
20505500028114,C. E. R. GUILLERMO VALENCIA TISNEZ,205055000281,I. E. R. PRESBITERO MARIO ANGEL,5055,ARGELIA,Oriente,FRATERNIDAD MEDELLÍN CTA,,
20505500028112,C. E. R. HELIODORO ZULUAGA GOMEZ,205055000281,I. E. R. PRESBITERO MARIO ANGEL,5055,ARGELIA,Oriente,FRATERNIDAD MEDELLÍN CTA,https://drive.google.com/file/d/1WNVHUvZOZCkS-AvEnvYxyZ-lCJDUJTrm/view?usp=sharing,
20505500028116,C. E. R. LA ARBOLEDA,205055000281,I. E. R. PRESBITERO MARIO ANGEL,5055,ARGELIA,Oriente,FRATERNIDAD MEDELLÍN CTA,,
20505500028121,C. E. R. LA PLATA,205055000281,I. E. R. PRESBITERO MARIO ANGEL,5055,ARGELIA,Oriente,FRATERNIDAD MEDELLÍN CTA,,
20505500028106,C. E. R. LA PRIMAVERA,205055000281,I. E. R. PRESBITERO MARIO ANGEL,5055,ARGELIA,Oriente,FRATERNIDAD MEDELLÍN CTA,https://drive.google.com/file/d/19M6FlqhdibFlzzEMa-NZVCbnzuOnsF-T/view?usp=sharing,
20505500028119,C. E. R. LA QUIEBRA RIONEGRITO,205055000281,I. E. R. PRESBITERO MARIO ANGEL,5055,ARGELIA,Oriente,FRATERNIDAD MEDELLÍN CTA,,
20505500028102,C. E. R. MAURICIO BOTERO,205055000281,I. E. R. PRESBITERO MARIO ANGEL,5055,ARGELIA,Oriente,FRATERNIDAD MEDELLÍN CTA,https://drive.google.com/file/d/1DdXxaa6VCOFAThyHNV1lSyGLCRELoYRL/view?usp=sharing,
20505500028115,C. E. R. PRESBITERO MARCO ANTONIO DUQUE,205055000281,I. E. R. PRESBITERO MARIO ANGEL,5055,ARGELIA,Oriente,FRATERNIDAD MEDELLÍN CTA,,
20505500028104,C. E. R. RANCHO LARGO,205055000281,I. E. R. PRESBITERO MARIO ANGEL,5055,ARGELIA,Oriente,FRATERNIDAD MEDELLÍN CTA,https://drive.google.com/file/d/1AZHZkmGlen3GHGcwiQqgffnxdhm2Wbs4/view?usp=sharing,
20505500028118,C. E. R. SAN AGUSTIN,205055000281,I. E. R. PRESBITERO MARIO ANGEL,5055,ARGELIA,Oriente,FRATERNIDAD MEDELLÍN CTA,https://drive.google.com/file/d/1liSB9PfWWllG830BTBsuGDIJFBY0WU2M/view?usp=sharing,
20505500028111,C. E. R. SAN JULIAN,205055000281,I. E. R. PRESBITERO MARIO ANGEL,5055,ARGELIA,Oriente,FRATERNIDAD MEDELLÍN CTA,,
20505500028110,C. E. R. SAN LUIS,205055000281,I. E. R. PRESBITERO MARIO ANGEL,5055,ARGELIA,Oriente,FRATERNIDAD MEDELLÍN CTA,,
20505500028107,C. E. R. SAN PABLO,205055000281,I. E. R. PRESBITERO MARIO ANGEL,5055,ARGELIA,Oriente,FRATERNIDAD MEDELLÍN CTA,https://drive.google.com/file/d/1aTeKR4B_sX2tIMPs-2oszLrBO5mWqBu_/view?usp=sharing,
20505500028117,C. E. R. SANTA TERESA,205055000281,I. E. R. PRESBITERO MARIO ANGEL,5055,ARGELIA,Oriente,FRATERNIDAD MEDELLÍN CTA,,
20505500028108,C. E. R. SIMEON LOPEZ,205055000281,I. E. R. PRESBITERO MARIO ANGEL,5055,ARGELIA,Oriente,FRATERNIDAD MEDELLÍN CTA,,
20505500028101,I. E. R. PRESBITERO MARIO ANGEL,205055000281,I. E. R. PRESBITERO MARIO ANGEL,5055,ARGELIA,Oriente,FRATERNIDAD MEDELLÍN CTA,https://drive.google.com/file/d/11PkFNnTPV79dO9XXsjfrRAaBiIjdxo9k/view?usp=sharing,
10505500002219,ANA DE LA SAGRADA FAMILIA,105055000022,I. E. SANTA TERESA,5055,ARGELIA,Oriente,FRATERNIDAD MEDELLÍN CTA,https://drive.google.com/file/d/1CJJ-D80R1gjcQ14DtUdh4BtkMkUXGYd-/view?usp=sharing,
10505500002244,C. E. R. BUENAVISTA,105055000022,I. E. SANTA TERESA,5055,ARGELIA,Oriente,FRATERNIDAD MEDELLÍN CTA,https://drive.google.com/file/d/19nnaHOxwIWxaCnsOsrBXBMJOwGy_kiDk/view?usp=sharing,
10505500002234,C. E. R. BUENOS AIRES,105055000022,I. E. SANTA TERESA,5055,ARGELIA,Oriente,FRATERNIDAD MEDELLÍN CTA,,
10505500002242,C. E. R. CARLOS ARCILA,105055000022,I. E. SANTA TERESA,5055,ARGELIA,Oriente,FRATERNIDAD MEDELLÍN CTA,,
10505500002238,C. E. R. DIVINO NIÑO,105055000022,I. E. SANTA TERESA,5055,ARGELIA,Oriente,FRATERNIDAD MEDELLÍN CTA,,
10505500002240,C. E. R. EL BOSQUE,105055000022,I. E. SANTA TERESA,5055,ARGELIA,Oriente,FRATERNIDAD MEDELLÍN CTA,,
10505500002239,C. E. R. EL BUGIO,105055000022,I. E. SANTA TERESA,5055,ARGELIA,Oriente,FRATERNIDAD MEDELLÍN CTA,,
10505500002243,C. E. R. EL CAFE,105055000022,I. E. SANTA TERESA,5055,ARGELIA,Oriente,FRATERNIDAD MEDELLÍN CTA,,
10505500002231,C. E. R. EL ROSARIO,105055000022,I. E. SANTA TERESA,5055,ARGELIA,Oriente,FRATERNIDAD MEDELLÍN CTA,https://drive.google.com/file/d/1WwkJ7ioyZ2yAW_QNZoW2CIVIhlXMe1iQ/view?usp=sharing,
10505500002217,C. E. R. EL TESORO,105055000022,I. E. SANTA TERESA,5055,ARGELIA,Oriente,FRATERNIDAD MEDELLÍN CTA,,
10505500002235,C. E. R. LA MANUELA,105055000022,I. E. SANTA TERESA,5055,ARGELIA,Oriente,FRATERNIDAD MEDELLÍN CTA,,
10505500002236,C. E. R. LA REINA,105055000022,I. E. SANTA TERESA,5055,ARGELIA,Oriente,FRATERNIDAD MEDELLÍN CTA,,
10505500002213,C. E. R. MARIA AUXILIADORA,105055000022,I. E. SANTA TERESA,5055,ARGELIA,Oriente,FRATERNIDAD MEDELLÍN CTA,https://drive.google.com/file/d/1zHCtzp_ZYXP5nhAXzIhccKIUiRy6202e/view?usp=sharing,
10505500002233,C. E. R. MESONES,105055000022,I. E. SANTA TERESA,5055,ARGELIA,Oriente,FRATERNIDAD MEDELLÍN CTA,,
10505500002214,C. E. R. SAN ANDRES,105055000022,I. E. SANTA TERESA,5055,ARGELIA,Oriente,FRATERNIDAD MEDELLÍN CTA,https://drive.google.com/file/d/19Kxb8M7KWWBm-XQBz1-9PhwSFNUY8Cf_/view?usp=sharing,
10505500002241,C. E. R. SANTA INES,105055000022,I. E. SANTA TERESA,5055,ARGELIA,Oriente,FRATERNIDAD MEDELLÍN CTA,,
10505500002204,C. E. R. TABANALES,105055000022,I. E. SANTA TERESA,5055,ARGELIA,Oriente,FRATERNIDAD MEDELLÍN CTA,,
10505500002237,C.E.R. EL PERU,105055000022,I. E. SANTA TERESA,5055,ARGELIA,Oriente,FRATERNIDAD MEDELLÍN CTA,,
10505500002232,C.E.R. GUADUALITO,105055000022,I. E. SANTA TERESA,5055,ARGELIA,Oriente,FRATERNIDAD MEDELLÍN CTA,https://drive.google.com/file/d/12RdL-hyimpkCtVL2NY_-B6IGkUhe2yFU/view?usp=sharing,
10505500002201,I. E. SANTA TERESA,105055000022,I. E. SANTA TERESA,5055,ARGELIA,Oriente,FRATERNIDAD MEDELLÍN CTA,,
10505500002221,SEDE  ALTOS DE SAMANA ,105055000022,I. E. SANTA TERESA,5055,ARGELIA,Oriente,FRATERNIDAD MEDELLÍN CTA,,
10514800030802,COLEGIO NOCTURNO EL CARMEN,105148000308,I. E. FRAY JULIO TOBON B.,5148,CARMEN DE VIBORAL,Oriente,FRATERNIDAD MEDELLÍN CTA,,
10514800030805,COMANDANTE IGNACIO GALLO,105148000308,I. E. FRAY JULIO TOBON B.,5148,CARMEN DE VIBORAL,Oriente,FRATERNIDAD MEDELLÍN CTA,https://drive.google.com/file/d/14pmAVmxPypx0wTDupRFCmdqRg9lU3i4Q/view?usp=sharing,
10514800030806,CRISTO REY,105148000308,I. E. FRAY JULIO TOBON B.,5148,CARMEN DE VIBORAL,Oriente,FRATERNIDAD MEDELLÍN CTA,https://drive.google.com/file/d/1D7QU5risfqSSXnJCxH9GYVkz4mj6Bnfm/view?usp=sharing,
10514800030803,E U EL CARMEN,105148000308,I. E. FRAY JULIO TOBON B.,5148,CARMEN DE VIBORAL,Oriente,FRATERNIDAD MEDELLÍN CTA,https://drive.google.com/file/d/1hVc2gEV-UuUTICCqs_NxBq1LiVjenuCE/view?usp=sharing,
10514800030801,I. E. FRAY JULIO TOBON,105148000308,I. E. FRAY JULIO TOBON B.,5148,CARMEN DE VIBORAL,Oriente,FRATERNIDAD MEDELLÍN CTA,,
10514800030804,SAMARIA,105148000308,I. E. FRAY JULIO TOBON B.,5148,CARMEN DE VIBORAL,Oriente,FRATERNIDAD MEDELLÍN CTA,https://drive.google.com/file/d/18W2di2QJlz-eErqV4Wub-9rmBq4XgYkf/view?usp=sharing,
20514800058206,C. E. R. EL CERRO,205148000582,I. E. SANTA MARIA,5148,CARMEN DE VIBORAL,Oriente,FRATERNIDAD MEDELLÍN CTA,https://drive.google.com/file/d/1iDPXFjDksBcMY3lb7CNM6Uo8eBDgmAo_/view?usp=sharing,
20514800058204,C. E. R. LA MILAGROSA,205148000582,I. E. SANTA MARIA,5148,CARMEN DE VIBORAL,Oriente,FRATERNIDAD MEDELLÍN CTA,,
20514800058205,C. E. R. LA SONADORA,205148000582,I. E. SANTA MARIA,5148,CARMEN DE VIBORAL,Oriente,FRATERNIDAD MEDELLÍN CTA,https://drive.google.com/file/d/13F6LxqbLJOI4cctO_duXxxnthfiTZfrb/view?usp=sharing,
20514800058203,C. E. R. QUIRAMA,205148000582,I. E. SANTA MARIA,5148,CARMEN DE VIBORAL,Oriente,FRATERNIDAD MEDELLÍN CTA,https://drive.google.com/file/d/1W5nCTZWkL9cd8QqDPrVTUN_x5TorEsom/view?usp=sharing,
20514800058202,E U PEDRO A URIBE,205148000582,I. E. SANTA MARIA,5148,CARMEN DE VIBORAL,Oriente,FRATERNIDAD MEDELLÍN CTA,https://drive.google.com/file/d/1BCQrElic4of66qx01O1FLSauUO5Ub_xz/view?usp=sharing,
20514800058201,I.E.R SANTA MARIA,205148000582,I. E. SANTA MARIA,5148,CARMEN DE VIBORAL,Oriente,FRATERNIDAD MEDELLÍN CTA,,
10514800024304,C. E. R. ALTO GRANDE,105148000243,I. E. TECNICO INDUSTRIAL JORGE ELIECER GAITAN,5148,CARMEN DE VIBORAL,Oriente,FRATERNIDAD MEDELLÍN CTA,https://drive.google.com/file/d/1fFVZhzhJ7K_4c9-FTgGyif5Ium2Af3Gs/view?usp=sharing,
10514800024305,C. E. R. LA PALMA,105148000243,I. E. TECNICO INDUSTRIAL JORGE ELIECER GAITAN,5148,CARMEN DE VIBORAL,Oriente,FRATERNIDAD MEDELLÍN CTA,https://drive.google.com/file/d/16gZfYgyLdOEz3Id2yUhqOKp-bCoYykRR/view?usp=sharing,
10514800024303,E U MARCO TULIO DUQUE,105148000243,I. E. TECNICO INDUSTRIAL JORGE ELIECER GAITAN,5148,CARMEN DE VIBORAL,Oriente,FRATERNIDAD MEDELLÍN CTA,https://drive.google.com/file/d/1myKai9GgohROBa1GpvDvGn9Z5WJVg56Q/view?usp=sharing,
10514800024301,INSTITUTO TECNICO INDUSTRIAL JORGE ELIECER GAITAN - CARMEN DE V.,105148000243,I. E. TECNICO INDUSTRIAL JORGE ELIECER GAITAN,5148,CARMEN DE VIBORAL,Oriente,FRATERNIDAD MEDELLÍN CTA,,
10514800100203,C. E. R. BETANIA,105148001002,I.E. EL PROGRESO,5148,CARMEN DE VIBORAL,Oriente,FRATERNIDAD MEDELLÍN CTA,https://drive.google.com/file/d/1e-WAqnX0v4Ju57crvC37xgKSTEsuFXAe/view?usp=sharing,
10514800100204,C. E. R. CAMARGO,105148001002,I.E. EL PROGRESO,5148,CARMEN DE VIBORAL,Oriente,FRATERNIDAD MEDELLÍN CTA,https://drive.google.com/file/d/1qDOhna8gvBEfFITTb1gL-oaM4ByxgDAJ/view?usp=sharing,
10514800100202,C. E. R. CAMPO ALEGRE,105148001002,I.E. EL PROGRESO,5148,CARMEN DE VIBORAL,Oriente,FRATERNIDAD MEDELLÍN CTA,https://drive.google.com/file/d/1aOWR_4nZUaQDHD7-Pckr96rtxyTV9BrC/view?usp=sharing,
10514800100201,I.E. EL PROGRESO,105148001002,I.E. EL PROGRESO,5148,CARMEN DE VIBORAL,Oriente,FRATERNIDAD MEDELLÍN CTA,https://drive.google.com/file/d/1e60uALRbrdbBhm3nsTBGhUdbLHTNxmtB/view?usp=sharing,
20514800046903,C. E. R. ALDANA ABAJO,205148000469,INSTITUCION EDUCATIVA RURAL LA AURORA,5148,CARMEN DE VIBORAL,Oriente,FRATERNIDAD MEDELLÍN CTA,https://drive.google.com/file/d/1VdI_n1Y1vrE1-LWEPIiMATmy1LR9JHJ4/view?usp=sharing,
20514800046904,C. E. R. CORONEL JOSE DOMINGO GALLO,205148000469,INSTITUCION EDUCATIVA RURAL LA AURORA,5148,CARMEN DE VIBORAL,Oriente,FRATERNIDAD MEDELLÍN CTA,,
20514800046902,CENTRO EDUCATIVO RURAL LA RIVERA,205148000469,INSTITUCION EDUCATIVA RURAL LA AURORA,5148,CARMEN DE VIBORAL,Oriente,FRATERNIDAD MEDELLÍN CTA,https://drive.google.com/file/d/1tXAqfJOMFA0WV7bDfLPE2NNxq801oS2C/view?usp=sharing,
20514800046901,I. E.R. LA AURORA,205148000469,INSTITUCION EDUCATIVA RURAL LA AURORA,5148,CARMEN DE VIBORAL,Oriente,FRATERNIDAD MEDELLÍN CTA,https://drive.google.com/file/d/1o3_SkmqzNzFMC6miSJgkYIACkaBy59vx/view?usp=sharing,
10514800086312,BELÉN CHAVERRAS,105148000863,INSTITUCIÓN EDUCATIVA RURAL CAMPESTRE NUEVO HORIZONTE,5148,CARMEN DE VIBORAL,Oriente,FRATERNIDAD MEDELLÍN CTA,,
10514800086308,C. E. R. BOQUERON,105148000863,INSTITUCIÓN EDUCATIVA RURAL CAMPESTRE NUEVO HORIZONTE,5148,CARMEN DE VIBORAL,Oriente,FRATERNIDAD MEDELLÍN CTA,https://drive.google.com/file/d/19zPVx4NKS5WJXoqnZ3KikE6VupyEG0D5/view?usp=sharing,
10514800086307,C. E. R. DOS QUEBRADAS,105148000863,INSTITUCIÓN EDUCATIVA RURAL CAMPESTRE NUEVO HORIZONTE,5148,CARMEN DE VIBORAL,Oriente,FRATERNIDAD MEDELLÍN CTA,,
10514800086306,C. E. R. LA AGUADA,105148000863,INSTITUCIÓN EDUCATIVA RURAL CAMPESTRE NUEVO HORIZONTE,5148,CARMEN DE VIBORAL,Oriente,FRATERNIDAD MEDELLÍN CTA,,
10514800086302,C. E. R. LA FLORIDA,105148000863,INSTITUCIÓN EDUCATIVA RURAL CAMPESTRE NUEVO HORIZONTE,5148,CARMEN DE VIBORAL,Oriente,FRATERNIDAD MEDELLÍN CTA,https://drive.google.com/file/d/1r9y_BBGzzFZba8qa0Lx5LhEtEYACalYM/view?usp=sharing,
10514800086305,C. E. R. LOS CORALES,105148000863,INSTITUCIÓN EDUCATIVA RURAL CAMPESTRE NUEVO HORIZONTE,5148,CARMEN DE VIBORAL,Oriente,FRATERNIDAD MEDELLÍN CTA,,
10514800086309,C. E. R. MADERA JUAN NICOLAS,105148000863,INSTITUCIÓN EDUCATIVA RURAL CAMPESTRE NUEVO HORIZONTE,5148,CARMEN DE VIBORAL,Oriente,FRATERNIDAD MEDELLÍN CTA,,
10514800086311,C. E. R. MAZORCAL,105148000863,INSTITUCIÓN EDUCATIVA RURAL CAMPESTRE NUEVO HORIZONTE,5148,CARMEN DE VIBORAL,Oriente,FRATERNIDAD MEDELLÍN CTA,,
10514800086304,C. E. R. MORROS,105148000863,INSTITUCIÓN EDUCATIVA RURAL CAMPESTRE NUEVO HORIZONTE,5148,CARMEN DE VIBORAL,Oriente,FRATERNIDAD MEDELLÍN CTA,,
10514800086310,C. E. R. SAN LORENZO,105148000863,INSTITUCIÓN EDUCATIVA RURAL CAMPESTRE NUEVO HORIZONTE,5148,CARMEN DE VIBORAL,Oriente,FRATERNIDAD MEDELLÍN CTA,,
10514800086303,C. E. R. VALLEJUELITO,105148000863,INSTITUCIÓN EDUCATIVA RURAL CAMPESTRE NUEVO HORIZONTE,5148,CARMEN DE VIBORAL,Oriente,FRATERNIDAD MEDELLÍN CTA,,
10514800086322,CENTRO EDUCATIVO RURAL EL BRASIL,105148000863,INSTITUCIÓN EDUCATIVA RURAL CAMPESTRE NUEVO HORIZONTE,5148,CARMEN DE VIBORAL,Oriente,FRATERNIDAD MEDELLÍN CTA,,
10514800086313,EL CIPRÉS,105148000863,INSTITUCIÓN EDUCATIVA RURAL CAMPESTRE NUEVO HORIZONTE,5148,CARMEN DE VIBORAL,Oriente,FRATERNIDAD MEDELLÍN CTA,https://drive.google.com/file/d/11twI2ph6Ex4LlHSG7HyXGb2lrZEsTYnh/view?usp=sharing,
10514800086314,EL PORVENIR,105148000863,INSTITUCIÓN EDUCATIVA RURAL CAMPESTRE NUEVO HORIZONTE,5148,CARMEN DE VIBORAL,Oriente,FRATERNIDAD MEDELLÍN CTA,,
10514800086301,I. E. R. CAMPESTRE NUEVO HORIZONTE,105148000863,INSTITUCIÓN EDUCATIVA RURAL CAMPESTRE NUEVO HORIZONTE,5148,CARMEN DE VIBORAL,Oriente,FRATERNIDAD MEDELLÍN CTA,https://drive.google.com/file/d/1PtPSwaLwi5dBOFBLCE2RU7M9YVPf7JTG/view?usp=sharing,
10514800086315,LA CRISTALINA,105148000863,INSTITUCIÓN EDUCATIVA RURAL CAMPESTRE NUEVO HORIZONTE,5148,CARMEN DE VIBORAL,Oriente,FRATERNIDAD MEDELLÍN CTA,,
10514800086316,LA ESPERANZA,105148000863,INSTITUCIÓN EDUCATIVA RURAL CAMPESTRE NUEVO HORIZONTE,5148,CARMEN DE VIBORAL,Oriente,FRATERNIDAD MEDELLÍN CTA,https://drive.google.com/file/d/1Z_S3zY700HTkMuzGL0jO_4DvTfTarTJT/view?usp=sharing,
10514800086317,LA LINDA,105148000863,INSTITUCIÓN EDUCATIVA RURAL CAMPESTRE NUEVO HORIZONTE,5148,CARMEN DE VIBORAL,Oriente,FRATERNIDAD MEDELLÍN CTA,,
10514800086318,LA REPRESA,105148000863,INSTITUCIÓN EDUCATIVA RURAL CAMPESTRE NUEVO HORIZONTE,5148,CARMEN DE VIBORAL,Oriente,FRATERNIDAD MEDELLÍN CTA,,
10514800086319,MIRASOL,105148000863,INSTITUCIÓN EDUCATIVA RURAL CAMPESTRE NUEVO HORIZONTE,5148,CARMEN DE VIBORAL,Oriente,FRATERNIDAD MEDELLÍN CTA,https://drive.google.com/file/d/139AKrXjvD-4jjHHd-v3UEx0nn-5tebiE/view?usp=sharing,
10514800086324,SAN JOSE,105148000863,INSTITUCIÓN EDUCATIVA RURAL CAMPESTRE NUEVO HORIZONTE,5148,CARMEN DE VIBORAL,Oriente,FRATERNIDAD MEDELLÍN CTA,,
10514800086320,SANTA INES,105148000863,INSTITUCIÓN EDUCATIVA RURAL CAMPESTRE NUEVO HORIZONTE,5148,CARMEN DE VIBORAL,Oriente,FRATERNIDAD MEDELLÍN CTA,https://drive.google.com/file/d/1xCHZyGr_ZDkbr2tb593WtckJXYDlOf4y/view?usp=sharing,
10514800086321,SANTA RITA,105148000863,INSTITUCIÓN EDUCATIVA RURAL CAMPESTRE NUEVO HORIZONTE,5148,CARMEN DE VIBORAL,Oriente,FRATERNIDAD MEDELLÍN CTA,,
20519700020216,ALTO DE LA VIRGEN,205197000202,C. E. R. LA MILAGROSA,5197,COCORNA,Oriente,FRATERNIDAD MEDELLÍN CTA,https://drive.google.com/file/d/1qrfyfOeDfWZdfjwCyh0mkyWHjPMkCWn5/view?usp=sharing,
20519700020211,C. E. R. CAMPO ALEGRE,205197000202,C. E. R. LA MILAGROSA,5197,COCORNA,Oriente,FRATERNIDAD MEDELLÍN CTA,https://drive.google.com/file/d/10WtAjhpfZ3yVaulv2C2kqBeATNC59ZRN/view?usp=sharing,
20519700020217,C. E. R. EL JORDAN,205197000202,C. E. R. LA MILAGROSA,5197,COCORNA,Oriente,FRATERNIDAD MEDELLÍN CTA,,
20519700020208,C. E. R. EL TESORO,205197000202,C. E. R. LA MILAGROSA,5197,COCORNA,Oriente,FRATERNIDAD MEDELLÍN CTA,https://drive.google.com/file/d/1ztlyAnOEyYD64Kglrgck0izfrQP6mbKk/view?usp=sharing,
20519700020203,C. E. R. EL VIAHO,205197000202,C. E. R. LA MILAGROSA,5197,COCORNA,Oriente,FRATERNIDAD MEDELLÍN CTA,https://drive.google.com/file/d/15HxI5IPjkCgo9b9mnHsGOFKahQy6dzhz/view?usp=sharing,
20519700020215,C. E. R. LA CHORRERA,205197000202,C. E. R. LA MILAGROSA,5197,COCORNA,Oriente,FRATERNIDAD MEDELLÍN CTA,,
20519700020206,C. E. R. LA INMACULADA,205197000202,C. E. R. LA MILAGROSA,5197,COCORNA,Oriente,FRATERNIDAD MEDELLÍN CTA,https://drive.google.com/file/d/15YtBoqmQ6CPxiJ9nlAq621wlpMVRnNIu/view?usp=sharing,
20519700020201,C. E. R. LA MILAGROSA,205197000202,C. E. R. LA MILAGROSA,5197,COCORNA,Oriente,FRATERNIDAD MEDELLÍN CTA,,
20519700020204,C. E. R. LA PLACETA,205197000202,C. E. R. LA MILAGROSA,5197,COCORNA,Oriente,FRATERNIDAD MEDELLÍN CTA,https://drive.google.com/file/d/1QtH-yAaGbTTwTuGsVYN8nBUmAbM8U6fG/view?usp=sharing,
20519700020202,C. E. R. LA TRINIDAD,205197000202,C. E. R. LA MILAGROSA,5197,COCORNA,Oriente,FRATERNIDAD MEDELLÍN CTA,,
20519700020207,C. E. R. LAS MERCEDES,205197000202,C. E. R. LA MILAGROSA,5197,COCORNA,Oriente,FRATERNIDAD MEDELLÍN CTA,https://drive.google.com/file/d/1iKY29umol1qImDuWrGylNAaCuuhLuryB/view?usp=sharing,
20519700020209,C. E. R. SAN JOSE,205197000202,C. E. R. LA MILAGROSA,5197,COCORNA,Oriente,FRATERNIDAD MEDELLÍN CTA,,
20519700020213,C. E. R. SANTA BARBARA,205197000202,C. E. R. LA MILAGROSA,5197,COCORNA,Oriente,FRATERNIDAD MEDELLÍN CTA,,
20519700068709,AGUALINDA,205197000687,C. E. R. PAILANIA,5197,COCORNA,Oriente,FRATERNIDAD MEDELLÍN CTA,,
20519700068701,C. E. R. PAILANIA,205197000687,C. E. R. PAILANIA,5197,COCORNA,Oriente,FRATERNIDAD MEDELLÍN CTA,https://drive.google.com/file/d/1B1veiTqEpgfLl_WDgyXrVbgn5S37BWfa/view?usp=sharing,
20519700068702,CEBADEROS,205197000687,C. E. R. PAILANIA,5197,COCORNA,Oriente,FRATERNIDAD MEDELLÍN CTA,https://drive.google.com/file/d/1HysU7OImJ2aFACHw8odRYO11X7gJjdmW/view?usp=sharing,
20519700068703,EL HIGUERON,205197000687,C. E. R. PAILANIA,5197,COCORNA,Oriente,FRATERNIDAD MEDELLÍN CTA,,
20519700068705,EL PORVENIR LA FLORIDA,205197000687,C. E. R. PAILANIA,5197,COCORNA,Oriente,FRATERNIDAD MEDELLÍN CTA,,
20519700068706,EL ROBLAL,205197000687,C. E. R. PAILANIA,5197,COCORNA,Oriente,FRATERNIDAD MEDELLÍN CTA,,
20519700068715,GUAYABAL,205197000687,C. E. R. PAILANIA,5197,COCORNA,Oriente,FRATERNIDAD MEDELLÍN CTA,,
20519700068717,LA FLORIDA,205197000687,C. E. R. PAILANIA,5197,COCORNA,Oriente,FRATERNIDAD MEDELLÍN CTA,,
20519700068711,LA GRANJA,205197000687,C. E. R. PAILANIA,5197,COCORNA,Oriente,FRATERNIDAD MEDELLÍN CTA,,
20519700068707,LA TOLDA,205197000687,C. E. R. PAILANIA,5197,COCORNA,Oriente,FRATERNIDAD MEDELLÍN CTA,,
20519700068708,LA VETA,205197000687,C. E. R. PAILANIA,5197,COCORNA,Oriente,FRATERNIDAD MEDELLÍN CTA,,
20519700068710,LOS LIMONES,205197000687,C. E. R. PAILANIA,5197,COCORNA,Oriente,FRATERNIDAD MEDELLÍN CTA,,
20519700068716,PALMIRITA,205197000687,C. E. R. PAILANIA,5197,COCORNA,Oriente,FRATERNIDAD MEDELLÍN CTA,https://drive.google.com/file/d/1ES-ugcOXhddBfBMCil_Gm3jyhb4wpIF0/view?usp=sharing,
20519700068712,SAN MARTIN,205197000687,C. E. R. PAILANIA,5197,COCORNA,Oriente,FRATERNIDAD MEDELLÍN CTA,https://drive.google.com/file/d/1aN4S0UjIVpPlPhvujIXNv3DP3RlV6m68/view?usp=sharing,
10519700016016, PRESBITERO MONSEÑOR ADOLFO DUQUE ARBELÁEZ,105197000160,I. E. COCORNA,5197,COCORNA,Oriente,FRATERNIDAD MEDELLÍN CTA,,
10519700016009,C. E. R. BUENOS AIRES,105197000160,I. E. COCORNA,5197,COCORNA,Oriente,FRATERNIDAD MEDELLÍN CTA,,
10519700016010,C. E. R. EL CHOCO,105197000160,I. E. COCORNA,5197,COCORNA,Oriente,FRATERNIDAD MEDELLÍN CTA,https://drive.google.com/file/d/1r5m_W4EBvrSXS2kk4Kxh_tnxwvNcwOE9/view?usp=sharing,
10519700016011,C. E. R. EL VIADAL,105197000160,I. E. COCORNA,5197,COCORNA,Oriente,FRATERNIDAD MEDELLÍN CTA,https://drive.google.com/file/d/1d_BXvhgBldyBSUXvwzsyGmZwS_R57hUA/view?usp=sharing,
10519700016012,C. E. R. LA CHONTA,105197000160,I. E. COCORNA,5197,COCORNA,Oriente,FRATERNIDAD MEDELLÍN CTA,https://drive.google.com/file/d/194eeiM0vL2cyA3Gjsf7ogJJJ2S9NxOZm/view?usp=sharing,
10519700016013,C. E. R. LA PEÑA,105197000160,I. E. COCORNA,5197,COCORNA,Oriente,FRATERNIDAD MEDELLÍN CTA,,
10519700016005,C. E. R. LA PLAYA,105197000160,I. E. COCORNA,5197,COCORNA,Oriente,FRATERNIDAD MEDELLÍN CTA,,
10519700016004,C. E. R. LAS CRUCES,105197000160,I. E. COCORNA,5197,COCORNA,Oriente,FRATERNIDAD MEDELLÍN CTA,https://drive.google.com/file/d/1LOgopkVjQvNCKwd4nw3huYbS7RBZFXAW/view?usp=sharing,
10519700016014,C. E. R. LOS POTREROS,105197000160,I. E. COCORNA,5197,COCORNA,Oriente,FRATERNIDAD MEDELLÍN CTA,https://drive.google.com/file/d/1k_pH8hpdd0QGlZTfuV3rnVTJA2OJifMb/view?usp=sharing,
10519700016006,C. E. R. MAZOTES,105197000160,I. E. COCORNA,5197,COCORNA,Oriente,FRATERNIDAD MEDELLÍN CTA,https://drive.google.com/file/d/1v9DZjNw7YnDKPNDiHTEP3Dpw3gULzfLo/view?usp=sharing,
10519700016008,C. E. R. SAN ANTONIO,105197000160,I. E. COCORNA,5197,COCORNA,Oriente,FRATERNIDAD MEDELLÍN CTA,,
10519700016015,C. E. R. SAN JUAN,105197000160,I. E. COCORNA,5197,COCORNA,Oriente,FRATERNIDAD MEDELLÍN CTA,https://drive.google.com/file/d/1akbTmh2_q92AZhC5T3WEcXZcqXJP5FL6/view?usp=sharing,
10519700016002,E U FELIPE SANTIAGO,105197000160,I. E. COCORNA,5197,COCORNA,Oriente,FRATERNIDAD MEDELLÍN CTA,,
10519700016003,E U JACKELINE LEFEBRE,105197000160,I. E. COCORNA,5197,COCORNA,Oriente,FRATERNIDAD MEDELLÍN CTA,https://drive.google.com/file/d/1daJXkKFrRdudkVAh2Y015JwyO-zABc9E/view?usp=sharing,
10519700016007,I.E.R EL MOLINO,105197000160,I. E. COCORNA,5197,COCORNA,Oriente,FRATERNIDAD MEDELLÍN CTA,https://drive.google.com/file/d/1Twf2EzZDpiyq5TyPmeFDKRfO6TqrRh2O/view?usp=sharing,
10519700016001,LICEO COCORNA,105197000160,I. E. COCORNA,5197,COCORNA,Oriente,FRATERNIDAD MEDELLÍN CTA,,
20519700005904,C. E. R. EL RECREO,205197000059,I. E. EVA TULIA QUINTERO DE TORO,5197,COCORNA,Oriente,FRATERNIDAD MEDELLÍN CTA,,
20519700005911,C. E. R. JESUS PASCUAL HENAO,205197000059,I. E. EVA TULIA QUINTERO DE TORO,5197,COCORNA,Oriente,FRATERNIDAD MEDELLÍN CTA,https://drive.google.com/file/d/1jf0jceTOPRfKuyDn5zvnF5QSo05rjx1M/view?usp=sharing,
20519700005915,C. E. R. LA PALMA,205197000059,I. E. EVA TULIA QUINTERO DE TORO,5197,COCORNA,Oriente,FRATERNIDAD MEDELLÍN CTA,,
20519700005905,C. E. R. LA QUIEBRA,205197000059,I. E. EVA TULIA QUINTERO DE TORO,5197,COCORNA,Oriente,FRATERNIDAD MEDELLÍN CTA,,
20519700005912,C. E. R. LOS CEDROS,205197000059,I. E. EVA TULIA QUINTERO DE TORO,5197,COCORNA,Oriente,FRATERNIDAD MEDELLÍN CTA,,
20519700005913,C. E. R. SAN LORENZO,205197000059,I. E. EVA TULIA QUINTERO DE TORO,5197,COCORNA,Oriente,FRATERNIDAD MEDELLÍN CTA,,
20519700005902,C. E. R. SAN VICENTE,205197000059,I. E. EVA TULIA QUINTERO DE TORO,5197,COCORNA,Oriente,FRATERNIDAD MEDELLÍN CTA,,
20519700005910,C. E. R. SANTO DOMINGO,205197000059,I. E. EVA TULIA QUINTERO DE TORO,5197,COCORNA,Oriente,FRATERNIDAD MEDELLÍN CTA,https://drive.google.com/file/d/1wLdAUVAn6cMEibONdLO3-6ohpmzbDO5M/view?usp=sharing,
20519700005901,I. E. EVA TULIA QUINTERO DE TORO,205197000059,I. E. EVA TULIA QUINTERO DE TORO,5197,COCORNA,Oriente,FRATERNIDAD MEDELLÍN CTA,https://drive.google.com/file/d/1uvdfKFGnrTSE8QVLZIyJ_vDyB5a7a_HQ/view?usp=sharing,
20519700005906,I. E. R. EL ENTABLADO,205197000059,I. E. EVA TULIA QUINTERO DE TORO,5197,COCORNA,Oriente,FRATERNIDAD MEDELLÍN CTA,,
20519700005903,I. E. R. EL RETIRO,205197000059,I. E. EVA TULIA QUINTERO DE TORO,5197,COCORNA,Oriente,FRATERNIDAD MEDELLÍN CTA,https://drive.google.com/file/d/1NE6oetJPqU0Q1ssTayjsCFW6Sc_OgYHl/view?usp=sharing,
20519700005907,I. E. R. EL SINAI,205197000059,I. E. EVA TULIA QUINTERO DE TORO,5197,COCORNA,Oriente,FRATERNIDAD MEDELLÍN CTA,,
20519700005908,I. E. R. MORRITOS,205197000059,I. E. EVA TULIA QUINTERO DE TORO,5197,COCORNA,Oriente,FRATERNIDAD MEDELLÍN CTA,https://drive.google.com/file/d/1lf1Inz_3HJdWrVt27mycVSpZX-FavjH9/view?usp=sharing,
20519700005909,I. E. R. SANTA CRUZ,205197000059,I. E. EVA TULIA QUINTERO DE TORO,5197,COCORNA,Oriente,FRATERNIDAD MEDELLÍN CTA,,
10520600018602,C. E. R. ARANGO,105206000186,I. E. PRESBITERO LIBARDO AGUIRRE DELGADO,5206,CONCEPCION,Oriente,FRATERNIDAD MEDELLÍN CTA,,
10520600018603,C. E. R. BARRO BLANCO,105206000186,I. E. PRESBITERO LIBARDO AGUIRRE DELGADO,5206,CONCEPCION,Oriente,FRATERNIDAD MEDELLÍN CTA,,
10520600018604,C. E. R. ESTHER GOMEZ ARIAS,105206000186,I. E. PRESBITERO LIBARDO AGUIRRE DELGADO,5206,CONCEPCION,Oriente,FRATERNIDAD MEDELLÍN CTA,https://drive.google.com/file/d/1xFBX2dkXAJqCd5KRHMiUGbODVR7Vx72u/view?usp=sharing,
10520600018605,C. E. R. JOSEFINA GOMEZ DE GARCIA,105206000186,I. E. PRESBITERO LIBARDO AGUIRRE DELGADO,5206,CONCEPCION,Oriente,FRATERNIDAD MEDELLÍN CTA,https://drive.google.com/file/d/1MPeZx9ajyat6vVhFCYmI0luum3Bf78ky/view?usp=sharing,
10520600018606,C. E. R. LA CEJITA,105206000186,I. E. PRESBITERO LIBARDO AGUIRRE DELGADO,5206,CONCEPCION,Oriente,FRATERNIDAD MEDELLÍN CTA,https://drive.google.com/file/d/1eQzlCC8EY_Na6gZGXjlimGnYNZm51kCX/view?usp=sharing,
10520600018607,C. E. R. LA SONADORA,105206000186,I. E. PRESBITERO LIBARDO AGUIRRE DELGADO,5206,CONCEPCION,Oriente,FRATERNIDAD MEDELLÍN CTA,https://drive.google.com/file/d/1LPtwptJpO6yC8UPIAonG0mi-rsZslRB_/view?usp=sharing,
10520600018608,C. E. R. LAS FRIAS,105206000186,I. E. PRESBITERO LIBARDO AGUIRRE DELGADO,5206,CONCEPCION,Oriente,FRATERNIDAD MEDELLÍN CTA,,
10520600018609,C. E. R. LUIS ENRIQUE CARVAJAL CALLEGO,105206000186,I. E. PRESBITERO LIBARDO AGUIRRE DELGADO,5206,CONCEPCION,Oriente,FRATERNIDAD MEDELLÍN CTA,,
10520600018611,C. E. R. PALMICHAL,105206000186,I. E. PRESBITERO LIBARDO AGUIRRE DELGADO,5206,CONCEPCION,Oriente,FRATERNIDAD MEDELLÍN CTA,,
10520600018612,C. E. R. PELAEZ,105206000186,I. E. PRESBITERO LIBARDO AGUIRRE DELGADO,5206,CONCEPCION,Oriente,FRATERNIDAD MEDELLÍN CTA,https://drive.google.com/file/d/17GFRAoC0wAcrj7PmwUofWZOfqBWHhw1L/view?usp=sharing,
10520600018613,C. E. R. REMANGO,105206000186,I. E. PRESBITERO LIBARDO AGUIRRE DELGADO,5206,CONCEPCION,Oriente,FRATERNIDAD MEDELLÍN CTA,,
10520600018614,C. E. R. ROSARIO ARISMENDY,105206000186,I. E. PRESBITERO LIBARDO AGUIRRE DELGADO,5206,CONCEPCION,Oriente,FRATERNIDAD MEDELLÍN CTA,,
10520600018621,C. E. R. SAN BARTOLOME,105206000186,I. E. PRESBITERO LIBARDO AGUIRRE DELGADO,5206,CONCEPCION,Oriente,FRATERNIDAD MEDELLÍN CTA,https://drive.google.com/file/d/14fkRLtv2tbI6FEDA-BXicPgFxWOJ8xkq/view?usp=sharing,
10520600018615,C. E. R. SAN JUAN ALTO LOS LLANOS,105206000186,I. E. PRESBITERO LIBARDO AGUIRRE DELGADO,5206,CONCEPCION,Oriente,FRATERNIDAD MEDELLÍN CTA,,
10520600018622,C. E. R. SAN JUAN LOS LLANOS,105206000186,I. E. PRESBITERO LIBARDO AGUIRRE DELGADO,5206,CONCEPCION,Oriente,FRATERNIDAD MEDELLÍN CTA,,
10520600018617,C. E. R. SAN PEDRO PEÑOL,105206000186,I. E. PRESBITERO LIBARDO AGUIRRE DELGADO,5206,CONCEPCION,Oriente,FRATERNIDAD MEDELLÍN CTA,https://drive.google.com/file/d/1nE7Uij2nzXO7zTeTDsNeUxTbaBpfIukU/view?usp=sharing,
10520600018618,C. E. R. SAN PEDRO PEÑOL PARTE ALTA,105206000186,I. E. PRESBITERO LIBARDO AGUIRRE DELGADO,5206,CONCEPCION,Oriente,FRATERNIDAD MEDELLÍN CTA,,
10520600018619,C. E. R. SANTA GERTRUDIS,105206000186,I. E. PRESBITERO LIBARDO AGUIRRE DELGADO,5206,CONCEPCION,Oriente,FRATERNIDAD MEDELLÍN CTA,,
10520600018601,I. E. PRESBITERO LIBARDO AGUIRRE,105206000186,I. E. PRESBITERO LIBARDO AGUIRRE DELGADO,5206,CONCEPCION,Oriente,FRATERNIDAD MEDELLÍN CTA,https://drive.google.com/file/d/1-lsAC6WCw0zL0991_zf6vA9ZtwvW5IgW/view?usp=sharing,
20554100022509,C. E. R. BONILLA,205541000225,C. E. R. GUAMITO,5541,EL PEÝOL,Oriente,FRATERNIDAD MEDELLÍN CTA,https://drive.google.com/file/d/1bg8znrsTwQD3qX3a77jyqmf-bDe5-A8J/view?usp=sharing,
20554100022507,C. E. R. CHIQUINQUIRA,205541000225,C. E. R. GUAMITO,5541,EL PEÝOL,Oriente,FRATERNIDAD MEDELLÍN CTA,,
20554100022502,C. E. R. CONCORDIA,205541000225,C. E. R. GUAMITO,5541,EL PEÝOL,Oriente,FRATERNIDAD MEDELLÍN CTA,https://drive.google.com/file/d/1QSzLCkFk4seugg9an40hpFvOc0MUAB4e/view?usp=sharing,
20554100022503,C. E. R. EL CARMELO,205541000225,C. E. R. GUAMITO,5541,EL PEÝOL,Oriente,FRATERNIDAD MEDELLÍN CTA,https://drive.google.com/file/d/1cJbWrqk9mdALihODKqedHlyS99CSUjkx/view?usp=sharing,
20554100022506,C. E. R. EL CHILCO,205541000225,C. E. R. GUAMITO,5541,EL PEÝOL,Oriente,FRATERNIDAD MEDELLÍN CTA,,
20554100022515,C. E. R. EL SALTO,205541000225,C. E. R. GUAMITO,5541,EL PEÝOL,Oriente,FRATERNIDAD MEDELLÍN CTA,,
20554100022501,C. E. R. GUAMITO,205541000225,C. E. R. GUAMITO,5541,EL PEÝOL,Oriente,FRATERNIDAD MEDELLÍN CTA,https://drive.google.com/file/d/1R8xdHW5f-q_1pl2aMFcoJ4I10Ea12koH/view?usp=sharing,
20554100022508,C. E. R. HORIZONTES,205541000225,C. E. R. GUAMITO,5541,EL PEÝOL,Oriente,FRATERNIDAD MEDELLÍN CTA,https://drive.google.com/file/d/1xpxAHRLbEJ_xvG3fKG8fbNELG_btdhB7/view?usp=sharing,
20554100022514,C. E. R. JESUS ANTONIO FRANCO,205541000225,C. E. R. GUAMITO,5541,EL PEÝOL,Oriente,FRATERNIDAD MEDELLÍN CTA,https://drive.google.com/file/d/1Hdke66Jox9vbIBFpshqiERIktXlOH1-M/view?usp=sharing,
20554100022511,C. E. R. LA ALIANZA,205541000225,C. E. R. GUAMITO,5541,EL PEÝOL,Oriente,FRATERNIDAD MEDELLÍN CTA,https://drive.google.com/file/d/1zxeqPi-_EiF6bUQms335PabHjHg4QFIA/view?usp=sharing,
20554100022504,C. E. R. LA HELIDA,205541000225,C. E. R. GUAMITO,5541,EL PEÝOL,Oriente,FRATERNIDAD MEDELLÍN CTA,https://drive.google.com/file/d/1NidihNhEG3qpvaCJQzx5F25iipKsMjgQ/view?usp=sharing,
20554100022505,C. E. R. LA MESETA,205541000225,C. E. R. GUAMITO,5541,EL PEÝOL,Oriente,FRATERNIDAD MEDELLÍN CTA,https://drive.google.com/file/d/15hkuiTRgL6zZY2lybGF6ZKGTjlKAJJSU/view?usp=sharing,
20554100022512,C. E. R. LA PALESTINA,205541000225,C. E. R. GUAMITO,5541,EL PEÝOL,Oriente,FRATERNIDAD MEDELLÍN CTA,,
20554100022513,C. E. R. LA PRIMAVERA,205541000225,C. E. R. GUAMITO,5541,EL PEÝOL,Oriente,FRATERNIDAD MEDELLÍN CTA,https://drive.google.com/file/d/1RdF8aVNQlzKsIIhhULFscHzi7JAoZa9Y/view?usp=sharing,
20554100022510,C. E. R. UVITAL,205541000225,C. E. R. GUAMITO,5541,EL PEÝOL,Oriente,FRATERNIDAD MEDELLÍN CTA,https://drive.google.com/file/d/1HX-iFfyhAypj9vDIayMkzmzh-2_CQIE9/view?usp=sharing,
10554100002601,I. E.  LEON XIII,105541000026,I. E. LEON XIII,5541,EL PEÝOL,Oriente,FRATERNIDAD MEDELLÍN CTA,https://drive.google.com/file/d/17_cAhcvn4Ueh6r4OVt0jIBoZgWlVIDVE/view?usp=sharing,
20554100040303,DESPENSAS,205541000403,INSTITUCION EDUCATIVA RURAL PALMIRA,5541,EL PEÝOL,Oriente,FRATERNIDAD MEDELLÍN CTA,https://drive.google.com/file/d/1GI2Pd8sDrDp7qTZu1H9qc23YrE7Xo2En/view?usp=sharing,
20554100040302,EL MARIAL,205541000403,INSTITUCION EDUCATIVA RURAL PALMIRA,5541,EL PEÝOL,Oriente,FRATERNIDAD MEDELLÍN CTA,https://drive.google.com/file/d/1_5tCH8n1TRhe-Retafixs6LOdNDrsZpZ/view?usp=sharing,
20554100040301,I. E. R. PALMIRA,205541000403,INSTITUCION EDUCATIVA RURAL PALMIRA,5541,EL PEÝOL,Oriente,FRATERNIDAD MEDELLÍN CTA,,
20554100040308,LA MAGDALENA,205541000403,INSTITUCION EDUCATIVA RURAL PALMIRA,5541,EL PEÝOL,Oriente,FRATERNIDAD MEDELLÍN CTA,,
20554100040307,MARIA CONCEPCION POSADA,205541000403,INSTITUCION EDUCATIVA RURAL PALMIRA,5541,EL PEÝOL,Oriente,FRATERNIDAD MEDELLÍN CTA,,
20554100040305,SANTA INES,205541000403,INSTITUCION EDUCATIVA RURAL PALMIRA,5541,EL PEÝOL,Oriente,FRATERNIDAD MEDELLÍN CTA,,
20560700003502,C. E. R. EL PORTENTO,205607000035,C. E. R. LEJOS DEL NIDO,5607,EL RETIRO,Oriente,FRATERNIDAD MEDELLÍN CTA,,
20560700003504,C. E. R. GABRIEL VALLEJO,205607000035,C. E. R. LEJOS DEL NIDO,5607,EL RETIRO,Oriente,FRATERNIDAD MEDELLÍN CTA,,
20560700003503,C. E. R. LA AMAPOLA,205607000035,C. E. R. LEJOS DEL NIDO,5607,EL RETIRO,Oriente,FRATERNIDAD MEDELLÍN CTA,https://drive.google.com/file/d/1yKu-uyLf_ltf00k21aegTbK8QVPmw_7e/view?usp=sharing,
20560700003501,C. E. R. LEJOS DEL NIDO,205607000035,C. E. R. LEJOS DEL NIDO,5607,EL RETIRO,Oriente,FRATERNIDAD MEDELLÍN CTA,https://drive.google.com/file/d/1NO0nW0z9zSfBkDkA8m4BKRosT4oLLkJH/view?usp=sharing,
20560700003505,C. E. R. TABACAL,205607000035,C. E. R. LEJOS DEL NIDO,5607,EL RETIRO,Oriente,FRATERNIDAD MEDELLÍN CTA,https://drive.google.com/file/d/1ATR8-F75ndSqpVSyu2oqrm0c-3lkqSYT/view?usp=sharing,
10560700002203,C. E. R. FABRICIANO BOTERO,105607000022,I. E. IGNACIO BOTERO VALLEJO,5607,EL RETIRO,Oriente,FRATERNIDAD MEDELLÍN CTA,,
10560700002202,C. E. R. PUENTE PELAEZ,105607000022,I. E. IGNACIO BOTERO VALLEJO,5607,EL RETIRO,Oriente,FRATERNIDAD MEDELLÍN CTA,https://drive.google.com/file/d/1FzOOXTc3yFHtf33fWtcEv5It51WCijkO/view?usp=sharing,
10560700002201,I. E. IGNACIO BOTERO VALLEJO,105607000022,I. E. IGNACIO BOTERO VALLEJO,5607,EL RETIRO,Oriente,FRATERNIDAD MEDELLÍN CTA,,
10560700002204,IGNACIO BOTERO VALLEJO BLOQUE II,105607000022,I. E. IGNACIO BOTERO VALLEJO,5607,EL RETIRO,Oriente,FRATERNIDAD MEDELLÍN CTA,,
20560700017502,I. E. NACIANCENO PELAEZ,205607000175,INSTITUCION EDUCATIVA RURAL DOLORES E ISMAEL RESTREPO,5607,EL RETIRO,Oriente,FRATERNIDAD MEDELLÍN CTA,,
20560700017501,I. E. R. DOLORES E ISMAEL RESTREPO,205607000175,INSTITUCION EDUCATIVA RURAL DOLORES E ISMAEL RESTREPO,5607,EL RETIRO,Oriente,FRATERNIDAD MEDELLÍN CTA,,
20560700017503,I. E. R. NAZARETH,205607000175,INSTITUCION EDUCATIVA RURAL DOLORES E ISMAEL RESTREPO,5607,EL RETIRO,Oriente,FRATERNIDAD MEDELLÍN CTA,,
20560700015904,C. E. R. CARRIZALES,205607000159,INSTITUCION EDUCATIVA RURAL LUIS EDUARDO POSADA RESTREPO,5607,EL RETIRO,Oriente,FRATERNIDAD MEDELLÍN CTA,,
20560700015902,C. E. R. DON DIEGO,205607000159,INSTITUCION EDUCATIVA RURAL LUIS EDUARDO POSADA RESTREPO,5607,EL RETIRO,Oriente,FRATERNIDAD MEDELLÍN CTA,https://drive.google.com/file/d/1lWgebEce13ngRE4HIgN3GeFZrhZ9NfKQ/view?usp=sharing,
20560700015903,C. E. R. HOGAR CAMPESTRE SAN JOSE,205607000159,INSTITUCION EDUCATIVA RURAL LUIS EDUARDO POSADA RESTREPO,5607,EL RETIRO,Oriente,FRATERNIDAD MEDELLÍN CTA,https://drive.google.com/file/d/1_44TFlp5wYfBjt8BNbyW0C7ivc_wcxbs/view?usp=sharing,
20560700015905,C. E. R. NORMANDIA,205607000159,INSTITUCION EDUCATIVA RURAL LUIS EDUARDO POSADA RESTREPO,5607,EL RETIRO,Oriente,FRATERNIDAD MEDELLÍN CTA,,
20560700015901,INSTITUCION EDUCATIVA RURAL LUIS EDUARDO POSADA RESTREPO,205607000159,INSTITUCION EDUCATIVA RURAL LUIS EDUARDO POSADA RESTREPO,5607,EL RETIRO,Oriente,FRATERNIDAD MEDELLÍN CTA,https://drive.google.com/file/d/1z5ilRD-FF2-hYcxaLgAqoGkCcNmWP94S/view?usp=sharing,
20569700013603,C. E. R. EL SALTO,205697000136,C. E. R. MONSEÑOR FRANCISCO LUIS GOMEZ GOMEZ,5697,EL SANTUARIO,Oriente,FRATERNIDAD MEDELLÍN CTA,,
20569700013607,C. E. R. LA AURORA,205697000136,C. E. R. MONSEÑOR FRANCISCO LUIS GOMEZ GOMEZ,5697,EL SANTUARIO,Oriente,FRATERNIDAD MEDELLÍN CTA,,
20569700013601,C. E. R. MONSEÑOR FRANCISCO LUIS GOMEZ GOMEZ,205697000136,C. E. R. MONSEÑOR FRANCISCO LUIS GOMEZ GOMEZ,5697,EL SANTUARIO,Oriente,FRATERNIDAD MEDELLÍN CTA,https://drive.google.com/file/d/1Q38Lf8H583P0Y83q3Wokt5S6QUjqaHrF/view?usp=sharing,
20569700013602,C. E. R. PAVAS,205697000136,C. E. R. MONSEÑOR FRANCISCO LUIS GOMEZ GOMEZ,5697,EL SANTUARIO,Oriente,FRATERNIDAD MEDELLÍN CTA,https://drive.google.com/file/d/1yWd3Arv_YmEmHcPqL7g-ddSIE2BsRkos/view?usp=sharing,
20569700013604,C. E. R. TENERIA,205697000136,C. E. R. MONSEÑOR FRANCISCO LUIS GOMEZ GOMEZ,5697,EL SANTUARIO,Oriente,FRATERNIDAD MEDELLÍN CTA,https://drive.google.com/file/d/1nNeSOWf5zHc4cyQnPkb-YiZXCLr-DN94/view?usp=sharing,
20569700013606,C.E.R. BODEGUITAS,205697000136,C. E. R. MONSEÑOR FRANCISCO LUIS GOMEZ GOMEZ,5697,EL SANTUARIO,Oriente,FRATERNIDAD MEDELLÍN CTA,,
20569700026808,ALTO DEL PALMAR,205697000268,CENTRO EDUCATIVO RURAL JOSE IGNACIO BOTERO PALACIO,5697,EL SANTUARIO,Oriente,FRATERNIDAD MEDELLÍN CTA,,
20569700026801,C. E. R. JOSE IGNACIO BOTERO PALACIO,205697000268,CENTRO EDUCATIVO RURAL JOSE IGNACIO BOTERO PALACIO,5697,EL SANTUARIO,Oriente,FRATERNIDAD MEDELLÍN CTA,,
20569700026803,CAMPO ALEGRE,205697000268,CENTRO EDUCATIVO RURAL JOSE IGNACIO BOTERO PALACIO,5697,EL SANTUARIO,Oriente,FRATERNIDAD MEDELLÍN CTA,https://drive.google.com/file/d/14Yb6Q0OABKH5x9zZa1829yDOJmUSKCJ6/view?usp=sharing,
20569700026807,EL SOCORRO,205697000268,CENTRO EDUCATIVO RURAL JOSE IGNACIO BOTERO PALACIO,5697,EL SANTUARIO,Oriente,FRATERNIDAD MEDELLÍN CTA,,
20569700026802,GUADUALITO,205697000268,CENTRO EDUCATIVO RURAL JOSE IGNACIO BOTERO PALACIO,5697,EL SANTUARIO,Oriente,FRATERNIDAD MEDELLÍN CTA,https://drive.google.com/file/d/1OgFrJ-14ImV2npUwD0AvevebzAhJr4x2/view?usp=sharing,
20569700026813,LA PAZ,205697000268,CENTRO EDUCATIVO RURAL JOSE IGNACIO BOTERO PALACIO,5697,EL SANTUARIO,Oriente,FRATERNIDAD MEDELLÍN CTA,,
20569700026805,LAS PALMAS,205697000268,CENTRO EDUCATIVO RURAL JOSE IGNACIO BOTERO PALACIO,5697,EL SANTUARIO,Oriente,FRATERNIDAD MEDELLÍN CTA,https://drive.google.com/file/d/11gfc6fcRwD-TwJ21GG726PvQi60myOce/view?usp=sharing,
20569700026812,LUIS PINEDA JIMENEZ,205697000268,CENTRO EDUCATIVO RURAL JOSE IGNACIO BOTERO PALACIO,5697,EL SANTUARIO,Oriente,FRATERNIDAD MEDELLÍN CTA,,
20569700026811,MORRITOS,205697000268,CENTRO EDUCATIVO RURAL JOSE IGNACIO BOTERO PALACIO,5697,EL SANTUARIO,Oriente,FRATERNIDAD MEDELLÍN CTA,,
20569700026809,PALMARCITO,205697000268,CENTRO EDUCATIVO RURAL JOSE IGNACIO BOTERO PALACIO,5697,EL SANTUARIO,Oriente,FRATERNIDAD MEDELLÍN CTA,,
20569700026810,PORTACHUELO,205697000268,CENTRO EDUCATIVO RURAL JOSE IGNACIO BOTERO PALACIO,5697,EL SANTUARIO,Oriente,FRATERNIDAD MEDELLÍN CTA,,
20569700026806,SAN MATIAS,205697000268,CENTRO EDUCATIVO RURAL JOSE IGNACIO BOTERO PALACIO,5697,EL SANTUARIO,Oriente,FRATERNIDAD MEDELLÍN CTA,https://drive.google.com/file/d/1irwvDEApUrsq5QzycxJ9HaxDYwXhHHOb/view?usp=sharing,
20569700026804,VALLE DE LUNA,205697000268,CENTRO EDUCATIVO RURAL JOSE IGNACIO BOTERO PALACIO,5697,EL SANTUARIO,Oriente,FRATERNIDAD MEDELLÍN CTA,https://drive.google.com/file/d/1GOoGO00-S_2e2KOSlyXrofW0cvvEpeGR/view?usp=sharing,
10569700007702,E U EUSEBIO MARIA GOMEZ,105697000077,I. E. TECNICO INDUSTRIAL JOSE MARIA CORDOBA,5697,EL SANTUARIO,Oriente,FRATERNIDAD MEDELLÍN CTA,https://drive.google.com/file/d/10eRjaSrFM3lj9UqfGgyP6QNSGpGCS7-Q/view?usp=sharing,
10569700007701,I.E. TECNICO INDUSTRIAL JOSE MARIA CORDOBA,105697000077,I. E. TECNICO INDUSTRIAL JOSE MARIA CORDOBA,5697,EL SANTUARIO,Oriente,FRATERNIDAD MEDELLÍN CTA,,
20569700014401,COLEGIO PBRO JESUS ANTONIO GOMEZ,205697000144,INSTITUCIÓN EDUCATIVA PBRO. JESUS ANTONIO GOMEZ,5697,EL SANTUARIO,Oriente,FRATERNIDAD MEDELLÍN CTA,https://drive.google.com/file/d/1J3kQNsKHxLXSQ6t8St_s6mKPOPNcxvRi/view?usp=sharing,
20569700014402,E R ALDANA,205697000144,INSTITUCIÓN EDUCATIVA PBRO. JESUS ANTONIO GOMEZ,5697,EL SANTUARIO,Oriente,FRATERNIDAD MEDELLÍN CTA,,
20569700014403,E R EL MORRO,205697000144,INSTITUCIÓN EDUCATIVA PBRO. JESUS ANTONIO GOMEZ,5697,EL SANTUARIO,Oriente,FRATERNIDAD MEDELLÍN CTA,,
20569700014406,E R I  LOURDES,205697000144,INSTITUCIÓN EDUCATIVA PBRO. JESUS ANTONIO GOMEZ,5697,EL SANTUARIO,Oriente,FRATERNIDAD MEDELLÍN CTA,,
20569700014407,E R I SAN EUSEBIO,205697000144,INSTITUCIÓN EDUCATIVA PBRO. JESUS ANTONIO GOMEZ,5697,EL SANTUARIO,Oriente,FRATERNIDAD MEDELLÍN CTA,https://drive.google.com/file/d/1rvlPtoInApDtJEtsAFpjkota4pI4E7et/view?usp=sharing,
20569700014404,E R LAS LAJAS,205697000144,INSTITUCIÓN EDUCATIVA PBRO. JESUS ANTONIO GOMEZ,5697,EL SANTUARIO,Oriente,FRATERNIDAD MEDELLÍN CTA,https://drive.google.com/file/d/1sVOJms2p_JHSt6dEwRHc9m1IWmMvvtJY/view?usp=sharing,
20569700014405,E R POTRERITO,205697000144,INSTITUCIÓN EDUCATIVA PBRO. JESUS ANTONIO GOMEZ,5697,EL SANTUARIO,Oriente,FRATERNIDAD MEDELLÍN CTA,https://drive.google.com/file/d/1iEgbhU4NmpAyrY6umW1h0xoj6rJgInyY/view?usp=sharing,
10569700006903,E U CLARA ZULUAGA ZULUAGA,105697000069,INSTITUCIÓN EDUCATIVA PBRO. LUIS RODOLFO GOMEZ,5697,EL SANTUARIO,Oriente,FRATERNIDAD MEDELLÍN CTA,,
10569700006902,E U MERCEDES SANIN CANO,105697000069,INSTITUCIÓN EDUCATIVA PBRO. LUIS RODOLFO GOMEZ,5697,EL SANTUARIO,Oriente,FRATERNIDAD MEDELLÍN CTA,https://drive.google.com/file/d/14pRstyIEUY5aJezUulJW56Mg0Tu-K0bG/view?usp=sharing,
10569700006901,LICEO PBRO LUIS RODOLFO GOMEZ RAMIREZ,105697000069,INSTITUCIÓN EDUCATIVA PBRO. LUIS RODOLFO GOMEZ,5697,EL SANTUARIO,Oriente,FRATERNIDAD MEDELLÍN CTA,,
10531300001601,COLEGIO GRANADA,105313000016,I. E. JORGE ALBERTO GOMEZ GOMEZ,5313,GRANADA,Oriente,FRATERNIDAD MEDELLÍN CTA,,
10531300001602,E U JESUS MARIA YEPES,105313000016,I. E. JORGE ALBERTO GOMEZ GOMEZ,5313,GRANADA,Oriente,FRATERNIDAD MEDELLÍN CTA,https://drive.google.com/file/d/1CRBFQdreVyyGdXCwGTC1hxN0me8v3wQf/view?usp=sharing,
20531300051720,C. E. R. BUENAVISTA ABAJO,205313000517,I. E.R SANTA ANA,5313,GRANADA,Oriente,FRATERNIDAD MEDELLÍN CTA,,
20531300051702,C. E. R. EL CONCILIO,205313000517,I. E.R SANTA ANA,5313,GRANADA,Oriente,FRATERNIDAD MEDELLÍN CTA,,
20531300051703,C. E. R. EL EDEN,205313000517,I. E.R SANTA ANA,5313,GRANADA,Oriente,FRATERNIDAD MEDELLÍN CTA,https://drive.google.com/file/d/11Du58f1hnkltYcmPNMlx0U-Nsq2BM1sb/view?usp=sharing,
20531300051721,C. E. R. EL OSO,205313000517,I. E.R SANTA ANA,5313,GRANADA,Oriente,FRATERNIDAD MEDELLÍN CTA,,
20531300051705,C. E. R. EL ROBLE,205313000517,I. E.R SANTA ANA,5313,GRANADA,Oriente,FRATERNIDAD MEDELLÍN CTA,https://drive.google.com/file/d/1scpUcadb14-73QHE082RF6y7FGzWArqS/view?usp=sharing,
20531300051723,C. E. R. EL TABLAZO,205313000517,I. E.R SANTA ANA,5313,GRANADA,Oriente,FRATERNIDAD MEDELLÍN CTA,,
20531300051706,C. E. R. EL TABOR,205313000517,I. E.R SANTA ANA,5313,GRANADA,Oriente,FRATERNIDAD MEDELLÍN CTA,https://drive.google.com/file/d/1KiCbgUjcAn7qIq3lO-HBiXqhvKQwR0yU/view?usp=sharing,
20531300051707,C. E. R. EL VERGEL,205313000517,I. E.R SANTA ANA,5313,GRANADA,Oriente,FRATERNIDAD MEDELLÍN CTA,,
20531300037108,C. E. R. GABRIEL GOMEZ,205313000517,I. E.R SANTA ANA,5313,GRANADA,Oriente,FRATERNIDAD MEDELLÍN CTA,https://drive.google.com/file/d/1mnGWX9HZEBOhM7bKAKbH3JaN33vcTamx/view?usp=sharing,
20531300051709,C. E. R. GALILEA,205313000517,I. E.R SANTA ANA,5313,GRANADA,Oriente,FRATERNIDAD MEDELLÍN CTA,,
20531300051724,C. E. R. JESUS SALAZAR,205313000517,I. E.R SANTA ANA,5313,GRANADA,Oriente,FRATERNIDAD MEDELLÍN CTA,,
20531300051710,C. E. R. JORGE HOYOS DUQUE,205313000517,I. E.R SANTA ANA,5313,GRANADA,Oriente,FRATERNIDAD MEDELLÍN CTA,https://drive.google.com/file/d/1zbQN1rWl2A08sOe69epAKSUodRwUIiKX/view?usp=sharing,
20531300051725,C. E. R. JUAN FRANCISCO DUQUE,205313000517,I. E.R SANTA ANA,5313,GRANADA,Oriente,FRATERNIDAD MEDELLÍN CTA,https://drive.google.com/file/d/1EIQ1tvJsMFgbsxtPn0fUrec5t-xuHdUw/view?usp=sharing,
20531300051726,C. E. R. LA ARENOSA,205313000517,I. E.R SANTA ANA,5313,GRANADA,Oriente,FRATERNIDAD MEDELLÍN CTA,,
20531300037111,C. E. R. LA CASCADA,205313000517,I. E.R SANTA ANA,5313,GRANADA,Oriente,FRATERNIDAD MEDELLÍN CTA,https://drive.google.com/file/d/1PTCrvOXpueTY3kaX-rUAWL5xrhqkTLXG/view?usp=sharing,
20531300051727,C. E. R. LA ESTRELLA,205313000517,I. E.R SANTA ANA,5313,GRANADA,Oriente,FRATERNIDAD MEDELLÍN CTA,,
20531300051729,C. E. R. LA HONDA,205313000517,I. E.R SANTA ANA,5313,GRANADA,Oriente,FRATERNIDAD MEDELLÍN CTA,,
20531300051730,C. E. R. LA HONDA CENTRAL,205313000517,I. E.R SANTA ANA,5313,GRANADA,Oriente,FRATERNIDAD MEDELLÍN CTA,,
20531300051732,C. E. R. LA SELVA,205313000517,I. E.R SANTA ANA,5313,GRANADA,Oriente,FRATERNIDAD MEDELLÍN CTA,,
20531300051733,C. E. R. LAS PALMAS,205313000517,I. E.R SANTA ANA,5313,GRANADA,Oriente,FRATERNIDAD MEDELLÍN CTA,https://drive.google.com/file/d/11NJyaJGGA3Hu7PAQk59dg0V9aNWp-eY-/view?usp=sharing,
20531300051712,C. E. R. MINITAS,205313000517,I. E.R SANTA ANA,5313,GRANADA,Oriente,FRATERNIDAD MEDELLÍN CTA,https://drive.google.com/file/d/182Xyw9NnK7AqGrpdKlTzJlhOjNO8nSK3/view?usp=sharing,
20531300051734,C. E. R. NUESTRA SEÑORA DE LAS MERCEDES,205313000517,I. E.R SANTA ANA,5313,GRANADA,Oriente,FRATERNIDAD MEDELLÍN CTA,https://drive.google.com/file/d/1a2WMsHAruRkMZ_fAlONrb99oomkUNVeL/view?usp=sharing,
20531300051713,C. E. R. QUEBRADONA ABAJO,205313000517,I. E.R SANTA ANA,5313,GRANADA,Oriente,FRATERNIDAD MEDELLÍN CTA,https://drive.google.com/file/d/18A50RqkFfkcSpmDOyk5JvLikbbSaDH-Z/view?usp=sharing,
20531300051714,C. E. R. QUEBRADONA ARRIBA,205313000517,I. E.R SANTA ANA,5313,GRANADA,Oriente,FRATERNIDAD MEDELLÍN CTA,,
20531300051735,C. E. R. REYES,205313000517,I. E.R SANTA ANA,5313,GRANADA,Oriente,FRATERNIDAD MEDELLÍN CTA,https://drive.google.com/file/d/1ZpWJNGEQ9zBUK68-424DS69ikNuDrXrU/view?usp=sharing,
20531300051715,C. E. R. SAN COSME,205313000517,I. E.R SANTA ANA,5313,GRANADA,Oriente,FRATERNIDAD MEDELLÍN CTA,,
20531300051736,C. E. R. SAN FRANCISCO,205313000517,I. E.R SANTA ANA,5313,GRANADA,Oriente,FRATERNIDAD MEDELLÍN CTA,,
20531300051737,C. E. R. SAN JOSE LA QUIEBRA,205313000517,I. E.R SANTA ANA,5313,GRANADA,Oriente,FRATERNIDAD MEDELLÍN CTA,,
20531300051716,C. E. R. SAN MATIAS,205313000517,I. E.R SANTA ANA,5313,GRANADA,Oriente,FRATERNIDAD MEDELLÍN CTA,https://drive.google.com/file/d/12yRA-MwhcHRa14jp_BAuN2feNqYeQloe/view?usp=sharing,
20531300051717,C. E. R. SANTA BARBARA,205313000517,I. E.R SANTA ANA,5313,GRANADA,Oriente,FRATERNIDAD MEDELLÍN CTA,,
20531300051738,C. E. R. TAFETANES,205313000517,I. E.R SANTA ANA,5313,GRANADA,Oriente,FRATERNIDAD MEDELLÍN CTA,,
20531300051718,C.E.R. SAN ESTEBAN,205313000517,I. E.R SANTA ANA,5313,GRANADA,Oriente,FRATERNIDAD MEDELLÍN CTA,,
20531300051740,I. E. JESUS MARIA ARIAS,205313000517,I. E.R SANTA ANA,5313,GRANADA,Oriente,FRATERNIDAD MEDELLÍN CTA,https://drive.google.com/file/d/1GTuh_LjLPTGQs3TdJhIU7r9JXubcuvGc/view?usp=sharing,
20531300051739,I. E. R. ALVARO HERRERA,205313000517,I. E.R SANTA ANA,5313,GRANADA,Oriente,FRATERNIDAD MEDELLÍN CTA,https://drive.google.com/file/d/1qXgdwCWaDFm0nN8KsWDdaGwXSGiLWtnn/view?usp=sharing,
20531300051719,I. E. R. LA MILAGROSA,205313000517,I. E.R SANTA ANA,5313,GRANADA,Oriente,FRATERNIDAD MEDELLÍN CTA,,
20531300051701,I. E.R. SANTA ANA,205313000517,I. E.R SANTA ANA,5313,GRANADA,Oriente,FRATERNIDAD MEDELLÍN CTA,https://drive.google.com/file/d/1RVpjAQyHa8UIzbpaABzqevS4OkleAWWU/view?usp=sharing,
20531800045106,C. E. R. COLORADOS,205318000451,I. E. R. CHAPARRAL,5318,GUARNE,Oriente,FRATERNIDAD MEDELLÍN CTA,https://drive.google.com/file/d/1Xi0k_tnbxBU2CfZ4vbm1ESrdeMHKB1FN/view?usp=sharing,
20531800045107,C. E. R. MONSEÑOR ALFONSO URIBE JARAMILLO,205318000451,I. E. R. CHAPARRAL,5318,GUARNE,Oriente,FRATERNIDAD MEDELLÍN CTA,https://drive.google.com/file/d/1ZMqMGdTGGYPLXfzqzbokT8rsUH2zRF9d/view?usp=sharing,
20531800045102,E R FERMIN MONTOYA GUAMITO,205318000451,I. E. R. CHAPARRAL,5318,GUARNE,Oriente,FRATERNIDAD MEDELLÍN CTA,,
20531800045104,E R I BERRACAL,205318000451,I. E. R. CHAPARRAL,5318,GUARNE,Oriente,FRATERNIDAD MEDELLÍN CTA,,
20531800045103,E R JUAN XXIII,205318000451,I. E. R. CHAPARRAL,5318,GUARNE,Oriente,FRATERNIDAD MEDELLÍN CTA,https://drive.google.com/file/d/1g6dW1EwmjgpEF8aRVkMPEUwTHHyaGEJi/view?usp=sharing,
20531800045101,I. E. R. CHAPARRAL,205318000451,I. E. R. CHAPARRAL,5318,GUARNE,Oriente,FRATERNIDAD MEDELLÍN CTA,https://drive.google.com/file/d/1vFL8H6BpkMHx4y-Lp57cZJbn4Gvj1MOx/view?usp=sharing,
20531800016701,COLEGIO ROMERAL,205318000167,I. E. ROMERAL,5318,GUARNE,Oriente,FRATERNIDAD MEDELLÍN CTA,,
20531800016702,E R EL ZANGO,205318000167,I. E. ROMERAL,5318,GUARNE,Oriente,FRATERNIDAD MEDELLÍN CTA,https://drive.google.com/file/d/155xn3xuUoB05bv_cfPDuaXCAGasaVM9R/view?usp=sharing,
20531800016704,E R MANUEL JOSE SIERRA,205318000167,I. E. ROMERAL,5318,GUARNE,Oriente,FRATERNIDAD MEDELLÍN CTA,https://drive.google.com/file/d/1uoYNzazY82Zs6buFpy2dFFssbZDllITF/view?usp=sharing,
20531800016703,E R PASTORCITA,205318000167,I. E. ROMERAL,5318,GUARNE,Oriente,FRATERNIDAD MEDELLÍN CTA,https://drive.google.com/file/d/1Intl2fqvC-hrtmz75U-90iJ4mKXbC5DJ/view?usp=sharing,
10531800004903,C. E. R. LA CLARA,105318000049,I. E. SANTO TOMAS DE AQUINO,5318,GUARNE,Oriente,FRATERNIDAD MEDELLÍN CTA,https://drive.google.com/file/d/1CFENohENOTCykZG9MYNkPNLYblAVvY8y/view?usp=sharing,
10531800004904,C. E. R. MONTAÑES ABAJO,105318000049,I. E. SANTO TOMAS DE AQUINO,5318,GUARNE,Oriente,FRATERNIDAD MEDELLÍN CTA,https://drive.google.com/file/d/1CZ5QxSsNeSEHqDn9gKrIHIK3Z4zmUJom/view?usp=sharing,
10531800004901,I. E. SANTO TOMAS DE AQUINO,105318000049,I. E. SANTO TOMAS DE AQUINO,5318,GUARNE,Oriente,FRATERNIDAD MEDELLÍN CTA,https://drive.google.com/file/d/1w_kKc5sfUoYUkwLXgXqRMHgJNrWNKNsR/view?usp=sharing,
10531800004902,I. E. SANTO TOMAS DE AQUINO SEDE II,105318000049,I. E. SANTO TOMAS DE AQUINO,5318,GUARNE,Oriente,FRATERNIDAD MEDELLÍN CTA,,
20531800030203,C. E. R. ELADIO ESCOBAR,205318000302,I.E.R. EZEQUIEL SIERRA,5318,GUARNE,Oriente,FRATERNIDAD MEDELLÍN CTA,https://drive.google.com/file/d/1IIWkeDZbxvnhZn9BMyTgE8dsFWFkMLVy/view?usp=sharing,
20531800030204,C. E. R. LA CANDELARIA,205318000302,I.E.R. EZEQUIEL SIERRA,5318,GUARNE,Oriente,FRATERNIDAD MEDELLÍN CTA,https://drive.google.com/file/d/1zkEzpsrV-nyUUG4xtFZKu1EmjOveWIpE/view?usp=sharing,
20531800030205,C. E. R. LA TRINIDAD,205318000302,I.E.R. EZEQUIEL SIERRA,5318,GUARNE,Oriente,FRATERNIDAD MEDELLÍN CTA,https://drive.google.com/file/d/1k_029ZEHf4TUqU9jmFKIu60IivbxcVTt/view?usp=sharing,
20531800030202,I. E. R. JUAN MARIA GALLEGO,205318000302,I.E.R. EZEQUIEL SIERRA,5318,GUARNE,Oriente,FRATERNIDAD MEDELLÍN CTA,https://drive.google.com/file/d/1ZiCl10olzy_rnaeTCXCfFnQ8t6MOtOwE/view?usp=sharing,
20531800030201,I.E.R. EZEQUIEL SIERRA,205318000302,I.E.R. EZEQUIEL SIERRA,5318,GUARNE,Oriente,FRATERNIDAD MEDELLÍN CTA,https://drive.google.com/file/d/1rbBrhN3QyL8OeGyZEWG7SqLSqMIbC8GD/view?usp=sharing,
20531800034506,C. E. R. LA HONDA,205318000345,I.E.R. HOJAS ANCHAS,5318,GUARNE,Oriente,FRATERNIDAD MEDELLÍN CTA,,
20531800034504,C. E. R. LA MILAGROSA,205318000345,I.E.R. HOJAS ANCHAS,5318,GUARNE,Oriente,FRATERNIDAD MEDELLÍN CTA,https://drive.google.com/file/d/1EOKm3Yrm41nUpxCwSYG5-gC-dLvWcmDH/view?usp=sharing,
20531800034505,C. E. R. LA MOSQUITA,205318000345,I.E.R. HOJAS ANCHAS,5318,GUARNE,Oriente,FRATERNIDAD MEDELLÍN CTA,,
20531800034503,C. E. R. SAN JOSE,205318000345,I.E.R. HOJAS ANCHAS,5318,GUARNE,Oriente,FRATERNIDAD MEDELLÍN CTA,https://drive.google.com/file/d/1BNIz9mUFVyqlqTa3e0wyl80suL8qWIR5/view?usp=sharing,
20531800034502,C. E. R. TOLDAS,205318000345,I.E.R. HOJAS ANCHAS,5318,GUARNE,Oriente,FRATERNIDAD MEDELLÍN CTA,https://drive.google.com/file/d/1JO8pQmFHaN-hDrjbyqsyTqAwN_Yk2_bA/view?usp=sharing,
20531800034501,I.E.R. HOJAS ANCHAS,205318000345,I.E.R. HOJAS ANCHAS,5318,GUARNE,Oriente,FRATERNIDAD MEDELLÍN CTA,,
10531800027802,C. E. R. LA HONDITA,105318000278,INSTITUCION EDUCATIVA INMACULADA CONCEPCION,5318,GUARNE,Oriente,FRATERNIDAD MEDELLÍN CTA,https://drive.google.com/file/d/1fPYUzhA90o-vZuEocQkMpli0_3Fegz-Y/view?usp=sharing,
10531800027801,I. E. INMACULADA CONCEPCION,105318000278,INSTITUCION EDUCATIVA INMACULADA CONCEPCION,5318,GUARNE,Oriente,FRATERNIDAD MEDELLÍN CTA,https://drive.google.com/file/d/1WjMrV5q7fAHXi3tJcA_JtIqddah0fstO/view?usp=sharing,
20531800018304,EL SALADO,205318000183,INSTITUCION EDUCATIVA RURAL PIEDRAS BLANCAS,5318,GUARNE,Oriente,FRATERNIDAD MEDELLÍN CTA,,
20531800018301,I. E. R. PIEDRAS BLANCAS,205318000183,INSTITUCION EDUCATIVA RURAL PIEDRAS BLANCAS,5318,GUARNE,Oriente,FRATERNIDAD MEDELLÍN CTA,https://drive.google.com/file/d/15UoHCJ5UT49ZQVwIOdZB0QRW1d9e9Nzq/view?usp=sharing,
20531800018305,PUEBLITO,205318000183,INSTITUCION EDUCATIVA RURAL PIEDRAS BLANCAS,5318,GUARNE,Oriente,FRATERNIDAD MEDELLÍN CTA,https://drive.google.com/file/d/1f_qXKtlB8CVvTfCrRclwGp3ont6irjEX/view?usp=sharing,
20531800018302,SAN IGNACIO,205318000183,INSTITUCION EDUCATIVA RURAL PIEDRAS BLANCAS,5318,GUARNE,Oriente,FRATERNIDAD MEDELLÍN CTA,,
20531800018303,SAN ISIDRO,205318000183,INSTITUCION EDUCATIVA RURAL PIEDRAS BLANCAS,5318,GUARNE,Oriente,FRATERNIDAD MEDELLÍN CTA,https://drive.google.com/file/d/1rzJmsXaDgwLJ3WHUvGLnOj7XL5u5t_7t/view?usp=sharing,
10532100002503,C. E. R. EL TRONCO,105321000025,I. E. NUESTRA SEÑORA DEL PILAR,5321,GUATAPE,Oriente,FRATERNIDAD MEDELLÍN CTA,https://drive.google.com/file/d/1Q8y8fo4VdOqSE6jHASSyIrvn7TqA56S8/view?usp=sharing,
10532100002504,C. E. R. LA PEÑA,105321000025,I. E. NUESTRA SEÑORA DEL PILAR,5321,GUATAPE,Oriente,FRATERNIDAD MEDELLÍN CTA,https://drive.google.com/file/d/1hCUT04Dm6SH6R2gH8paZtpDQsbS19LF0/view?usp=sharing,
10532100002505,C. E. R. LA PIEDRA,105321000025,I. E. NUESTRA SEÑORA DEL PILAR,5321,GUATAPE,Oriente,FRATERNIDAD MEDELLÍN CTA,https://drive.google.com/file/d/16FG86ggImZY7gaP4EA0bsazT-4njCmH9/view?usp=sharing,
10532100002506,C. E. R. LA SONADORA,105321000025,I. E. NUESTRA SEÑORA DEL PILAR,5321,GUATAPE,Oriente,FRATERNIDAD MEDELLÍN CTA,,
10532100002507,C. E. R. LOS NARANJOS,105321000025,I. E. NUESTRA SEÑORA DEL PILAR,5321,GUATAPE,Oriente,FRATERNIDAD MEDELLÍN CTA,https://drive.google.com/file/d/1VdPE22lfh5HMBQEoVxSHh2v9V9XdM3zq/view?usp=sharing,
10532100002502,C. E. R. QUEBRADA ARRIBA,105321000025,I. E. NUESTRA SEÑORA DEL PILAR,5321,GUATAPE,Oriente,FRATERNIDAD MEDELLÍN CTA,https://drive.google.com/file/d/19pClxmSJTpi75YdGsmIU7aA_fkN5gR0k/view?usp=sharing,
10532100002501,I. E. NUESTRA SEÑORA DEL PILAR,105321000025,I. E. NUESTRA SEÑORA DEL PILAR,5321,GUATAPE,Oriente,FRATERNIDAD MEDELLÍN CTA,,
10532100002508,I.E NUESTRA SEÑORA DEL PILAR SEDE PRIMARIA,105321000025,I. E. NUESTRA SEÑORA DEL PILAR,5321,GUATAPE,Oriente,FRATERNIDAD MEDELLÍN CTA,,
20537600049505,C. E. R. COLMENAS,205376000495,C. E. R. EL TAMBO,5376,LA CEJA,Oriente,FRATERNIDAD MEDELLÍN CTA,https://drive.google.com/file/d/1j3IG4qZRPsqdr0VI_jdaVBi6tQ-pT1yx/view?usp=sharing,
20537600049501,C. E. R. EL TAMBO,205376000495,C. E. R. EL TAMBO,5376,LA CEJA,Oriente,FRATERNIDAD MEDELLÍN CTA,https://drive.google.com/file/d/1zbkuei14NEI9-fzofyZglIbd8QwSFkEs/view?usp=sharing,
20537600049502,C. E. R. ISIDORA DUQUE,205376000495,C. E. R. EL TAMBO,5376,LA CEJA,Oriente,FRATERNIDAD MEDELLÍN CTA,,
20537600049506,C. E. R. LLANADAS,205376000495,C. E. R. EL TAMBO,5376,LA CEJA,Oriente,FRATERNIDAD MEDELLÍN CTA,https://drive.google.com/file/d/194lKdBGI2uHoO_VagecXq653zIt3dKRm/view?usp=sharing,
20537600049504,C. E. R. TIBERIO DE J SALAZAR Y HERRERA,205376000495,C. E. R. EL TAMBO,5376,LA CEJA,Oriente,FRATERNIDAD MEDELLÍN CTA,https://drive.google.com/file/d/16Jv-HLZ3Dc3F3nvPelcpVchRQjIcHTYd/view?usp=sharing,
20537600005302,C. E. R. JUAN DE DIOS ARANZAZU,205376000053,C. E. R. MARIA ESTEVEZ,5376,LA CEJA,Oriente,FRATERNIDAD MEDELLÍN CTA,,
20537600005301,C. E. R. MARIA ESTEVEZ,205376000053,C. E. R. MARIA ESTEVEZ,5376,LA CEJA,Oriente,FRATERNIDAD MEDELLÍN CTA,https://drive.google.com/file/d/1Sohgc4fv-NVL5T5B05rvlfGPDOKOfbZ_/view?usp=sharing,
20537600005303,C. E. R. SALVADOR BERMUDEZ,205376000053,C. E. R. MARIA ESTEVEZ,5376,LA CEJA,Oriente,FRATERNIDAD MEDELLÍN CTA,,
10537600021101,COLEGIO BERNARDO URIBE LONDOÑO,105376000211,I. E. BERNARDO URIBE LONDOÑO,5376,LA CEJA,Oriente,FRATERNIDAD MEDELLÍN CTA,https://drive.google.com/file/d/1FyFl60fxn_uH8jFs-Lp364WqiOqwfQRj/view?usp=sharing,
10537600021102,E U JUSTO PASTOR MEJIA,105376000211,I. E. BERNARDO URIBE LONDOÑO,5376,LA CEJA,Oriente,FRATERNIDAD MEDELLÍN CTA,,
10537600057102,C. E. R. LA MILAGROSA,105376000571,I. E. CONCEJO MUNICIPAL,5376,LA CEJA,Oriente,FRATERNIDAD MEDELLÍN CTA,https://drive.google.com/file/d/17kxU7DPl3KGX7ru65qbIlbaJ3hSP2JXj/view?usp=sharing,
10537600057101,I. E. CONCEJO MUNICIPAL,105376000571,I. E. CONCEJO MUNICIPAL,5376,LA CEJA,Oriente,FRATERNIDAD MEDELLÍN CTA,https://drive.google.com/file/d/1sRnML4GwRvstSujhyVnoumUYi_Xf8a9r/view?usp=sharing,
10537600044001,COLEGIO LA PAZ,105376000440,I. E. LA PAZ,5376,LA CEJA,Oriente,FRATERNIDAD MEDELLÍN CTA,https://drive.google.com/file/d/1NNRvTDWviuhr5yUzL0eQUHplp6zJmqfr/view?usp=sharing,
10537600010501,I. E. MARIA JOSEFA MARULANDA,105376000105,I. E. MARIA JOSEFA MARULANDA,5376,LA CEJA,Oriente,FRATERNIDAD MEDELLÍN CTA,,
10537600011302,C. E. R. SAN NICOLAS,105376000113,I. E. MONSEÑOR ALFONSO URIBE JARAMILLO,5376,LA CEJA,Oriente,FRATERNIDAD MEDELLÍN CTA,,
10537600011301,I. E. MONSEÑOR ALFONSO URIBE JARAMILLO,105376000113,I. E. MONSEÑOR ALFONSO URIBE JARAMILLO,5376,LA CEJA,Oriente,FRATERNIDAD MEDELLÍN CTA,,
20537600007002,ALFONSO NANO BERNAL,205376000070,INSTITUCION EDUCATIVA FRANCISCO MARIA CARDONA,5376,LA CEJA,Oriente,FRATERNIDAD MEDELLÍN CTA,,
20537600007006,CANDIDO BERNAL,205376000070,INSTITUCION EDUCATIVA FRANCISCO MARIA CARDONA,5376,LA CEJA,Oriente,FRATERNIDAD MEDELLÍN CTA,https://drive.google.com/file/d/1z07Ewhl7M9KoB1iO5R4svSN-59QeMk32/view?usp=sharing,
20537600007003,EL HIGUERON,205376000070,INSTITUCION EDUCATIVA FRANCISCO MARIA CARDONA,5376,LA CEJA,Oriente,FRATERNIDAD MEDELLÍN CTA,https://drive.google.com/file/d/1COvpIpEUNuqiAMX3qviXSBTs8quGYKdx/view?usp=sharing,
20537600007001,I. E. FRANCISCO MARIA CARDONA,205376000070,INSTITUCION EDUCATIVA FRANCISCO MARIA CARDONA,5376,LA CEJA,Oriente,FRATERNIDAD MEDELLÍN CTA,https://drive.google.com/file/d/1YrDN2KZXoL5XKHJ5eanV1Rhgpmge2GwB/view?usp=sharing,
20537600007005,JESUS MARIA PIEDRAHITA,205376000070,INSTITUCION EDUCATIVA FRANCISCO MARIA CARDONA,5376,LA CEJA,Oriente,FRATERNIDAD MEDELLÍN CTA,https://drive.google.com/file/d/1weLWrvu1ohrn2XSrD9UUnhsx7sUUdtGU/view?usp=sharing,
20537600007004,JUAN MANUEL LLANO,205376000070,INSTITUCION EDUCATIVA FRANCISCO MARIA CARDONA,5376,LA CEJA,Oriente,FRATERNIDAD MEDELLÍN CTA,https://drive.google.com/file/d/1QukrKXnJcLlPNdpTq7-ZYHT9a-4AzoYA/view?usp=sharing,
20540000005101,C. E. R. LA ALMERIA,205400000051,CENTRO EDUCATIVO RURAL LA ALMERIA,5400,LA UNION,Oriente,FRATERNIDAD MEDELLÍN CTA,,
20540000005102,CHUSCALITO,205400000051,CENTRO EDUCATIVO RURAL LA ALMERIA,5400,LA UNION,Oriente,FRATERNIDAD MEDELLÍN CTA,,
20540000005104,GUARANGO,205400000051,CENTRO EDUCATIVO RURAL LA ALMERIA,5400,LA UNION,Oriente,FRATERNIDAD MEDELLÍN CTA,https://drive.google.com/file/d/1trtYUJm69J9gH29EhHAJLhCseRWkOuV3/view?usp=sharing,
20540000005105,LA CABAÑA,205400000051,CENTRO EDUCATIVO RURAL LA ALMERIA,5400,LA UNION,Oriente,FRATERNIDAD MEDELLÍN CTA,,
20540000005103,LAS COLMENAS LA GARCIA,205400000051,CENTRO EDUCATIVO RURAL LA ALMERIA,5400,LA UNION,Oriente,FRATERNIDAD MEDELLÍN CTA,,
20540000005106,PANTALIO,205400000051,CENTRO EDUCATIVO RURAL LA ALMERIA,5400,LA UNION,Oriente,FRATERNIDAD MEDELLÍN CTA,,
20540000005107,QUEBRADA NEGRA,205400000051,CENTRO EDUCATIVO RURAL LA ALMERIA,5400,LA UNION,Oriente,FRATERNIDAD MEDELLÍN CTA,,
20540000005108,VALLEJUELITO - PEÑAS,205400000051,CENTRO EDUCATIVO RURAL LA ALMERIA,5400,LA UNION,Oriente,FRATERNIDAD MEDELLÍN CTA,,
10540000018904,C. E. R. SAN FRANCISCO,105400000189,I. E. PIO XI,5400,LA UNION,Oriente,FRATERNIDAD MEDELLÍN CTA,,
10540000018901,I. E. PIO XI,105400000189,I. E. PIO XI,5400,LA UNION,Oriente,FRATERNIDAD MEDELLÍN CTA,https://drive.google.com/file/d/1G17ub9OxgPHxEUd-stp3DuUlEFQpMKlC/view?usp=sharing,
10540000018903,I. E. R. LAS TERESAS,105400000189,I. E. PIO XI,5400,LA UNION,Oriente,FRATERNIDAD MEDELLÍN CTA,,
20540000003502,C. E. R. CHALARCA,205400000035,I. E. R. SAN JUAN,5400,LA UNION,Oriente,FRATERNIDAD MEDELLÍN CTA,https://drive.google.com/file/d/1OkE0R4FwrUE1QmHiCPIlSLEAH1pkV-u4/view?usp=sharing,
20540000003503,C. E. R. JOHN JAIRO BOTERO LOPEZ,205400000035,I. E. R. SAN JUAN,5400,LA UNION,Oriente,FRATERNIDAD MEDELLÍN CTA,,
20540000003504,C. E. R. PIEDRAS,205400000035,I. E. R. SAN JUAN,5400,LA UNION,Oriente,FRATERNIDAD MEDELLÍN CTA,,
20540000003505,C. E. R. SANTA CRUZ,205400000035,I. E. R. SAN JUAN,5400,LA UNION,Oriente,FRATERNIDAD MEDELLÍN CTA,,
20540000003501,I. E. R. SAN JUAN,205400000035,I. E. R. SAN JUAN,5400,LA UNION,Oriente,FRATERNIDAD MEDELLÍN CTA,https://drive.google.com/file/d/1LHKD9msIn6-ZDXpiemyfaYXA7YbhU_pE/view?usp=sharing,
10540000012002,BUENAVISTA,105400000120,INSTITUCION EDUCATIVA FELIX MARIA RESTREPO LONDOÑO,5400,LA UNION,Oriente,FRATERNIDAD MEDELLÍN CTA,,
10540000012001,I. E. FELIX MARIA RESTREPO LONDOÑO,105400000120,INSTITUCION EDUCATIVA FELIX MARIA RESTREPO LONDOÑO,5400,LA UNION,Oriente,FRATERNIDAD MEDELLÍN CTA,,
10540000012001,I. E. FELIX MARIA RESTREPO LONDOÑO,105400000120,INSTITUCION EDUCATIVA FELIX MARIA RESTREPO LONDOÑO,5400,LA UNION,Oriente,FRATERNIDAD MEDELLÍN CTA,https://drive.google.com/file/d/1sztzfS9dHkAFNd5o2iIQknILvjspVwB-/view?usp=sharing,
10540000012005,INSTITUCION EDUCATIVA FELIX MARIA RESTREPO LONDOÑO - SEDE II,105400000120,INSTITUCION EDUCATIVA FELIX MARIA RESTREPO LONDOÑO,5400,LA UNION,Oriente,FRATERNIDAD MEDELLÍN CTA,,
10540000012003,LA PALMERA,105400000120,INSTITUCION EDUCATIVA FELIX MARIA RESTREPO LONDOÑO,5400,LA UNION,Oriente,FRATERNIDAD MEDELLÍN CTA,https://drive.google.com/file/d/15osKI2hnbyjNxeesUghOne69i-dkjsNS/view?usp=sharing,
10540000012004,LAS ACACIAS,105400000120,INSTITUCION EDUCATIVA FELIX MARIA RESTREPO LONDOÑO,5400,LA UNION,Oriente,FRATERNIDAD MEDELLÍN CTA,https://drive.google.com/file/d/13f278PhOT4PM8D2UvcNn6uNWSvB9S28L/view?usp=sharing,
20540000021302,EL CARDAL,205400000213,INSTITUCION EDUCATIVA RURAL MARCO EMILIO LOPEZ GALLEGO,5400,LA UNION,Oriente,FRATERNIDAD MEDELLÍN CTA,https://drive.google.com/file/d/1m8AS23v2Jovn1yKGqVVI9XGyCQ9xwPTt/view?usp=sharing,
20540000021303,FATIMA,205400000213,INSTITUCION EDUCATIVA RURAL MARCO EMILIO LOPEZ GALLEGO,5400,LA UNION,Oriente,FRATERNIDAD MEDELLÍN CTA,,
20540000021301,I. E. R MARCO EMILIO LOPEZ GALLEGO,205400000213,INSTITUCION EDUCATIVA RURAL MARCO EMILIO LOPEZ GALLEGO,5400,LA UNION,Oriente,FRATERNIDAD MEDELLÍN CTA,https://drive.google.com/file/d/1cKXacYcBnUeRlrm0vwtQ-eLmquKyvUgS/view?usp=sharing,
20540000021304,LA MINITA,205400000213,INSTITUCION EDUCATIVA RURAL MARCO EMILIO LOPEZ GALLEGO,5400,LA UNION,Oriente,FRATERNIDAD MEDELLÍN CTA,,
20540000021305,SAN MIGUEL ABAJO,205400000213,INSTITUCION EDUCATIVA RURAL MARCO EMILIO LOPEZ GALLEGO,5400,LA UNION,Oriente,FRATERNIDAD MEDELLÍN CTA,,
20544000030508,C. E. R. CANONIGO ULPIANO RAMIREZ,205440000305,I E R ROSALIA HOYOS,5440,MARINILLA,Oriente,FRATERNIDAD MEDELLÍN CTA,,
20544000030504,C. E. R. DR JESUS ANTONIO HOYOS,205440000305,I E R ROSALIA HOYOS,5440,MARINILLA,Oriente,FRATERNIDAD MEDELLÍN CTA,https://drive.google.com/file/d/1j1PRDbxUNgMrtQx3jquJIFjse_Z2HFRp/view?usp=sharing,
20544000030506,C. E. R. EDUVIGEZ GOMEZ,205440000305,I E R ROSALIA HOYOS,5440,MARINILLA,Oriente,FRATERNIDAD MEDELLÍN CTA,,
20544000030503,C. E. R. MANUEL TIBERIO SALAZAR,205440000305,I E R ROSALIA HOYOS,5440,MARINILLA,Oriente,FRATERNIDAD MEDELLÍN CTA,,
20544000030507,C. E. R. MATILDE JIMENEZ DE DUQUE,205440000305,I E R ROSALIA HOYOS,5440,MARINILLA,Oriente,FRATERNIDAD MEDELLÍN CTA,,
20544000030505,C. E. R. VICENTE ARBELAEZ,205440000305,I E R ROSALIA HOYOS,5440,MARINILLA,Oriente,FRATERNIDAD MEDELLÍN CTA,https://drive.google.com/file/d/1bAosSgq_TWd5Ek_da-H7tpzuoK9wal1T/view?usp=sharing,
20544000030502,E R MAURICIO RAMIREZ,205440000305,I E R ROSALIA HOYOS,5440,MARINILLA,Oriente,FRATERNIDAD MEDELLÍN CTA,,
20544000030501,I.E.R. ROSALIA HOYOS,205440000305,I E R ROSALIA HOYOS,5440,MARINILLA,Oriente,FRATERNIDAD MEDELLÍN CTA,https://drive.google.com/file/d/1AVLSavWt4bsUIEzGJlrR7EW3e_3MgGoH/view?usp=sharing,
10544000038601,I. E. NORMAL SUPERIOR RAFAEL MARIA GIRALDO,105440000386,I. E. NORMAL SUPERIOR RAFAEL MARIA GIRALDO,5440,MARINILLA,Oriente,FRATERNIDAD MEDELLÍN CTA,,
20544000026702,C. E. R. GENERAL RICARDO MARIA GIRALDO,205440000267,I. E. R. FRANCISCO MANZUETO GIRALDO,5440,MARINILLA,Oriente,FRATERNIDAD MEDELLÍN CTA,,
20544000026704,C. E. R. JUAN DUQUE ESTRADA,205440000267,I. E. R. FRANCISCO MANZUETO GIRALDO,5440,MARINILLA,Oriente,FRATERNIDAD MEDELLÍN CTA,https://drive.google.com/file/d/1TWKG51eXeQmaousq0QKbm88XQyT7tjq5/view?usp=sharing,
20544000026705,C. E. R. MARGARITA URREA,205440000267,I. E. R. FRANCISCO MANZUETO GIRALDO,5440,MARINILLA,Oriente,FRATERNIDAD MEDELLÍN CTA,https://drive.google.com/file/d/1upku0IEbnL2yZTnJUtC5qM0pmnKxsncC/view?usp=sharing,
20544000026706,C. E. R. MATEO DE JESUS TORO,205440000267,I. E. R. FRANCISCO MANZUETO GIRALDO,5440,MARINILLA,Oriente,FRATERNIDAD MEDELLÍN CTA,https://drive.google.com/file/d/1e31h_7JB8QV2Sx6pg3vDRYf7vCnXysEW/view?usp=sharing,
20544000026703,C. E. R. OBDULIO DUQUE,205440000267,I. E. R. FRANCISCO MANZUETO GIRALDO,5440,MARINILLA,Oriente,FRATERNIDAD MEDELLÍN CTA,https://drive.google.com/file/d/1rAGM1R136RtrRMTcER5Q2MzhJmf4lgWl/view?usp=sharing,
20544000026701,I. E. R. FRANCISCO MANZUETO GIRALDO,205440000267,I. E. R. FRANCISCO MANZUETO GIRALDO,5440,MARINILLA,Oriente,FRATERNIDAD MEDELLÍN CTA,https://drive.google.com/file/d/17QiUqnxZC0eqE-CUHutqVJEa4EzDbgJ_/view?usp=sharing,
20544000033003,C. E. R. EL CHAGUALO,205440000330,I. E. R. OBISPO EMILIO BOTERO GONZALEZ,5440,MARINILLA,Oriente,FRATERNIDAD MEDELLÍN CTA,https://drive.google.com/file/d/1Hj6Kp9b3W_aizrQVqnAcBfTdTkWtm2AO/view?usp=sharing,
20544000033009,C. E. R. FABIAN SEBASTIAN JIMENEZ,205440000330,I. E. R. OBISPO EMILIO BOTERO GONZALEZ,5440,MARINILLA,Oriente,FRATERNIDAD MEDELLÍN CTA,https://drive.google.com/file/d/1P0dNoBAj3dTEUUL0TO07GSvhQpd638f9/view?usp=sharing,
20544000033007,C. E. R. JOAQUIN GUILLERMO GONZALEZ,205440000330,I. E. R. OBISPO EMILIO BOTERO GONZALEZ,5440,MARINILLA,Oriente,FRATERNIDAD MEDELLÍN CTA,https://drive.google.com/file/d/1bnlMQFGNJzPNaU6Ms5C5hKD6KhwIh79h/view?usp=sharing,
20544000033002,C. E. R. LINO DE J ACEVEDO Y ZULUAGA,205440000330,I. E. R. OBISPO EMILIO BOTERO GONZALEZ,5440,MARINILLA,Oriente,FRATERNIDAD MEDELLÍN CTA,https://drive.google.com/file/d/1gau8qYyYseAKcTmjnfqimaG6FDgW9MPx/view?usp=sharing,
20544000033008,C. E. R. MARCO ANTONIO ALZATE,205440000330,I. E. R. OBISPO EMILIO BOTERO GONZALEZ,5440,MARINILLA,Oriente,FRATERNIDAD MEDELLÍN CTA,,
20544000033004,C. E. R. OBISPO VALERIO ANTONIO JIMENEZ,205440000330,I. E. R. OBISPO EMILIO BOTERO GONZALEZ,5440,MARINILLA,Oriente,FRATERNIDAD MEDELLÍN CTA,,
20544000016005,C. E. R. PRESBITERO MARCOS DUQUE S,205440000330,I. E. R. OBISPO EMILIO BOTERO GONZALEZ,5440,MARINILLA,Oriente,FRATERNIDAD MEDELLÍN CTA,https://drive.google.com/file/d/1CwS23BvUrC2Ue6pzafUqaCGKsVA82Eau/view?usp=sharing,
20544000033006,C. E. R. SANTA CRUZ,205440000330,I. E. R. OBISPO EMILIO BOTERO GONZALEZ,5440,MARINILLA,Oriente,FRATERNIDAD MEDELLÍN CTA,,
20544000033001,I. E. R. OBISPO EMILIO BOTERO GONZALEZ,205440000330,I. E. R. OBISPO EMILIO BOTERO GONZALEZ,5440,MARINILLA,Oriente,FRATERNIDAD MEDELLÍN CTA,,
10544000040808,C. E. R. GABRIEL DUQUE GOMEZ,105440000408,I. E. R. TECNICO DE MARINILLA,5440,MARINILLA,Oriente,FRATERNIDAD MEDELLÍN CTA,https://drive.google.com/file/d/15J7wv2Zx2QwpdrI-wetY7Qh3h7ZipU_5/view?usp=sharing,
10544000040809,C. E. R. ISIDORO GOMEZ,105440000408,I. E. R. TECNICO DE MARINILLA,5440,MARINILLA,Oriente,FRATERNIDAD MEDELLÍN CTA,https://drive.google.com/file/d/1siJcnuL7qVjCvcGNcFr5UHksk8TU8jZV/view?usp=sharing,
10544000040804,C. E. R. MAXIMILIANO GOMEZ,105440000408,I. E. R. TECNICO DE MARINILLA,5440,MARINILLA,Oriente,FRATERNIDAD MEDELLÍN CTA,,
10544000040806,C. E. R. PRESBITERO JOSE MARIA GOMEZ,105440000408,I. E. R. TECNICO DE MARINILLA,5440,MARINILLA,Oriente,FRATERNIDAD MEDELLÍN CTA,,
10544000040807,C. E. R. YARUMOS,105440000408,I. E. R. TECNICO DE MARINILLA,5440,MARINILLA,Oriente,FRATERNIDAD MEDELLÍN CTA,https://drive.google.com/file/d/1KaF96M0Fcp7t_YFUmcuRdMoBsQ3_Zdhv/view?usp=sharing,
10544000040803,E R MARCOS OSSA GARCIA,105440000408,I. E. R. TECNICO DE MARINILLA,5440,MARINILLA,Oriente,FRATERNIDAD MEDELLÍN CTA,https://drive.google.com/file/d/1FgizNnApFd7iybrZgZhBsiwzgqEGxvs8/view?usp=sharing,
10544000040801,INSTITUTO TECNICO DE MARINILLA,105440000408,I. E. R. TECNICO DE MARINILLA,5440,MARINILLA,Oriente,FRATERNIDAD MEDELLÍN CTA,,
10544000006802,E U SABINA MUÑOZ DE BONILLA ,105440000068,I. E. ROMAN GOMEZ,5440,MARINILLA,Oriente,FRATERNIDAD MEDELLÍN CTA,,
10544000006802,E U SABINA MUÑOZ DE BONILLA ,105440000068,I. E. ROMAN GOMEZ,5440,MARINILLA,Oriente,FRATERNIDAD MEDELLÍN CTA,,
10544000006801,I.E. ROMAN GOMEZ,105440000068,I. E. ROMAN GOMEZ,5440,MARINILLA,Oriente,FRATERNIDAD MEDELLÍN CTA,,
10544000013103,EU ROSALES,105440000131,I. E. SAN JOSE,5440,MARINILLA,Oriente,FRATERNIDAD MEDELLÍN CTA,https://drive.google.com/file/d/19fJzQT9wqSv6XRlO1_0EAzAocdoo2sij/view?usp=sharing,
10544000013101,I. E. SAN JOSE,105440000131,I. E. SAN JOSE,5440,MARINILLA,Oriente,FRATERNIDAD MEDELLÍN CTA,,
10544000046703,E U JORGE R DE POSADA,105440000467,I. E. TECNICO INDUSTRIAL SIMONA DUQUE,5440,MARINILLA,Oriente,FRATERNIDAD MEDELLÍN CTA,,
10544000046703,E U JORGE R DE POSADA,105440000467,I. E. TECNICO INDUSTRIAL SIMONA DUQUE,5440,MARINILLA,Oriente,FRATERNIDAD MEDELLÍN CTA,https://drive.google.com/file/d/1h0Rwrt6kJTbzCrbGvtidtFj6MowtdR5c/view?usp=sharing,
10544000046701,INSTITUTO TECNICO INDUSTRIAL SIMONA DUQUE,105440000467,I. E. TECNICO INDUSTRIAL SIMONA DUQUE,5440,MARINILLA,Oriente,FRATERNIDAD MEDELLÍN CTA,,
20548300006610,C. E. R. BELLAVISTA,205483000066,C. E. R. EL CARMELO,5483,NARIÝO,Oriente,FRATERNIDAD MEDELLÍN CTA,,
20548300006608,C. E. R. DAMAS,205483000066,C. E. R. EL CARMELO,5483,NARIÝO,Oriente,FRATERNIDAD MEDELLÍN CTA,,
20548300006611,C. E. R. EL CARAÑO,205483000066,C. E. R. EL CARMELO,5483,NARIÝO,Oriente,FRATERNIDAD MEDELLÍN CTA,,
20548300006601,C. E. R. EL CARMELO,205483000066,C. E. R. EL CARMELO,5483,NARIÝO,Oriente,FRATERNIDAD MEDELLÍN CTA,,
20548300006604,C. E. R. EL CONDOR,205483000066,C. E. R. EL CARMELO,5483,NARIÝO,Oriente,FRATERNIDAD MEDELLÍN CTA,https://drive.google.com/file/d/1S09OzDxhw-buXCcN5wmEQjRbt6r4KqfF/view?usp=sharing,
20548300006603,C. E. R. EL LIMON,205483000066,C. E. R. EL CARMELO,5483,NARIÝO,Oriente,FRATERNIDAD MEDELLÍN CTA,https://drive.google.com/file/d/1ODJCDpxgPVjWxrLtVW03wUsAze_YxB5J/view?usp=sharing,
20548300006609,C. E. R. LA ARGENTINA,205483000066,C. E. R. EL CARMELO,5483,NARIÝO,Oriente,FRATERNIDAD MEDELLÍN CTA,https://drive.google.com/file/d/1gIliF8HSgpeEf5suC5369PnUh4B8D5hj/view?usp=sharing,
20548300006605,C. E. R. LA BALVANERA,205483000066,C. E. R. EL CARMELO,5483,NARIÝO,Oriente,FRATERNIDAD MEDELLÍN CTA,,
20548300006612,C. E. R. LA PEDRERA,205483000066,C. E. R. EL CARMELO,5483,NARIÝO,Oriente,FRATERNIDAD MEDELLÍN CTA,,
20548300006606,C. E. R. LAS MANGAS,205483000066,C. E. R. EL CARMELO,5483,NARIÝO,Oriente,FRATERNIDAD MEDELLÍN CTA,https://drive.google.com/file/d/1A7cmxEeKD0XqKCqIG9PwuckAzwVYXJGw/view?usp=sharing,
20548300006602,C. E. R. SAN ANDRES,205483000066,C. E. R. EL CARMELO,5483,NARIÝO,Oriente,FRATERNIDAD MEDELLÍN CTA,,
20548300006607,C. E. R. SAN PABLO,205483000066,C. E. R. EL CARMELO,5483,NARIÝO,Oriente,FRATERNIDAD MEDELLÍN CTA,,
20548300003109,C. E. R. BALSORA,205483000031,C. E. R. UVITAL,5483,NARIÝO,Oriente,FRATERNIDAD MEDELLÍN CTA,,
20548300003102,C. E. R. BERLIN,205483000031,C. E. R. UVITAL,5483,NARIÝO,Oriente,FRATERNIDAD MEDELLÍN CTA,,
20548300003110,C. E. R. CAMPOALEGRE,205483000031,C. E. R. UVITAL,5483,NARIÝO,Oriente,FRATERNIDAD MEDELLÍN CTA,https://drive.google.com/file/d/1b-QA5ZvQyn2JbQh6NiYj3h2zNBT13vqp/view?usp=sharing,
20548300003103,C. E. R. EL JAZMIN,205483000031,C. E. R. UVITAL,5483,NARIÝO,Oriente,FRATERNIDAD MEDELLÍN CTA,https://drive.google.com/file/d/1Dvo0XVobgoTtwd84AsYO-mTp7gbEBQCb/view?usp=sharing,
20548300003104,C. E. R. EL PALMAR,205483000031,C. E. R. UVITAL,5483,NARIÝO,Oriente,FRATERNIDAD MEDELLÍN CTA,,
20548300003111,C. E. R. GUAMAL,205483000031,C. E. R. UVITAL,5483,NARIÝO,Oriente,FRATERNIDAD MEDELLÍN CTA,https://drive.google.com/file/d/1y0o9KvcJk1iE2jGzwRPgopToP8gWuCE4/view?usp=sharing,
20548300003105,C. E. R. MORRO AZUL,205483000031,C. E. R. UVITAL,5483,NARIÝO,Oriente,FRATERNIDAD MEDELLÍN CTA,,
20548300003108,C. E. R. REQUINTADERO,205483000031,C. E. R. UVITAL,5483,NARIÝO,Oriente,FRATERNIDAD MEDELLÍN CTA,,
20548300003107,C. E. R. SAN JOAQUIN,205483000031,C. E. R. UVITAL,5483,NARIÝO,Oriente,FRATERNIDAD MEDELLÍN CTA,,
20548300003106,C. E. R. SANTA ROSA,205483000031,C. E. R. UVITAL,5483,NARIÝO,Oriente,FRATERNIDAD MEDELLÍN CTA,,
20548300003101,C. E. R. UVITAL,205483000031,C. E. R. UVITAL,5483,NARIÝO,Oriente,FRATERNIDAD MEDELLÍN CTA,,
10548300034710,C. E. R. EL GUAMITO,105483000347,I. E. INMACULADA CONCEPCION,5483,NARIÝO,Oriente,FRATERNIDAD MEDELLÍN CTA,,
10548300034702,C. E. R. EL LLANO,105483000347,I. E. INMACULADA CONCEPCION,5483,NARIÝO,Oriente,FRATERNIDAD MEDELLÍN CTA,,
10548300034705,C. E. R. EL RECREO,105483000347,I. E. INMACULADA CONCEPCION,5483,NARIÝO,Oriente,FRATERNIDAD MEDELLÍN CTA,https://drive.google.com/file/d/1zEFihZHICtuTMvW_lkfJVvBNYLteTIm4/view?usp=sharing,
10548300034707,C. E. R. LA QUIEBRA DE SAN JUAN,105483000347,I. E. INMACULADA CONCEPCION,5483,NARIÝO,Oriente,FRATERNIDAD MEDELLÍN CTA,,
10548300034706,C. E. R. MEDIACUESTA,105483000347,I. E. INMACULADA CONCEPCION,5483,NARIÝO,Oriente,FRATERNIDAD MEDELLÍN CTA,https://drive.google.com/file/d/1RqnJiuSBGj11eEMWtYvFd62SHin2zkVO/view?usp=sharing,
10548300034704,C. E. R. QUIEBRA DE SAN JOSE,105483000347,I. E. INMACULADA CONCEPCION,5483,NARIÝO,Oriente,FRATERNIDAD MEDELLÍN CTA,https://drive.google.com/file/d/1VIeKvIas_2Gj4y319cCOl1D6FaCmNiob/view?usp=sharing,
10548300034703,C. E. R. QUIEBRA HONDA,105483000347,I. E. INMACULADA CONCEPCION,5483,NARIÝO,Oriente,FRATERNIDAD MEDELLÍN CTA,,
10548300034711,C. E. R. RIO ARRIBA,105483000347,I. E. INMACULADA CONCEPCION,5483,NARIÝO,Oriente,FRATERNIDAD MEDELLÍN CTA,,
10548300034712,C. E. R. SAN MIGUEL,105483000347,I. E. INMACULADA CONCEPCION,5483,NARIÝO,Oriente,FRATERNIDAD MEDELLÍN CTA,https://drive.google.com/file/d/1aq9sGjTfY1MSRqMNjNqFEaHxjCPfl6ei/view?usp=sharing,
10548300034709,C. E. R. SAN PEDRO ARRIBA,105483000347,I. E. INMACULADA CONCEPCION,5483,NARIÝO,Oriente,FRATERNIDAD MEDELLÍN CTA,,
10548300034701,I. E. INMACULADA CONCEPCION,105483000347,I. E. INMACULADA CONCEPCION,5483,NARIÝO,Oriente,FRATERNIDAD MEDELLÍN CTA,,
10548300034708,I.E.R. LA LINDA,105483000347,I. E. INMACULADA CONCEPCION,5483,NARIÝO,Oriente,FRATERNIDAD MEDELLÍN CTA,,
20548300023613,C. E. R. AGUACATAL,205483000236,INSTITUCIÓN EDUCATIVA RURAL PUERTO VENUS,5483,NARIÝO,Oriente,FRATERNIDAD MEDELLÍN CTA,,
20548300023603,C. E. R. EL BOSQUE,205483000236,INSTITUCIÓN EDUCATIVA RURAL PUERTO VENUS,5483,NARIÝO,Oriente,FRATERNIDAD MEDELLÍN CTA,,
20548300023604,C. E. R. EL PIÑAL,205483000236,INSTITUCIÓN EDUCATIVA RURAL PUERTO VENUS,5483,NARIÝO,Oriente,FRATERNIDAD MEDELLÍN CTA,https://drive.google.com/file/d/1rZUP6fhYgp0k_pTIelITJjYjarkGlOam/view?usp=sharing,
20548300023609,C. E. R. EL ZAFIRO,205483000236,INSTITUCIÓN EDUCATIVA RURAL PUERTO VENUS,5483,NARIÝO,Oriente,FRATERNIDAD MEDELLÍN CTA,,
20548300023610,C. E. R. GUADUALITO,205483000236,INSTITUCIÓN EDUCATIVA RURAL PUERTO VENUS,5483,NARIÝO,Oriente,FRATERNIDAD MEDELLÍN CTA,,
20548300023605,C. E. R. LA ESPAÑOLA,205483000236,INSTITUCIÓN EDUCATIVA RURAL PUERTO VENUS,5483,NARIÝO,Oriente,FRATERNIDAD MEDELLÍN CTA,,
20548300023612,C. E. R. LA IGUANA,205483000236,INSTITUCIÓN EDUCATIVA RURAL PUERTO VENUS,5483,NARIÝO,Oriente,FRATERNIDAD MEDELLÍN CTA,,
20548300023608,C. E. R. VENECIA,205483000236,INSTITUCIÓN EDUCATIVA RURAL PUERTO VENUS,5483,NARIÝO,Oriente,FRATERNIDAD MEDELLÍN CTA,,
20548300023601,I. E. R PUERTO VENUS,205483000236,INSTITUCIÓN EDUCATIVA RURAL PUERTO VENUS,5483,NARIÝO,Oriente,FRATERNIDAD MEDELLÍN CTA,https://drive.google.com/file/d/19fho5sx4dyEuMfp_gF7-7ORQUmlBh9iW/view?usp=sharing,
20564900042610,C. E. R. CAÑAVERAL,205649000426,I. E.  RURAL PUERTO GARZA,5649,SAN CARLOS,Oriente,FRATERNIDAD MEDELLÍN CTA,https://drive.google.com/file/d/1usNTmDvoGVbFNcooPPWJV76u8n_plysa/view?usp=sharing,
20564900042607,C. E. R. FRONTERITAS,205649000426,I. E.  RURAL PUERTO GARZA,5649,SAN CARLOS,Oriente,FRATERNIDAD MEDELLÍN CTA,,
20564900042614,C. E. R. GUADUALITO,205649000426,I. E.  RURAL PUERTO GARZA,5649,SAN CARLOS,Oriente,FRATERNIDAD MEDELLÍN CTA,,
20564900042606,C. E. R. LA CIENAGA,205649000426,I. E.  RURAL PUERTO GARZA,5649,SAN CARLOS,Oriente,FRATERNIDAD MEDELLÍN CTA,,
20564900042612,C. E. R. LA FLORIDA,205649000426,I. E.  RURAL PUERTO GARZA,5649,SAN CARLOS,Oriente,FRATERNIDAD MEDELLÍN CTA,https://drive.google.com/file/d/1rzPzm5TwZxdBuGymlPTB-VE-OlRUcwxT/view?usp=sharing,
20564900042609,C. E. R. LA GARRUCHA NO.2,205649000426,I. E.  RURAL PUERTO GARZA,5649,SAN CARLOS,Oriente,FRATERNIDAD MEDELLÍN CTA,,
20564900042611,C. E. R. PIO XII,205649000426,I. E.  RURAL PUERTO GARZA,5649,SAN CARLOS,Oriente,FRATERNIDAD MEDELLÍN CTA,,
20564900042603,C. E. R. PUERTO VELO,205649000426,I. E.  RURAL PUERTO GARZA,5649,SAN CARLOS,Oriente,FRATERNIDAD MEDELLÍN CTA,,
20564900042613,C. E. R. SAMANA,205649000426,I. E.  RURAL PUERTO GARZA,5649,SAN CARLOS,Oriente,FRATERNIDAD MEDELLÍN CTA,https://drive.google.com/file/d/1M0rfdVWcvVzwjo84v4ZhSDirTulQbkkn/view?usp=sharing,
20564900042615,C. E. R. SAN BLAS,205649000426,I. E.  RURAL PUERTO GARZA,5649,SAN CARLOS,Oriente,FRATERNIDAD MEDELLÍN CTA,https://drive.google.com/file/d/1WIytGbOw2RVoNbPEq6p_gUrAQODda7b1/view?usp=sharing,
20564900042605,C. E. R. SIMON BOLIVAR,205649000426,I. E.  RURAL PUERTO GARZA,5649,SAN CARLOS,Oriente,FRATERNIDAD MEDELLÍN CTA,https://drive.google.com/file/d/1OjZeaFWQdZfqn1xrrB3PuzXqQaCEsacz/view?usp=sharing,
20564900042616,C.E.R EL PRADO,205649000426,I. E.  RURAL PUERTO GARZA,5649,SAN CARLOS,Oriente,FRATERNIDAD MEDELLÍN CTA,,
20564900042608,C.E.R. MIRANDITA,205649000426,I. E.  RURAL PUERTO GARZA,5649,SAN CARLOS,Oriente,FRATERNIDAD MEDELLÍN CTA,,
20564900042617,C.E.R. SAN MIGUEL,205649000426,I. E.  RURAL PUERTO GARZA,5649,SAN CARLOS,Oriente,FRATERNIDAD MEDELLÍN CTA,,
20564900042602,CENTRO EDUCATIVO RURAL LOS BERROS,205649000426,I. E.  RURAL PUERTO GARZA,5649,SAN CARLOS,Oriente,FRATERNIDAD MEDELLÍN CTA,,
20564900042601,I. E.  RURAL PUERTO GARZA,205649000426,I. E.  RURAL PUERTO GARZA,5649,SAN CARLOS,Oriente,FRATERNIDAD MEDELLÍN CTA,https://drive.google.com/file/d/1izQxwa2YEFp6n3Af_YMkuuWT4Ql8C3mW/view?usp=sharing,
10564900001406,C. E. R. BUGUITA,105649000014,I. E. JOAQUIN CARDENAS GOMEZ,5649,SAN CARLOS,Oriente,FRATERNIDAD MEDELLÍN CTA,,
10564900001407,C. E. R. LA CABAÑA,105649000014,I. E. JOAQUIN CARDENAS GOMEZ,5649,SAN CARLOS,Oriente,FRATERNIDAD MEDELLÍN CTA,https://drive.google.com/file/d/1k5wodO7Y57e9j0eS35nJzNHcwZj1yZ0f/view?usp=sharing,
10564900001402,E.U. JOHN F. KENNEDY,105649000014,I. E. JOAQUIN CARDENAS GOMEZ,5649,SAN CARLOS,Oriente,FRATERNIDAD MEDELLÍN CTA,https://drive.google.com/file/d/106WOpwbiqfcCyF1XL2SQ7DpMbcZWOd2t/view?usp=sharing,
10564900001404,E.U. MERCEDITAS SANIN CANO,105649000014,I. E. JOAQUIN CARDENAS GOMEZ,5649,SAN CARLOS,Oriente,FRATERNIDAD MEDELLÍN CTA,,
10564900001410,EU ZULIA,105649000014,I. E. JOAQUIN CARDENAS GOMEZ,5649,SAN CARLOS,Oriente,FRATERNIDAD MEDELLÍN CTA,,
10564900001401,LICEO JOAQUIN CARDENAS GOMEZ,105649000014,I. E. JOAQUIN CARDENAS GOMEZ,5649,SAN CARLOS,Oriente,FRATERNIDAD MEDELLÍN CTA,,
20564900002709,C. E. R. ARENOSAS,205649000027,I.E.R.. PALMICHAL,5649,SAN CARLOS,Oriente,FRATERNIDAD MEDELLÍN CTA,,
20564900002702,C. E. R. CALDERAS,205649000027,I.E.R.. PALMICHAL,5649,SAN CARLOS,Oriente,FRATERNIDAD MEDELLÍN CTA,https://drive.google.com/file/d/1b2oStttCm55xNoqMJ8rClkXZBn1f7q4i/view?usp=sharing,
20564900002714,C. E. R. DOS QUEBRADAS,205649000027,I.E.R.. PALMICHAL,5649,SAN CARLOS,Oriente,FRATERNIDAD MEDELLÍN CTA,https://drive.google.com/file/d/1rH1d-wNxyEIdceS7dLya9u5YsY-vJM8b/view?usp=sharing,
20564900002708,C. E. R. EL TABOR,205649000027,I.E.R.. PALMICHAL,5649,SAN CARLOS,Oriente,FRATERNIDAD MEDELLÍN CTA,https://drive.google.com/file/d/1My84GixG2J3geBgtF0gF0IESOLW2RvH_/view?usp=sharing,
20564900002712,C. E. R. LA ESPERANZA,205649000027,I.E.R.. PALMICHAL,5649,SAN CARLOS,Oriente,FRATERNIDAD MEDELLÍN CTA,https://drive.google.com/file/d/1BvvRIFTej6V93gc82zh3KbHXVTwmAGTN/view?usp=sharing,
20564900002703,C. E. R. LA HONDITA,205649000027,I.E.R.. PALMICHAL,5649,SAN CARLOS,Oriente,FRATERNIDAD MEDELLÍN CTA,,
20564900002710,C. E. R. LA SAGRADA FAMILIA,205649000027,I.E.R.. PALMICHAL,5649,SAN CARLOS,Oriente,FRATERNIDAD MEDELLÍN CTA,https://drive.google.com/file/d/1EEZEbh-k1fZqMDYVGEXbKrfgNGg5oZZw/view?usp=sharing,
20564900002715,C. E. R. LA TUPIADA,205649000027,I.E.R.. PALMICHAL,5649,SAN CARLOS,Oriente,FRATERNIDAD MEDELLÍN CTA,https://drive.google.com/file/d/15H-cVmFwFZeNvzVu2d0Xke89EHo9c3S2/view?usp=sharing,
20564900002711,C. E. R. LAS CAMELIAS,205649000027,I.E.R.. PALMICHAL,5649,SAN CARLOS,Oriente,FRATERNIDAD MEDELLÍN CTA,https://drive.google.com/file/d/1dbQH2ZMTPuhW6qd8At485hIAgotQlQid/view?usp=sharing,
20564900002713,C. E. R. PUERTO RICO,205649000027,I.E.R.. PALMICHAL,5649,SAN CARLOS,Oriente,FRATERNIDAD MEDELLÍN CTA,https://drive.google.com/file/d/1ViHFBMwmgnKh_iPmmyMBjZ3nuv4qjxZw/view?usp=sharing,
20564900002716,C. E. R. VALLEJUELITO,205649000027,I.E.R.. PALMICHAL,5649,SAN CARLOS,Oriente,FRATERNIDAD MEDELLÍN CTA,https://drive.google.com/file/d/162o_eOFuUrYKNg-QmPBbVk25myFbQt-_/view?usp=sharing,
20564900002704,C.E.R. EL CHOCO,205649000027,I.E.R.. PALMICHAL,5649,SAN CARLOS,Oriente,FRATERNIDAD MEDELLÍN CTA,,
20564900002705,C.E.R. EL VERGEL,205649000027,I.E.R.. PALMICHAL,5649,SAN CARLOS,Oriente,FRATERNIDAD MEDELLÍN CTA,https://drive.google.com/file/d/1X2AiMYXIc6KortSr2cw0rV5RcUaxgInl/view?usp=sharing,
20564900002706,C.E.R. HORTONÁ,205649000027,I.E.R.. PALMICHAL,5649,SAN CARLOS,Oriente,FRATERNIDAD MEDELLÍN CTA,,
20564900002701,I.E.R. PALMICHAL,205649000027,I.E.R.. PALMICHAL,5649,SAN CARLOS,Oriente,FRATERNIDAD MEDELLÍN CTA,https://drive.google.com/file/d/1P3-q7qAs4efZvskSJ8sYIdTiiH-8B_AO/view?usp=sharing,
20564900078710,AGUALINDA,205649000787,INSTITUCION EDUCATIVA RURAL EL JORDAN,5649,SAN CARLOS,Oriente,FRATERNIDAD MEDELLÍN CTA,https://drive.google.com/file/d/10rgOy_qqwQpOIRt6vymU-Ug2NfBEAkac/view?usp=sharing,
20564900078706,CARLOS CIRO,205649000787,INSTITUCION EDUCATIVA RURAL EL JORDAN,5649,SAN CARLOS,Oriente,FRATERNIDAD MEDELLÍN CTA,https://drive.google.com/file/d/1C2Mek4HrmJ2DCiZ7QwpBc5oORryc3sir/view?usp=sharing,
20564900078701,COLEGIO EL JORDAN,205649000787,INSTITUCION EDUCATIVA RURAL EL JORDAN,5649,SAN CARLOS,Oriente,FRATERNIDAD MEDELLÍN CTA,,
20564900078715,EL CERRO,205649000787,INSTITUCION EDUCATIVA RURAL EL JORDAN,5649,SAN CARLOS,Oriente,FRATERNIDAD MEDELLÍN CTA,,
20564900078704,EL CHARCON,205649000787,INSTITUCION EDUCATIVA RURAL EL JORDAN,5649,SAN CARLOS,Oriente,FRATERNIDAD MEDELLÍN CTA,https://drive.google.com/file/d/1gPdfRnyWvj583gfWtPytpt-oyisq5oTe/view?usp=sharing,
20564900078703,JUAN XXIII,205649000787,INSTITUCION EDUCATIVA RURAL EL JORDAN,5649,SAN CARLOS,Oriente,FRATERNIDAD MEDELLÍN CTA,,
20564900078709,MARIA AUXILIADORA,205649000787,INSTITUCION EDUCATIVA RURAL EL JORDAN,5649,SAN CARLOS,Oriente,FRATERNIDAD MEDELLÍN CTA,,
20564900078713,NUEVA RISARALDA,205649000787,INSTITUCION EDUCATIVA RURAL EL JORDAN,5649,SAN CARLOS,Oriente,FRATERNIDAD MEDELLÍN CTA,https://drive.google.com/file/d/1mmfSG9W5lLTFRH3wsdbSwlHPwjoBaFfi/view?usp=sharing,
20564900078702,PBRO. MARCOS GOMEZ,205649000787,INSTITUCION EDUCATIVA RURAL EL JORDAN,5649,SAN CARLOS,Oriente,FRATERNIDAD MEDELLÍN CTA,https://drive.google.com/file/d/1mNFa8gAXWDxR_kIKFeeA0BxWxM_ai0vM/view?usp=sharing,
20564900078705,PRESBITERO CARLOS GOMEZ,205649000787,INSTITUCION EDUCATIVA RURAL EL JORDAN,5649,SAN CARLOS,Oriente,FRATERNIDAD MEDELLÍN CTA,,
20564900078716,SANTA INES,205649000787,INSTITUCION EDUCATIVA RURAL EL JORDAN,5649,SAN CARLOS,Oriente,FRATERNIDAD MEDELLÍN CTA,,
20565200000311,C. E. R. EL ARREBOL,205652000003,C. E. R. SAN JUAN DE AQUITANIA,5652,SAN FRANCISCO,Oriente,FRATERNIDAD MEDELLÍN CTA,https://drive.google.com/file/d/1pMXJSNf87sucwH48ooVVI_WJqAVIp463/view?usp=sharing,
20565200000304,C. E. R. EL CASCARILLO,205652000003,C. E. R. SAN JUAN DE AQUITANIA,5652,SAN FRANCISCO,Oriente,FRATERNIDAD MEDELLÍN CTA,https://drive.google.com/file/d/141rL7fI0Wk8DEXvc6VD-L_-1rYPqCb1c/view?usp=sharing,
20565200000306,C. E. R. JARDIN DE AQUITANIA,205652000003,C. E. R. SAN JUAN DE AQUITANIA,5652,SAN FRANCISCO,Oriente,FRATERNIDAD MEDELLÍN CTA,,
20565200000307,C. E. R. LOS YERBALES,205652000003,C. E. R. SAN JUAN DE AQUITANIA,5652,SAN FRANCISCO,Oriente,FRATERNIDAD MEDELLÍN CTA,,
20565200000308,C. E. R. MIRAFLORES,205652000003,C. E. R. SAN JUAN DE AQUITANIA,5652,SAN FRANCISCO,Oriente,FRATERNIDAD MEDELLÍN CTA,,
20565200000309,C. E. R. PBRO ROBERTO SANCHEZ - LA CRISTALINA,205652000003,C. E. R. SAN JUAN DE AQUITANIA,5652,SAN FRANCISCO,Oriente,FRATERNIDAD MEDELLÍN CTA,https://drive.google.com/file/d/1vPrranTtbFTLw8Y-GYh3qp5Ya9Zg8R7D/view?usp=sharing,
20565200000310,C. E. R. POCITOS,205652000003,C. E. R. SAN JUAN DE AQUITANIA,5652,SAN FRANCISCO,Oriente,FRATERNIDAD MEDELLÍN CTA,,
20565200000301,C. E. R. SAN JUAN DE AQUITANIA,205652000003,C. E. R. SAN JUAN DE AQUITANIA,5652,SAN FRANCISCO,Oriente,FRATERNIDAD MEDELLÍN CTA,https://drive.google.com/file/d/10_SsXWMnSCVf8JFTkNDO_fVQKtKYVr02/view?usp=sharing,
20565200000312,LA FE,205652000003,C. E. R. SAN JUAN DE AQUITANIA,5652,SAN FRANCISCO,Oriente,FRATERNIDAD MEDELLÍN CTA,,
20565200000314,LA HINOJOSA,205652000003,C. E. R. SAN JUAN DE AQUITANIA,5652,SAN FRANCISCO,Oriente,FRATERNIDAD MEDELLÍN CTA,https://drive.google.com/file/d/1n4q14bzcqkrtTjH3FlBcnUYnFesbQ6wT/view?usp=sharing,
20519700084923,C. E. R. BOQUERON,205197000849,INSTITUCION EDUCATIVA SAN FRANCISCO,5652,SAN FRANCISCO,Oriente,FRATERNIDAD MEDELLÍN CTA,,
20519700084917,C. E. R. EL TAGUAL,205197000849,INSTITUCION EDUCATIVA SAN FRANCISCO,5652,SAN FRANCISCO,Oriente,FRATERNIDAD MEDELLÍN CTA,,
20519700084914,C. E. R. GUACALES,205197000849,INSTITUCION EDUCATIVA SAN FRANCISCO,5652,SAN FRANCISCO,Oriente,FRATERNIDAD MEDELLÍN CTA,,
20519700084921,C. E. R. LA ESPERANZA,205197000849,INSTITUCION EDUCATIVA SAN FRANCISCO,5652,SAN FRANCISCO,Oriente,FRATERNIDAD MEDELLÍN CTA,,
20519700084919,C. E. R. LA LORA,205197000849,INSTITUCION EDUCATIVA SAN FRANCISCO,5652,SAN FRANCISCO,Oriente,FRATERNIDAD MEDELLÍN CTA,,
20519700084915,C. E. R. LA MARAVILLA,205197000849,INSTITUCION EDUCATIVA SAN FRANCISCO,5652,SAN FRANCISCO,Oriente,FRATERNIDAD MEDELLÍN CTA,,
20519700084916,C. E. R. LAS AGUADAS,205197000849,INSTITUCION EDUCATIVA SAN FRANCISCO,5652,SAN FRANCISCO,Oriente,FRATERNIDAD MEDELLÍN CTA,https://drive.google.com/file/d/1ccMw5oxvjlMu-C8iauhggYpkNH4BM42G/view?usp=sharing,
20519700084922,C. E. R. PAJUI,205197000849,INSTITUCION EDUCATIVA SAN FRANCISCO,5652,SAN FRANCISCO,Oriente,FRATERNIDAD MEDELLÍN CTA,,
20519700084920,C. E. R. SAN ISIDRO,205197000849,INSTITUCION EDUCATIVA SAN FRANCISCO,5652,SAN FRANCISCO,Oriente,FRATERNIDAD MEDELLÍN CTA,,
20519700084920,C. E. R. SAN ISIDRO,205197000849,INSTITUCION EDUCATIVA SAN FRANCISCO,5652,SAN FRANCISCO,Oriente,FRATERNIDAD MEDELLÍN CTA,https://drive.google.com/file/d/15mH3qw1-DHLqaNHGjXWBmAMgStwckvnl/view?usp=sharing,
20519700084901,I. E. SAN FRANCISCO,205197000849,INSTITUCION EDUCATIVA SAN FRANCISCO,5652,SAN FRANCISCO,Oriente,FRATERNIDAD MEDELLÍN CTA,https://drive.google.com/file/d/1vn-SGZroq4f-zwX-nrTXIEfk55xjisDd/view?usp=sharing,
20566000085310,EL POPAL,205660000853,I. E. R. LA JOSEFINA,5660,SAN LUIS,Oriente,FRATERNIDAD MEDELLÍN CTA,https://drive.google.com/file/d/1x8LdNzlomPrsJVIrnTgnHC2DxG6dOiEb/view?usp=sharing,
20566000085306,EL SILENCIO,205660000853,I. E. R. LA JOSEFINA,5660,SAN LUIS,Oriente,FRATERNIDAD MEDELLÍN CTA,,
20566000085301,I. E. R. LA JOSEFINA,205660000853,I. E. R. LA JOSEFINA,5660,SAN LUIS,Oriente,FRATERNIDAD MEDELLÍN CTA,https://drive.google.com/file/d/1ZnKm6NPxgPUCaCkGDPpaX46215QE8TxL/view?usp=sharing,
20566000085304,LA ARAUCA,205660000853,I. E. R. LA JOSEFINA,5660,SAN LUIS,Oriente,FRATERNIDAD MEDELLÍN CTA,https://drive.google.com/file/d/1olKrLS9Jid-hfmMpMvm5VhnbLcyEyTQv/view?usp=sharing,
20566000085307,LA GARRUCHA,205660000853,I. E. R. LA JOSEFINA,5660,SAN LUIS,Oriente,FRATERNIDAD MEDELLÍN CTA,https://drive.google.com/file/d/1Cr-UkTlr7gIqg54cGJP-x3ftsPGG4CSj/view?usp=sharing,
20566000085308,SAN PABLO,205660000853,I. E. R. LA JOSEFINA,5660,SAN LUIS,Oriente,FRATERNIDAD MEDELLÍN CTA,,
20566000085311,SANTA ROSA,205660000853,I. E. R. LA JOSEFINA,5660,SAN LUIS,Oriente,FRATERNIDAD MEDELLÍN CTA,,
20566000085302,TABITAS,205660000853,I. E. R. LA JOSEFINA,5660,SAN LUIS,Oriente,FRATERNIDAD MEDELLÍN CTA,https://drive.google.com/file/d/1FaYKVfavaIM69hqp0CBIuSyi8ZkgTT1q/view?usp=sharing,
20566000085305,TEBAIDA,205660000853,I. E. R. LA JOSEFINA,5660,SAN LUIS,Oriente,FRATERNIDAD MEDELLÍN CTA,,
20566000085312,VALLESOL,205660000853,I. E. R. LA JOSEFINA,5660,SAN LUIS,Oriente,FRATERNIDAD MEDELLÍN CTA,https://drive.google.com/file/d/16sHjZiU60rzbK9HftGcOgpllZGsw8ld0/view?usp=sharing,
20566000097703,C. E. R. LA CUMBRE,205660000977,I.E.R. ALTAVISTA,5660,SAN LUIS,Oriente,FRATERNIDAD MEDELLÍN CTA,,
20566000097702,C. E. R. MONTELORO,205660000977,I.E.R. ALTAVISTA,5660,SAN LUIS,Oriente,FRATERNIDAD MEDELLÍN CTA,https://drive.google.com/file/d/1oZIwZYZzBMo7gP7a9aeVElwntcZM8VU1/view?usp=sharing,
20566000097704,C. E. R. VEGA GRANDE,205660000977,I.E.R. ALTAVISTA,5660,SAN LUIS,Oriente,FRATERNIDAD MEDELLÍN CTA,,
20566000097705,C.E.R ALTAVISTA PARTE ALTA,205660000977,I.E.R. ALTAVISTA,5660,SAN LUIS,Oriente,FRATERNIDAD MEDELLÍN CTA,,
20566000097701,I.E.R. ALTAVISTA,205660000977,I.E.R. ALTAVISTA,5660,SAN LUIS,Oriente,FRATERNIDAD MEDELLÍN CTA,https://drive.google.com/file/d/1VQs7oU1i97QugssoVES-bpfM72YGn-MM/view?usp=sharing,
20566000028402,C. E. R. LA CRISTALINA,205660000284,I.E.R. EL PRODIGIO,5660,SAN LUIS,Oriente,FRATERNIDAD MEDELLÍN CTA,,
20566000028403,C. E. R. LAS CONFUSAS,205660000284,I.E.R. EL PRODIGIO,5660,SAN LUIS,Oriente,FRATERNIDAD MEDELLÍN CTA,,
20566000028401,I.E.R. EL PRODIGIO,205660000284,I.E.R. EL PRODIGIO,5660,SAN LUIS,Oriente,FRATERNIDAD MEDELLÍN CTA,https://drive.google.com/file/d/1I8i4R8vtgh2rOU9PgWu2wxnXeBIt0p97/view?usp=sharing,
10566000027108,C. E. R. BARRO BLANCO,105660000271,INSTITUCION EDUCATIVA SAN LUIS,5660,SAN LUIS,Oriente,FRATERNIDAD MEDELLÍN CTA,https://drive.google.com/file/d/1crQcj3k2DJ9Phk9i0dyGnyqisB36cc_a/view?usp=sharing,
10566000027110,C. E. R. CUBA,105660000271,INSTITUCION EDUCATIVA SAN LUIS,5660,SAN LUIS,Oriente,FRATERNIDAD MEDELLÍN CTA,https://drive.google.com/file/d/1LEq8vI4yE6cR8rB16OKdsTwJJRaAJCjI/view?usp=sharing,
10566000027109,C. E. R. EL PAISA,105660000271,INSTITUCION EDUCATIVA SAN LUIS,5660,SAN LUIS,Oriente,FRATERNIDAD MEDELLÍN CTA,,
10566000027106,C. E. R. EL PORVENIR,105660000271,INSTITUCION EDUCATIVA SAN LUIS,5660,SAN LUIS,Oriente,FRATERNIDAD MEDELLÍN CTA,,
10566000027113,C. E. R. LA ESTRELLA,105660000271,INSTITUCION EDUCATIVA SAN LUIS,5660,SAN LUIS,Oriente,FRATERNIDAD MEDELLÍN CTA,,
10566000027111,C. E. R. PALESTINA,105660000271,INSTITUCION EDUCATIVA SAN LUIS,5660,SAN LUIS,Oriente,FRATERNIDAD MEDELLÍN CTA,https://drive.google.com/file/d/1r3gevEHzmogM1XoWb2hlJ8RI-vo0FiKA/view?usp=sharing,
10566000027114,C. E. R. SANTA BARBARA,105660000271,INSTITUCION EDUCATIVA SAN LUIS,5660,SAN LUIS,Oriente,FRATERNIDAD MEDELLÍN CTA,https://drive.google.com/file/d/1EhKnbYFCIYDJJR08GGQ9YXuLmmUXy3Rh/view?usp=sharing,
10566000027107,C. E. R. SOPETRAN,105660000271,INSTITUCION EDUCATIVA SAN LUIS,5660,SAN LUIS,Oriente,FRATERNIDAD MEDELLÍN CTA,https://drive.google.com/file/d/195-GePlp6rcvzwq7Gg0rs8sMOWs5Ep9I/view?usp=sharing,
10566000027102,E U JUAN J HOYOS GOMEZ,105660000271,INSTITUCION EDUCATIVA SAN LUIS,5660,SAN LUIS,Oriente,FRATERNIDAD MEDELLÍN CTA,,
10566000027103,E U MADRE LAURA,105660000271,INSTITUCION EDUCATIVA SAN LUIS,5660,SAN LUIS,Oriente,FRATERNIDAD MEDELLÍN CTA,,
10566000027119,EMPRENDEDORES,105660000271,INSTITUCION EDUCATIVA SAN LUIS,5660,SAN LUIS,Oriente,FRATERNIDAD MEDELLÍN CTA,,
10566000027104,I. E. BUENOS AIRES,105660000271,INSTITUCION EDUCATIVA SAN LUIS,5660,SAN LUIS,Oriente,FRATERNIDAD MEDELLÍN CTA,https://drive.google.com/file/d/1WlhdahuHBFjdAvwvS3wZtaWxf_b8pmr9/view?usp=sharing,
10566000027117,LA ARABIA,105660000271,INSTITUCION EDUCATIVA SAN LUIS,5660,SAN LUIS,Oriente,FRATERNIDAD MEDELLÍN CTA,,
10566000027101,LICEO SAN LUIS,105660000271,INSTITUCION EDUCATIVA SAN LUIS,5660,SAN LUIS,Oriente,FRATERNIDAD MEDELLÍN CTA,,
10566000027115,MANIZALES,105660000271,INSTITUCION EDUCATIVA SAN LUIS,5660,SAN LUIS,Oriente,FRATERNIDAD MEDELLÍN CTA,,
20566700043306,C. E. R. CAMELIAS,205667000433,C. E. R. EL TOPACIO,5667,SAN RAFAEL,Oriente,FRATERNIDAD MEDELLÍN CTA,,
20566700043313,C. E. R. CARDAL,205667000433,C. E. R. EL TOPACIO,5667,SAN RAFAEL,Oriente,FRATERNIDAD MEDELLÍN CTA,https://drive.google.com/file/d/1QpJ4F_t04ZmxZRfWZwkO68nKAd3SB2xW/view?usp=sharing,
20566700043302,C. E. R. CHICO,205667000433,C. E. R. EL TOPACIO,5667,SAN RAFAEL,Oriente,FRATERNIDAD MEDELLÍN CTA,,
20566700043311,C. E. R. EL GOLGOTA,205667000433,C. E. R. EL TOPACIO,5667,SAN RAFAEL,Oriente,FRATERNIDAD MEDELLÍN CTA,,
20566700043304,C. E. R. EL INGENIO,205667000433,C. E. R. EL TOPACIO,5667,SAN RAFAEL,Oriente,FRATERNIDAD MEDELLÍN CTA,https://drive.google.com/file/d/1dV2SyhGmrX0uFBRqzzT49ty2lhJv9xeL/view?usp=sharing,
20566700043309,C. E. R. EL JAGUE,205667000433,C. E. R. EL TOPACIO,5667,SAN RAFAEL,Oriente,FRATERNIDAD MEDELLÍN CTA,,
20566700043301,C. E. R. EL TOPACIO,205667000433,C. E. R. EL TOPACIO,5667,SAN RAFAEL,Oriente,FRATERNIDAD MEDELLÍN CTA,,
20566700043316,C. E. R. LA DORADA,205667000433,C. E. R. EL TOPACIO,5667,SAN RAFAEL,Oriente,FRATERNIDAD MEDELLÍN CTA,,
20566700043310,C. E. R. LA FLORIDA,205667000433,C. E. R. EL TOPACIO,5667,SAN RAFAEL,Oriente,FRATERNIDAD MEDELLÍN CTA,https://drive.google.com/file/d/1MHd2hIq-dnJvJGIzQ4HZKLj-4P3Y65k9/view?usp=sharing,
20566700043314,C. E. R. LA GRANJA,205667000433,C. E. R. EL TOPACIO,5667,SAN RAFAEL,Oriente,FRATERNIDAD MEDELLÍN CTA,,
20566700043305,C. E. R. LA IRACA,205667000433,C. E. R. EL TOPACIO,5667,SAN RAFAEL,Oriente,FRATERNIDAD MEDELLÍN CTA,https://drive.google.com/file/d/1ZmioBAxN2aSxEtDyuoLiu0foz8IQfLXc/view?usp=sharing,
20566700043307,C. E. R. LAS DIVISAS,205667000433,C. E. R. EL TOPACIO,5667,SAN RAFAEL,Oriente,FRATERNIDAD MEDELLÍN CTA,,
20566700043312,C. E. R. PIEDRAS ARRIBA,205667000433,C. E. R. EL TOPACIO,5667,SAN RAFAEL,Oriente,FRATERNIDAD MEDELLÍN CTA,https://drive.google.com/file/d/10gDM7GWMD8W_sBEyleEJkeb6iFaBimFS/view?usp=sharing,
20566700043303,C. E. R. PUENTE TIERRA,205667000433,C. E. R. EL TOPACIO,5667,SAN RAFAEL,Oriente,FRATERNIDAD MEDELLÍN CTA,,
20566700043308,C. E. R. SAN JULIAN,205667000433,C. E. R. EL TOPACIO,5667,SAN RAFAEL,Oriente,FRATERNIDAD MEDELLÍN CTA,https://drive.google.com/file/d/1ei75MYbtax9havH7IqisIxgeCDs9C-Yh/view?usp=sharing,
20566700043315,C. E. R. SANTA CRUZ,205667000433,C. E. R. EL TOPACIO,5667,SAN RAFAEL,Oriente,FRATERNIDAD MEDELLÍN CTA,https://drive.google.com/file/d/1M7Yggeksrjko789gKJZHVjT5ewG9k_Qr/view?usp=sharing,
20566700043320,I. E. R. LA MESA,205667000433,C. E. R. EL TOPACIO,5667,SAN RAFAEL,Oriente,FRATERNIDAD MEDELLÍN CTA,https://drive.google.com/file/d/1FBrDXFPrASK1AtFYxIwFdk3-5ar2RO-B/view?usp=sharing,
20566700090517,BOQUERÓN,205667000905,CENTRO EDUCATIVO RURAL EL OSO,5667,SAN RAFAEL,Oriente,FRATERNIDAD MEDELLÍN CTA,,
20566700090501,C. E. R. EL OSO,205667000905,CENTRO EDUCATIVO RURAL EL OSO,5667,SAN RAFAEL,Oriente,FRATERNIDAD MEDELLÍN CTA,https://drive.google.com/file/d/1lQf0wpY9bpyqgR_OfeMHfu1bFjkt_-UP/view?usp=sharing,
20566700090504,CAMAS,205667000905,CENTRO EDUCATIVO RURAL EL OSO,5667,SAN RAFAEL,Oriente,FRATERNIDAD MEDELLÍN CTA,,
20566700090513,EL ARENAL,205667000905,CENTRO EDUCATIVO RURAL EL OSO,5667,SAN RAFAEL,Oriente,FRATERNIDAD MEDELLÍN CTA,,
20566700090502,EL BIZCOCHO,205667000905,CENTRO EDUCATIVO RURAL EL OSO,5667,SAN RAFAEL,Oriente,FRATERNIDAD MEDELLÍN CTA,https://drive.google.com/file/d/1lIkPMMV6zlvp0PQar13fXoPyaaV7WGm8/view?usp=sharing,
20566700090510,FALDITAS,205667000905,CENTRO EDUCATIVO RURAL EL OSO,5667,SAN RAFAEL,Oriente,FRATERNIDAD MEDELLÍN CTA,https://drive.google.com/file/d/1AQJ2QDkocbmsYuK6OsQKboYEfCQtT-sq/view?usp=sharing,
20566700090508,LA CLARA,205667000905,CENTRO EDUCATIVO RURAL EL OSO,5667,SAN RAFAEL,Oriente,FRATERNIDAD MEDELLÍN CTA,,
20566700090515,LA ESTRELLA,205667000905,CENTRO EDUCATIVO RURAL EL OSO,5667,SAN RAFAEL,Oriente,FRATERNIDAD MEDELLÍN CTA,https://drive.google.com/file/d/17FkaiP-yCcbWY_AVnECkudFvVFiJFgPx/view?usp=sharing,
20566700090516,LA HONDA,205667000905,CENTRO EDUCATIVO RURAL EL OSO,5667,SAN RAFAEL,Oriente,FRATERNIDAD MEDELLÍN CTA,https://drive.google.com/file/d/1dGvBXzJuXNAVdbaJ2HiMQ7DUoQjiQH3J/view?usp=sharing,
20566700090512,LA RAPIDA,205667000905,CENTRO EDUCATIVO RURAL EL OSO,5667,SAN RAFAEL,Oriente,FRATERNIDAD MEDELLÍN CTA,https://drive.google.com/file/d/1rgn-MhLvKZbxdpnTIHUv8Gzor7isicOp/view?usp=sharing,
20566700090505,LOS MEDIOS,205667000905,CENTRO EDUCATIVO RURAL EL OSO,5667,SAN RAFAEL,Oriente,FRATERNIDAD MEDELLÍN CTA,,
20566700090514,MACANAL,205667000905,CENTRO EDUCATIVO RURAL EL OSO,5667,SAN RAFAEL,Oriente,FRATERNIDAD MEDELLÍN CTA,,
20566700090503,MANILA,205667000905,CENTRO EDUCATIVO RURAL EL OSO,5667,SAN RAFAEL,Oriente,FRATERNIDAD MEDELLÍN CTA,,
20566700090509,PEÑOLES,205667000905,CENTRO EDUCATIVO RURAL EL OSO,5667,SAN RAFAEL,Oriente,FRATERNIDAD MEDELLÍN CTA,https://drive.google.com/file/d/1BYhU5M1sNlvE8BEvEW9UAItIxpmNkdCe/view?usp=sharing,
20566700090511,QUEBRADONA,205667000905,CENTRO EDUCATIVO RURAL EL OSO,5667,SAN RAFAEL,Oriente,FRATERNIDAD MEDELLÍN CTA,https://drive.google.com/file/d/1YM1sT3DRr9C_QDaRmZACi6_wKSpRvTcn/view?usp=sharing,
20566700090506,SAMARIA,205667000905,CENTRO EDUCATIVO RURAL EL OSO,5667,SAN RAFAEL,Oriente,FRATERNIDAD MEDELLÍN CTA,,
10566700001301,COLEGIO SAN RAFAEL,105667000013,I. E. SAN RAFAEL,5667,SAN RAFAEL,Oriente,FRATERNIDAD MEDELLÍN CTA,,
10566700001306,DANTAS,105667000013,I. E. SAN RAFAEL,5667,SAN RAFAEL,Oriente,FRATERNIDAD MEDELLÍN CTA,,
10566700001307,DANTICAS,105667000013,I. E. SAN RAFAEL,5667,SAN RAFAEL,Oriente,FRATERNIDAD MEDELLÍN CTA,https://drive.google.com/file/d/1MhmwOxDM4IF-t-m7g_vZld4vUjdY_SQm/view?usp=sharing,
10566700001312,EL BRASIL,105667000013,I. E. SAN RAFAEL,5667,SAN RAFAEL,Oriente,FRATERNIDAD MEDELLÍN CTA,https://drive.google.com/file/d/1nTA1ZrsmEaTS7IT9543fhk8R5t9MwHfL/view?usp=sharing,
10566700001303,EL CHARCO,105667000013,I. E. SAN RAFAEL,5667,SAN RAFAEL,Oriente,FRATERNIDAD MEDELLÍN CTA,https://drive.google.com/file/d/1p95rAujnbb49GHOGIW_6Lt0rw7BElMY3/view?usp=sharing,
10566700001315,EL GUADUAL,105667000013,I. E. SAN RAFAEL,5667,SAN RAFAEL,Oriente,FRATERNIDAD MEDELLÍN CTA,,
10566700001305,EL SILENCIO,105667000013,I. E. SAN RAFAEL,5667,SAN RAFAEL,Oriente,FRATERNIDAD MEDELLÍN CTA,,
10566700001309,LA BALSA,105667000013,I. E. SAN RAFAEL,5667,SAN RAFAEL,Oriente,FRATERNIDAD MEDELLÍN CTA,,
10566700001304,LA CUMBRE,105667000013,I. E. SAN RAFAEL,5667,SAN RAFAEL,Oriente,FRATERNIDAD MEDELLÍN CTA,https://drive.google.com/file/d/1FbnQwNTnkr9iLpZ9wqvPkwemKYN5kMc4/view?usp=sharing,
10566700001314,LA PRADERA,105667000013,I. E. SAN RAFAEL,5667,SAN RAFAEL,Oriente,FRATERNIDAD MEDELLÍN CTA,,
10566700001313,LA REINA # 1,105667000013,I. E. SAN RAFAEL,5667,SAN RAFAEL,Oriente,FRATERNIDAD MEDELLÍN CTA,,
10566700001311,LOS CENTROS,105667000013,I. E. SAN RAFAEL,5667,SAN RAFAEL,Oriente,FRATERNIDAD MEDELLÍN CTA,,
10566700001302,NARCISA ARBELAEZ ,105667000013,I. E. SAN RAFAEL,5667,SAN RAFAEL,Oriente,FRATERNIDAD MEDELLÍN CTA,https://drive.google.com/file/d/1wbPO3vny-yXRlu61sYGdFG6lsMSsfBbD/view?usp=sharing,
10566700001310,SAN AGUSTIN,105667000013,I. E. SAN RAFAEL,5667,SAN RAFAEL,Oriente,FRATERNIDAD MEDELLÍN CTA,,
20567400036802,C. E. R. CRISTO REY,205674000368,C. E. R. PIEDRAGORDA,5674,SAN VICENTE,Oriente,FRATERNIDAD MEDELLÍN CTA,,
20567400036803,C. E. R. GUAMAL,205674000368,C. E. R. PIEDRAGORDA,5674,SAN VICENTE,Oriente,FRATERNIDAD MEDELLÍN CTA,,
20567400036804,C. E. R. LA CABAÑA,205674000368,C. E. R. PIEDRAGORDA,5674,SAN VICENTE,Oriente,FRATERNIDAD MEDELLÍN CTA,,
20567400036806,C. E. R. LA HONDA,205674000368,C. E. R. PIEDRAGORDA,5674,SAN VICENTE,Oriente,FRATERNIDAD MEDELLÍN CTA,,
20567400036805,C. E. R. PEÑOLCITO,205674000368,C. E. R. PIEDRAGORDA,5674,SAN VICENTE,Oriente,FRATERNIDAD MEDELLÍN CTA,https://drive.google.com/file/d/1mdQytpNQBBCUzC1UuUkUsHAgeTe3tHx-/view?usp=sharing,
20567400036801,C. E. R. PIEDRAGORDA,205674000368,C. E. R. PIEDRAGORDA,5674,SAN VICENTE,Oriente,FRATERNIDAD MEDELLÍN CTA,,
20567400036807,C. E. R. SAN CRISTOBAL,205674000368,C. E. R. PIEDRAGORDA,5674,SAN VICENTE,Oriente,FRATERNIDAD MEDELLÍN CTA,,
20567400027904,ALTO DE LA COMPAÑIA,205674000279,I. E. R CHAPARRAL,5674,SAN VICENTE,Oriente,FRATERNIDAD MEDELLÍN CTA,,
20567400027902,EL PERPETUO SOCORRO,205674000279,I. E. R CHAPARRAL,5674,SAN VICENTE,Oriente,FRATERNIDAD MEDELLÍN CTA,,
20567400027901,I. E. R CHAPARRAL,205674000279,I. E. R CHAPARRAL,5674,SAN VICENTE,Oriente,FRATERNIDAD MEDELLÍN CTA,https://drive.google.com/file/d/1srKPh6CdTd6hlTwjSNp4ECb05H8okM5z/view?usp=sharing,
20567400027905,LA COMPAÑIA,205674000279,I. E. R CHAPARRAL,5674,SAN VICENTE,Oriente,FRATERNIDAD MEDELLÍN CTA,,
20567400027906,LAS HOJAS,205674000279,I. E. R CHAPARRAL,5674,SAN VICENTE,Oriente,FRATERNIDAD MEDELLÍN CTA,https://drive.google.com/file/d/1SeYtW88htF03nTM9km4EHY8kKBiHUDsy/view?usp=sharing,
20567400027907,MARIA AUXILIADORA,205674000279,I. E. R CHAPARRAL,5674,SAN VICENTE,Oriente,FRATERNIDAD MEDELLÍN CTA,,
20567400027903,SAN ISIDRO,205674000279,I. E. R CHAPARRAL,5674,SAN VICENTE,Oriente,FRATERNIDAD MEDELLÍN CTA,https://drive.google.com/file/d/1HOFzpNPJ41L49GbQxDG-Dq3CFwVh6x5P/view?usp=sharing,
20567400035007,EL CORAL,205674000350,I.E.R. SANTA RITA,5674,SAN VICENTE,Oriente,FRATERNIDAD MEDELLÍN CTA,,
20567400035005,GUAMITO,205674000350,I.E.R. SANTA RITA,5674,SAN VICENTE,Oriente,FRATERNIDAD MEDELLÍN CTA,https://drive.google.com/file/d/1SR_LPxS75U6uLjcVY-MtElMGIIl6CePy/view?usp=sharing,
20567400035006,I. E. R. OVEJAS,205674000350,I.E.R. SANTA RITA,5674,SAN VICENTE,Oriente,FRATERNIDAD MEDELLÍN CTA,https://drive.google.com/file/d/1FBkvLjXaHIoPxWt88GYQboirjOxcPAXB/view?usp=sharing,
20567400035001,I.E.R. SANTA RITA,205674000350,I.E.R. SANTA RITA,5674,SAN VICENTE,Oriente,FRATERNIDAD MEDELLÍN CTA,https://drive.google.com/file/d/1NIBCoCjRLnZdWW7riZYwCt1qQQgG6UQy/view?usp=sharing,
20567400035002,LA PRIMAVERA,205674000350,I.E.R. SANTA RITA,5674,SAN VICENTE,Oriente,FRATERNIDAD MEDELLÍN CTA,https://drive.google.com/file/d/1dVknglzTo807Wbaun1ON42skmeM7DZ2O/view?usp=sharing,
20567400035003,SAN IGNACIO,205674000350,I.E.R. SANTA RITA,5674,SAN VICENTE,Oriente,FRATERNIDAD MEDELLÍN CTA,https://drive.google.com/file/d/15lDfJHQcOQWFU7EqxYmYjiAchVjObGUo/view?usp=sharing,
20567400035004,SAN NICOLAS,205674000350,I.E.R. SANTA RITA,5674,SAN VICENTE,Oriente,FRATERNIDAD MEDELLÍN CTA,https://drive.google.com/file/d/1wQR4c_DET5CSOt8eRB7ij3g-8dUw6BHq/view?usp=sharing,
20567400034109,C. E. R. CANTOR,205674000341,INSTITUCION EDUCATIVA RURAL LA MAGDALENA,5674,SAN VICENTE,Oriente,FRATERNIDAD MEDELLÍN CTA,,
20567400034107,C. E. R. EL CARMELO,205674000341,INSTITUCION EDUCATIVA RURAL LA MAGDALENA,5674,SAN VICENTE,Oriente,FRATERNIDAD MEDELLÍN CTA,https://drive.google.com/file/d/1i_X0aVQv1QIIQ2hZe1wdcXwZfCaBJouf/view?usp=sharing,
20567400034108,C. E. R. EL PORVENIR,205674000341,INSTITUCION EDUCATIVA RURAL LA MAGDALENA,5674,SAN VICENTE,Oriente,FRATERNIDAD MEDELLÍN CTA,,
20567400034105,C. E. R. LAS FRIAS,205674000341,INSTITUCION EDUCATIVA RURAL LA MAGDALENA,5674,SAN VICENTE,Oriente,FRATERNIDAD MEDELLÍN CTA,https://drive.google.com/file/d/1CKPyOxJibAOh0FUJQ0sgtJLLnDXka7yT/view?usp=sharing,
20567400034103,C. E. R. MONTEGRANDE,205674000341,INSTITUCION EDUCATIVA RURAL LA MAGDALENA,5674,SAN VICENTE,Oriente,FRATERNIDAD MEDELLÍN CTA,,
20567400034102,C. E. R. SAN JOSE,205674000341,INSTITUCION EDUCATIVA RURAL LA MAGDALENA,5674,SAN VICENTE,Oriente,FRATERNIDAD MEDELLÍN CTA,,
20567400034104,C. E. R. SANTA ISABEL,205674000341,INSTITUCION EDUCATIVA RURAL LA MAGDALENA,5674,SAN VICENTE,Oriente,FRATERNIDAD MEDELLÍN CTA,,
20567400034110,I. E. CORRIENTES,205674000341,INSTITUCION EDUCATIVA RURAL LA MAGDALENA,5674,SAN VICENTE,Oriente,FRATERNIDAD MEDELLÍN CTA,,
20567400034101,I.E.R. LA MAGDALENA,205674000341,INSTITUCION EDUCATIVA RURAL LA MAGDALENA,5674,SAN VICENTE,Oriente,FRATERNIDAD MEDELLÍN CTA,,
10567400005306,EL POTRERO,105674000053,INSTITUCION EDUCATIVA SAN VICENTE FERRER,5674,SAN VICENTE,Oriente,FRATERNIDAD MEDELLÍN CTA,,
10567400005308,GUACIRU,105674000053,INSTITUCION EDUCATIVA SAN VICENTE FERRER,5674,SAN VICENTE,Oriente,FRATERNIDAD MEDELLÍN CTA,https://drive.google.com/file/d/1gZxEmrAB1bzK75N846mjsiJfcVKFEDiO/view?usp=sharing,
10567400005301,I. E. SAN VICENTE FERRER,105674000053,INSTITUCION EDUCATIVA SAN VICENTE FERRER,5674,SAN VICENTE,Oriente,FRATERNIDAD MEDELLÍN CTA,,
10567400005310,I. E. SAN VICENTE FERRER SEDE II,105674000053,INSTITUCION EDUCATIVA SAN VICENTE FERRER,5674,SAN VICENTE,Oriente,FRATERNIDAD MEDELLÍN CTA,,
10567400005309,LA ENEA,105674000053,INSTITUCION EDUCATIVA SAN VICENTE FERRER,5674,SAN VICENTE,Oriente,FRATERNIDAD MEDELLÍN CTA,https://drive.google.com/file/d/14pQG7ccCYlXww4zJq29Rwm6P76faJrp9/view?usp=sharing,
10567400005307,LA PEÑA,105674000053,INSTITUCION EDUCATIVA SAN VICENTE FERRER,5674,SAN VICENTE,Oriente,FRATERNIDAD MEDELLÍN CTA,https://drive.google.com/file/d/1NR2s4y_1QsmvfPobGQhDkqn55CTlHg11/view?usp=sharing,
10567400005303,LOS ARRAYANES,105674000053,INSTITUCION EDUCATIVA SAN VICENTE FERRER,5674,SAN VICENTE,Oriente,FRATERNIDAD MEDELLÍN CTA,https://drive.google.com/file/d/1VrJy2453rtzudbm7bOv7HGl4uOCqEi2v/view?usp=sharing,
10567400005304,MARCO TULIO TORRES GOMEZ,105674000053,INSTITUCION EDUCATIVA SAN VICENTE FERRER,5674,SAN VICENTE,Oriente,FRATERNIDAD MEDELLÍN CTA,https://drive.google.com/file/d/1KX7Y2-2FHfS4DUc7Iemkb9vVBVTG2rDI/view?usp=sharing,
10567400005305,SANTA ANA,105674000053,INSTITUCION EDUCATIVA SAN VICENTE FERRER,5674,SAN VICENTE,Oriente,FRATERNIDAD MEDELLÍN CTA,https://drive.google.com/file/d/1JxdAhZ90xI_oXmdlrBoEoDvJ7cYKYf__/view?usp=sharing,
10567400005302,SANTA ROSA,105674000053,INSTITUCION EDUCATIVA SAN VICENTE FERRER,5674,SAN VICENTE,Oriente,FRATERNIDAD MEDELLÍN CTA,,
10575600049309,C. E. R. ALTO DEL RAYO,105756000493,I. E. BRAULIO MEJIA,5756,SONSON,Oriente,FRATERNIDAD MEDELLÍN CTA,,
10575600049312,C. E. R. BOQUERON,105756000493,I. E. BRAULIO MEJIA,5756,SONSON,Oriente,FRATERNIDAD MEDELLÍN CTA,https://drive.google.com/file/d/1flkWbPpUZxBETppGUr_DtF1u4cKSs7Pc/view?usp=sharing,
10575600049317,C. E. R. CAUNZAL,105756000493,I. E. BRAULIO MEJIA,5756,SONSON,Oriente,FRATERNIDAD MEDELLÍN CTA,,
10575600049311,C. E. R. EL BOSQUE,105756000493,I. E. BRAULIO MEJIA,5756,SONSON,Oriente,FRATERNIDAD MEDELLÍN CTA,,
10575600049314,C. E. R. EL CEDRO,105756000493,I. E. BRAULIO MEJIA,5756,SONSON,Oriente,FRATERNIDAD MEDELLÍN CTA,,
10575600049304,C. E. R. EL SALADO,105756000493,I. E. BRAULIO MEJIA,5756,SONSON,Oriente,FRATERNIDAD MEDELLÍN CTA,https://drive.google.com/file/d/1JdmVM5Fa5PYdfUe8lTYZlUJFsFUJHCe2/view?usp=sharing,
10575600049316,C. E. R. GREGORIO GUTIERREZ GONZALEZ,105756000493,I. E. BRAULIO MEJIA,5756,SONSON,Oriente,FRATERNIDAD MEDELLÍN CTA,https://drive.google.com/file/d/1nTOzlu6-iPWOXc4bS0aW-689QEtju_Y6/view?usp=sharing,
10575600049306,C. E. R. LA FRANCIA,105756000493,I. E. BRAULIO MEJIA,5756,SONSON,Oriente,FRATERNIDAD MEDELLÍN CTA,https://drive.google.com/file/d/1r0PFlkRhJHYTZkBkz2AQqEzWBK_1uuTg/view?usp=sharing,
10575600049307,C. E. R. LA HONDITA,105756000493,I. E. BRAULIO MEJIA,5756,SONSON,Oriente,FRATERNIDAD MEDELLÍN CTA,,
10575600049318,C. E. R. LA TORRE,105756000493,I. E. BRAULIO MEJIA,5756,SONSON,Oriente,FRATERNIDAD MEDELLÍN CTA,https://drive.google.com/file/d/17veIsWpOaO6USTR46XG9HQqO9rD37p-z/view?usp=sharing,
10575600049308,C. E. R. RIO VERDE,105756000493,I. E. BRAULIO MEJIA,5756,SONSON,Oriente,FRATERNIDAD MEDELLÍN CTA,https://drive.google.com/file/d/1civ-jkJbC_qsQ-1nCOXN3hwUeuSsVLZx/view?usp=sharing,
10575600049303,C. E. R. ROBLALITO A,105756000493,I. E. BRAULIO MEJIA,5756,SONSON,Oriente,FRATERNIDAD MEDELLÍN CTA,https://drive.google.com/file/d/19QgBp2N7lIK2HyMK41nHe57wLiBwg27F/view?usp=sharing,
10575600049315,C. E. R. ROBLALITO B,105756000493,I. E. BRAULIO MEJIA,5756,SONSON,Oriente,FRATERNIDAD MEDELLÍN CTA,https://drive.google.com/file/d/1XAwyj_AzGs-iaCn0jQjVyrvNSZQjEL5m/view?usp=sharing,
10575600049305,C. E. R. SIRGUA ARRIBA,105756000493,I. E. BRAULIO MEJIA,5756,SONSON,Oriente,FRATERNIDAD MEDELLÍN CTA,https://drive.google.com/file/d/1nWxR-p1FG1HfaWkg7h2sC_LJVYHse_xn/view?usp=sharing,
10575600049313,C. E. R. SIRGUITA,105756000493,I. E. BRAULIO MEJIA,5756,SONSON,Oriente,FRATERNIDAD MEDELLÍN CTA,https://drive.google.com/file/d/1kH27D2o4VD-vkPSp8NeQdgrK22PH_qRX/view?usp=sharing,
10575600049310,C. E. R. ZURRUMBAL,105756000493,I. E. BRAULIO MEJIA,5756,SONSON,Oriente,FRATERNIDAD MEDELLÍN CTA,https://drive.google.com/file/d/1CaJUI36aT3b9uhERW8Kvlfcmc5Q9q1Jm/view?usp=sharing,
10575600049301,I. E. BRAULIO MEJIA,105756000493,I. E. BRAULIO MEJIA,5756,SONSON,Oriente,FRATERNIDAD MEDELLÍN CTA,https://drive.google.com/file/d/1QtEGzZb15-HF-5cnrqid03rjlUYSYeSN/view?usp=sharing,
10575600049320,I. E. R. SIRGUA ABAJO,105756000493,I. E. BRAULIO MEJIA,5756,SONSON,Oriente,FRATERNIDAD MEDELLÍN CTA,,
20575600104406,C. E. R. EL PORVENIR,205756001044,I. E. R. LA DANTA,5756,SONSON,Oriente,FRATERNIDAD MEDELLÍN CTA,https://drive.google.com/file/d/1afMvclZljBybFCGX5EpK0eqc8uSKJbnW/view?usp=sharing,
20575600104407,C. E. R. LA HERMOSA,205756001044,I. E. R. LA DANTA,5756,SONSON,Oriente,FRATERNIDAD MEDELLÍN CTA,https://drive.google.com/file/d/1ikNF2qplArGvnpp2bzRO5fTKjQ3xUfvq/view?usp=sharing,
20575600104405,C. E. R. LA LINDA,205756001044,I. E. R. LA DANTA,5756,SONSON,Oriente,FRATERNIDAD MEDELLÍN CTA,,
20575600104411,C. E. R. LA MESA,205756001044,I. E. R. LA DANTA,5756,SONSON,Oriente,FRATERNIDAD MEDELLÍN CTA,,
20575600104409,C. E. R. LA PAZ SAN FRANCISCO,205756001044,I. E. R. LA DANTA,5756,SONSON,Oriente,FRATERNIDAD MEDELLÍN CTA,,
20575600104403,C. E. R. MULATO ALTO,205756001044,I. E. R. LA DANTA,5756,SONSON,Oriente,FRATERNIDAD MEDELLÍN CTA,https://drive.google.com/file/d/1YKJMdDrygt4GWtL4l-Lv1nIFSi3P_29m/view?usp=sharing,
20575600104410,C. E. R. SAN ANTONIO,205756001044,I. E. R. LA DANTA,5756,SONSON,Oriente,FRATERNIDAD MEDELLÍN CTA,,
20575600104408,C. E. R. SAN RAFAEL,205756001044,I. E. R. LA DANTA,5756,SONSON,Oriente,FRATERNIDAD MEDELLÍN CTA,,
20575600104412,C. E. R. SANTA ROSA LA DANTA,205756001044,I. E. R. LA DANTA,5756,SONSON,Oriente,FRATERNIDAD MEDELLÍN CTA,,
20575600104413,C. E. R. SANTO DOMINGO,205756001044,I. E. R. LA DANTA,5756,SONSON,Oriente,FRATERNIDAD MEDELLÍN CTA,,
20575600104402,I. E. R. JERUSALEN,205756001044,I. E. R. LA DANTA,5756,SONSON,Oriente,FRATERNIDAD MEDELLÍN CTA,https://drive.google.com/file/d/1M8CMXbD2PhoDce0eY_c1LFbkKY39BWdq/view?usp=sharing,
20575600104401,I. E. R. LA DANTA,205756001044,I. E. R. LA DANTA,5756,SONSON,Oriente,FRATERNIDAD MEDELLÍN CTA,https://drive.google.com/file/d/1DqplZqnlllCCFIVvYJ8zocfXKfP7XmG6/view?usp=sharing,
20575600078103,C. E. R. LOS LIMONES,205756000781,I. E. R. SAN MIGUEL,5756,SONSON,Oriente,FRATERNIDAD MEDELLÍN CTA,,
20575600078102,C. E. R. PIEDRAS BLANCAS,205756000781,I. E. R. SAN MIGUEL,5756,SONSON,Oriente,FRATERNIDAD MEDELLÍN CTA,https://drive.google.com/file/d/1KOeOhzQVfSOu_tTnD_VLsP10C44RNjV5/view?usp=sharing,
20575600078101,I. E. R. SAN MIGUEL,205756000781,I. E. R. SAN MIGUEL,5756,SONSON,Oriente,FRATERNIDAD MEDELLÍN CTA,https://drive.google.com/file/d/1lprFsOtAnalDzEXvraNX5X-8I_6h3wGU/view?usp=sharing,
10575600050703,C. E. R. ALTO DE SABANA,105756000507,I. E. ROSA MARIA HENAO PAVAS,5756,SONSON,Oriente,FRATERNIDAD MEDELLÍN CTA,https://drive.google.com/file/d/1PT1yWWCn30EoxKa-ouMKxmYebZAuv-A-/view?usp=sharing,
10575600050705,C. E. R. CHAVERRAS,105756000507,I. E. ROSA MARIA HENAO PAVAS,5756,SONSON,Oriente,FRATERNIDAD MEDELLÍN CTA,,
10575600050712,C. E. R. EL CHIRIMOYO,105756000507,I. E. ROSA MARIA HENAO PAVAS,5756,SONSON,Oriente,FRATERNIDAD MEDELLÍN CTA,https://drive.google.com/file/d/1bzegdytqKE0chvl5xMTLA3YOcO3eYrjU/view?usp=sharing,
10575600050711,C. E. R. LA CAPILLA,105756000507,I. E. ROSA MARIA HENAO PAVAS,5756,SONSON,Oriente,FRATERNIDAD MEDELLÍN CTA,https://drive.google.com/file/d/1BhweZj6aENcnM19GtlyPHmU5x5UyE0iO/view?usp=sharing,
10575600050710,C. E. R. LA MONTAÑITA,105756000507,I. E. ROSA MARIA HENAO PAVAS,5756,SONSON,Oriente,FRATERNIDAD MEDELLÍN CTA,https://drive.google.com/file/d/19sv45kpXotmyYGx8iZc-5dICoBven8Pq/view?usp=sharing,
10575600050704,C. E. R. LAUREANO GOMEZ,105756000507,I. E. ROSA MARIA HENAO PAVAS,5756,SONSON,Oriente,FRATERNIDAD MEDELLÍN CTA,https://drive.google.com/file/d/1TSfCYRPf0DbZhx5uActm8rzcjrGMkBMF/view?usp=sharing,
10575600050709,C. E. R. LOS PLANES,105756000507,I. E. ROSA MARIA HENAO PAVAS,5756,SONSON,Oriente,FRATERNIDAD MEDELLÍN CTA,https://drive.google.com/file/d/1hWVXyX8MLLqcDVlM7YpELSAAQ7K-g8aL/view?usp=sharing,
10575600050713,C. E. R. LOS POTREROS,105756000507,I. E. ROSA MARIA HENAO PAVAS,5756,SONSON,Oriente,FRATERNIDAD MEDELLÍN CTA,,
10575600050714,C. E. R. MAGALLO,105756000507,I. E. ROSA MARIA HENAO PAVAS,5756,SONSON,Oriente,FRATERNIDAD MEDELLÍN CTA,,
10575600050706,C. E. R. MANZANARES,105756000507,I. E. ROSA MARIA HENAO PAVAS,5756,SONSON,Oriente,FRATERNIDAD MEDELLÍN CTA,https://drive.google.com/file/d/11ubosgQKriNfw0azqdtuyAo8wvmBmEU5/view?usp=sharing,
10575600050707,C. E. R. MANZANARES CENTRO,105756000507,I. E. ROSA MARIA HENAO PAVAS,5756,SONSON,Oriente,FRATERNIDAD MEDELLÍN CTA,https://drive.google.com/file/d/1uSianq8yHs3pxJe4Lr_LXiNHhcOjLEgK/view?usp=sharing,
10575600050702,I. E. INTEGRAL PARA JOVENES Y ADULTOS CELIA RAMOS TORO,105756000507,I. E. ROSA MARIA HENAO PAVAS,5756,SONSON,Oriente,FRATERNIDAD MEDELLÍN CTA,,
10575600050701,I. E. ROSA MARIA HENAO PAVAS,105756000507,I. E. ROSA MARIA HENAO PAVAS,5756,SONSON,Oriente,FRATERNIDAD MEDELLÍN CTA,,
20575600066804,C. E. R. ARENILLAL,205756000668,I. E. TECNICO AGROPECUARIO Y EN SALUD DE SONSÓN,5756,SONSON,Oriente,FRATERNIDAD MEDELLÍN CTA,https://drive.google.com/file/d/103yFQg7F6WPYgoIL6fxsddFsMPgzEtcf/view?usp=sharing,
20575600066805,C. E. R. AURES SONSON,205756000668,I. E. TECNICO AGROPECUARIO Y EN SALUD DE SONSÓN,5756,SONSON,Oriente,FRATERNIDAD MEDELLÍN CTA,,
20575600066810,C. E. R. BRASILAL,205756000668,I. E. TECNICO AGROPECUARIO Y EN SALUD DE SONSÓN,5756,SONSON,Oriente,FRATERNIDAD MEDELLÍN CTA,https://drive.google.com/file/d/1URLIauecf38VefJ5ol9GJviemVNWNuFz/view?usp=sharing,
20575600066807,C. E. R. CAÑAVERAL,205756000668,I. E. TECNICO AGROPECUARIO Y EN SALUD DE SONSÓN,5756,SONSON,Oriente,FRATERNIDAD MEDELLÍN CTA,,
20575600066812,C. E. R. LA CIENAGA,205756000668,I. E. TECNICO AGROPECUARIO Y EN SALUD DE SONSÓN,5756,SONSON,Oriente,FRATERNIDAD MEDELLÍN CTA,,
20575600066808,C. E. R. LAS BRISAS,205756000668,I. E. TECNICO AGROPECUARIO Y EN SALUD DE SONSÓN,5756,SONSON,Oriente,FRATERNIDAD MEDELLÍN CTA,https://drive.google.com/file/d/1m9-NZlXc_7gDzjZ6Q-HVQibI9C7-zSRI/view?usp=sharing,
20575600066803,C. E. R. TASAJO,205756000668,I. E. TECNICO AGROPECUARIO Y EN SALUD DE SONSÓN,5756,SONSON,Oriente,FRATERNIDAD MEDELLÍN CTA,,
20575600066806,C. E. R. VENTIADEROS,205756000668,I. E. TECNICO AGROPECUARIO Y EN SALUD DE SONSÓN,5756,SONSON,Oriente,FRATERNIDAD MEDELLÍN CTA,https://drive.google.com/file/d/1iLeJ7OWJhDlRtA4XThxcpT-85S-jwmAy/view?usp=sharing,
20575600066802,I. E. R. LA SOLEDAD,205756000668,I. E. TECNICO AGROPECUARIO Y EN SALUD DE SONSÓN,5756,SONSON,Oriente,FRATERNIDAD MEDELLÍN CTA,https://drive.google.com/file/d/1r7wFahSbZ8ZaMFd0kLs1fWP3OePIjsP7/view?usp=sharing,
20575600066801,I. E. TECNICO AGROPECUARIO Y EN SALUD DE SONSÓN,205756000668,I. E. TECNICO AGROPECUARIO Y EN SALUD DE SONSÓN,5756,SONSON,Oriente,FRATERNIDAD MEDELLÍN CTA,https://drive.google.com/file/d/1GHur7AQRYTt41VrfF4N58tax_I4fkKmB/view?usp=sharing,
10575600012411,C. E. R. AGUADITA,105756000124,I. E. TECNICO INDUSTRIAL ANTONIO ALVAREZ RESTREPO,5756,SONSON,Oriente,FRATERNIDAD MEDELLÍN CTA,,
10575600012410,C. E. R. EL TIGRE EL CAUNZAL,105756000124,I. E. TECNICO INDUSTRIAL ANTONIO ALVAREZ RESTREPO,5756,SONSON,Oriente,FRATERNIDAD MEDELLÍN CTA,,
10575600012414,C. E. R. EL TIGRE LA HABANA,105756000124,I. E. TECNICO INDUSTRIAL ANTONIO ALVAREZ RESTREPO,5756,SONSON,Oriente,FRATERNIDAD MEDELLÍN CTA,,
10575600012407,C. E. R. GUAYAQUIL,105756000124,I. E. TECNICO INDUSTRIAL ANTONIO ALVAREZ RESTREPO,5756,SONSON,Oriente,FRATERNIDAD MEDELLÍN CTA,,
10575600012403,C. E. R. LA HABANA,105756000124,I. E. TECNICO INDUSTRIAL ANTONIO ALVAREZ RESTREPO,5756,SONSON,Oriente,FRATERNIDAD MEDELLÍN CTA,,
10575600012413,C. E. R. LA HONDA,105756000124,I. E. TECNICO INDUSTRIAL ANTONIO ALVAREZ RESTREPO,5756,SONSON,Oriente,FRATERNIDAD MEDELLÍN CTA,https://drive.google.com/file/d/1AGifVMl3flddb9tZ9YkTdomzvO2TuNDB/view?usp=sharing,
10575600012402,C. E. R. LA LOMA,105756000124,I. E. TECNICO INDUSTRIAL ANTONIO ALVAREZ RESTREPO,5756,SONSON,Oriente,FRATERNIDAD MEDELLÍN CTA,,
10575600012415,C. E. R. LA PALMITA,105756000124,I. E. TECNICO INDUSTRIAL ANTONIO ALVAREZ RESTREPO,5756,SONSON,Oriente,FRATERNIDAD MEDELLÍN CTA,https://drive.google.com/file/d/1iIrYXheMMKEV-zT15yTK-fZfXerqTu_d/view?usp=sharing,
10575600012412,C. E. R. MARTHA PANESSO DE TORO,105756000124,I. E. TECNICO INDUSTRIAL ANTONIO ALVAREZ RESTREPO,5756,SONSON,Oriente,FRATERNIDAD MEDELLÍN CTA,,
10575600012416,C. E. R. MURRINGO,105756000124,I. E. TECNICO INDUSTRIAL ANTONIO ALVAREZ RESTREPO,5756,SONSON,Oriente,FRATERNIDAD MEDELLÍN CTA,,
10575600012406,C. E. R. NARANJAL ABAJO,105756000124,I. E. TECNICO INDUSTRIAL ANTONIO ALVAREZ RESTREPO,5756,SONSON,Oriente,FRATERNIDAD MEDELLÍN CTA,https://drive.google.com/file/d/1LIAfqas9Mb2YIiKpQBSHAnb6OtgWy_2S/view?usp=sharing,
10575600012408,C. E. R. NARANJAL ARRIBA,105756000124,I. E. TECNICO INDUSTRIAL ANTONIO ALVAREZ RESTREPO,5756,SONSON,Oriente,FRATERNIDAD MEDELLÍN CTA,https://drive.google.com/file/d/1UuYMee_ccObsxKy2B2Qz1RUX-AYxBZdn/view?usp=sharing,
10575600012418,C. E. R. NORI,105756000124,I. E. TECNICO INDUSTRIAL ANTONIO ALVAREZ RESTREPO,5756,SONSON,Oriente,FRATERNIDAD MEDELLÍN CTA,,
10575600012404,C. E. R. SAN JERONIMO,105756000124,I. E. TECNICO INDUSTRIAL ANTONIO ALVAREZ RESTREPO,5756,SONSON,Oriente,FRATERNIDAD MEDELLÍN CTA,https://drive.google.com/file/d/1hUjC5DRqo0e-1LqQh1oGRISvU0skersX/view?usp=sharing,
10575600012409,C. E. R. TOMAS CARRASQUILLA,105756000124,I. E. TECNICO INDUSTRIAL ANTONIO ALVAREZ RESTREPO,5756,SONSON,Oriente,FRATERNIDAD MEDELLÍN CTA,,
10575600012405,C. E. R. YARUMAL,105756000124,I. E. TECNICO INDUSTRIAL ANTONIO ALVAREZ RESTREPO,5756,SONSON,Oriente,FRATERNIDAD MEDELLÍN CTA,https://drive.google.com/file/d/11e-mb37wTC4AM7UW_3xQU_RhiVqBeN6U/view?usp=sharing,
10575600012401,I. E. TECNICO INDUSTRIAL ANTONIO ALVAREZ RESTREPO,105756000124,I. E. TECNICO INDUSTRIAL ANTONIO ALVAREZ RESTREPO,5756,SONSON,Oriente,FRATERNIDAD MEDELLÍN CTA,https://drive.google.com/file/d/1zmXKfAB0w4YOSAgvLuP5wojGX7pT7RuK/view?usp=sharing,
10575600031104,C. E. R. BEATO FRAY MELQUIADES RAMIREZ,105756000311,INSTITUCION EDUCATIVA ESCUELA NORMAL SUPERIOR PRESBITERO JOSE GOMEZ ISAZA,5756,SONSON,Oriente,FRATERNIDAD MEDELLÍN CTA,,
10575600031106,C. E. R. EL BRASIL,105756000311,INSTITUCION EDUCATIVA ESCUELA NORMAL SUPERIOR PRESBITERO JOSE GOMEZ ISAZA,5756,SONSON,Oriente,FRATERNIDAD MEDELLÍN CTA,https://drive.google.com/file/d/1qSXBMhNG2Z7xJjGVbOwpXAxsHysR8V_o/view?usp=sharing,
10575600031109,C. E. R. EL RODEO,105756000311,INSTITUCION EDUCATIVA ESCUELA NORMAL SUPERIOR PRESBITERO JOSE GOMEZ ISAZA,5756,SONSON,Oriente,FRATERNIDAD MEDELLÍN CTA,,
10575600031107,C. E. R. EL SALTO,105756000311,INSTITUCION EDUCATIVA ESCUELA NORMAL SUPERIOR PRESBITERO JOSE GOMEZ ISAZA,5756,SONSON,Oriente,FRATERNIDAD MEDELLÍN CTA,https://drive.google.com/file/d/1-0zYfWI0MMT2CbiVEil78mQjuxXSWV8e/view?usp=sharing,
10575600031105,C. E. R. GUAMAL,105756000311,INSTITUCION EDUCATIVA ESCUELA NORMAL SUPERIOR PRESBITERO JOSE GOMEZ ISAZA,5756,SONSON,Oriente,FRATERNIDAD MEDELLÍN CTA,https://drive.google.com/file/d/1-HAJePKgg_KFbNTcQZSzC-57VBwAz3nU/view?usp=sharing,
10575600031111,C. E. R. LA ARGENTINA,105756000311,INSTITUCION EDUCATIVA ESCUELA NORMAL SUPERIOR PRESBITERO JOSE GOMEZ ISAZA,5756,SONSON,Oriente,FRATERNIDAD MEDELLÍN CTA,https://drive.google.com/file/d/1hTtXHFcl_YIyt-mfEz4OiVWlzvZvr5g_/view?usp=sharing,
10575600031115,C. E. R. LA FALDA,105756000311,INSTITUCION EDUCATIVA ESCUELA NORMAL SUPERIOR PRESBITERO JOSE GOMEZ ISAZA,5756,SONSON,Oriente,FRATERNIDAD MEDELLÍN CTA,https://drive.google.com/file/d/1J35riI24hmc7NkwmSCdc2ntwumCisTz-/view?usp=sharing,
10575600031112,C. E. R. LLANADAS ABAJO,105756000311,INSTITUCION EDUCATIVA ESCUELA NORMAL SUPERIOR PRESBITERO JOSE GOMEZ ISAZA,5756,SONSON,Oriente,FRATERNIDAD MEDELLÍN CTA,https://drive.google.com/file/d/1Keh4Cpk9Lk2vSv1nyzGxtJweLSy0E2aE/view?usp=sharing,
10575600031103,C. E. R. LLANADAS SANTA CLARA,105756000311,INSTITUCION EDUCATIVA ESCUELA NORMAL SUPERIOR PRESBITERO JOSE GOMEZ ISAZA,5756,SONSON,Oriente,FRATERNIDAD MEDELLÍN CTA,https://drive.google.com/file/d/1WmnRGGHy8NtkgeKIAbsSGvi_o_vaIu5R/view?usp=sharing,
10575600031108,C. E. R. MARIANO OSPINA PEREZ,105756000311,INSTITUCION EDUCATIVA ESCUELA NORMAL SUPERIOR PRESBITERO JOSE GOMEZ ISAZA,5756,SONSON,Oriente,FRATERNIDAD MEDELLÍN CTA,,
10575600031114,C. E. R. MEDIA CUESTA,105756000311,INSTITUCION EDUCATIVA ESCUELA NORMAL SUPERIOR PRESBITERO JOSE GOMEZ ISAZA,5756,SONSON,Oriente,FRATERNIDAD MEDELLÍN CTA,,
10575600031102,C. E. R. RIO ARRIBA,105756000311,INSTITUCION EDUCATIVA ESCUELA NORMAL SUPERIOR PRESBITERO JOSE GOMEZ ISAZA,5756,SONSON,Oriente,FRATERNIDAD MEDELLÍN CTA,https://drive.google.com/file/d/1wPhcP8zQaXlxSpTrsxK0focqyUIkyyld/view?usp=sharing,
10575600031110,C. E. R. ROBLAL ARRIBA,105756000311,INSTITUCION EDUCATIVA ESCUELA NORMAL SUPERIOR PRESBITERO JOSE GOMEZ ISAZA,5756,SONSON,Oriente,FRATERNIDAD MEDELLÍN CTA,https://drive.google.com/file/d/1kmtV5o8jy96Y95hlPO8ylvf_O334-ogv/view?usp=sharing,
10575600031113,C. E. R. SAN JOSE DE LAS CRUCES,105756000311,INSTITUCION EDUCATIVA ESCUELA NORMAL SUPERIOR PRESBITERO JOSE GOMEZ ISAZA,5756,SONSON,Oriente,FRATERNIDAD MEDELLÍN CTA,,
10575600031116,C. E. R. SANTA MARTA,105756000311,INSTITUCION EDUCATIVA ESCUELA NORMAL SUPERIOR PRESBITERO JOSE GOMEZ ISAZA,5756,SONSON,Oriente,FRATERNIDAD MEDELLÍN CTA,,
10575600031117,ESCUELA HOGAR SAN ELIAS ,105756000311,INSTITUCION EDUCATIVA ESCUELA NORMAL SUPERIOR PRESBITERO JOSE GOMEZ ISAZA,5756,SONSON,Oriente,FRATERNIDAD MEDELLÍN CTA,https://drive.google.com/file/d/1bPErs6SwF1NuyAwNA3xX9KYlHeIAxItU/view?usp=sharing,
10575600031101,I. E. ESCUELA NORMAL SUPERIOR PRESBITERO JOSE GOMEZ ISAZA,105756000311,INSTITUCION EDUCATIVA ESCUELA NORMAL SUPERIOR PRESBITERO JOSE GOMEZ ISAZA,5756,SONSON,Oriente,FRATERNIDAD MEDELLÍN CTA,,
10503000001004,C. E. R. MALABRIGO,105030000010,I. E. ESCUELA NORMAL SUPERIOR AMAGA,5030,AMAGA,Suroeste,SECRETOS PARA CONTAR ERA,,
10503000001003,C. E. R. TRAVESIAS,105030000010,I. E. ESCUELA NORMAL SUPERIOR AMAGA,5030,AMAGA,Suroeste,SECRETOS PARA CONTAR ERA,https://drive.google.com/file/d/1p6zAEMttgcNegEC3OZXzcJAXSsYp3RWa/view?usp=sharing,
10503000001002,E U MARIA AUXILIADORA,105030000010,I. E. ESCUELA NORMAL SUPERIOR AMAGA,5030,AMAGA,Suroeste,FRATERNIDAD MEDELLÍN CTA,https://drive.google.com/file/d/1DUjNoBoU2cDjJtPdRt0B6YnVMbRUMBQ0/view?usp=sharing,
10503000001001,ESCUELA NORMAL SUPERIOR VICTORIANO TORO ECHEVERRI-AMAGA,105030000010,I. E. ESCUELA NORMAL SUPERIOR AMAGA,5030,AMAGA,Suroeste,FRATERNIDAD MEDELLÍN CTA,,
20503000024301,LICEO PASCUAL CORREA FLOREZ,205030000243,I. E. PASCUAL CORREA FLOREZ,5030,AMAGA,Suroeste,FRATERNIDAD MEDELLÍN CTA,,
20503000024303,LUIS EDUARDO VALENCIA GARCIA,205030000243,I. E. PASCUAL CORREA FLOREZ,5030,AMAGA,Suroeste,COMFAMA,https://drive.google.com/file/d/17YNyXRiMxzYwUN-AWoVO1jm3yut9UsCY/view?usp=sharing,
20503000024304,OLAYA HERRERA,205030000243,I. E. PASCUAL CORREA FLOREZ,5030,AMAGA,Suroeste,SECRETOS PARA CONTAR ERA,,
20503000024302,PEDRO CLAVER AGUIRRE,205030000243,I. E. PASCUAL CORREA FLOREZ,5030,AMAGA,Suroeste,COMFAMA,,
10503000002803,ALEJANDRO TORO,105030000028,I. E. SAN FERNANDO,5030,AMAGA,Suroeste,FRATERNIDAD MEDELLÍN CTA,https://drive.google.com/file/d/1gdMoxXQKFiYAOtk7-OBqBsSzTnFD8PjC/view?usp=sharing,
10503000002806,CAÑAVERAL SAN JOSE,105030000028,I. E. SAN FERNANDO,5030,AMAGA,Suroeste,SECRETOS PARA CONTAR ERA,,
10503000002801,COLEGIO SAN FERNANDO,105030000028,I. E. SAN FERNANDO,5030,AMAGA,Suroeste,FRATERNIDAD MEDELLÍN CTA,,
10503000002804,PUEBLITO DE LOS SANCHEZ,105030000028,I. E. SAN FERNANDO,5030,AMAGA,Suroeste,SECRETOS PARA CONTAR ERA,,
20503000005707,AMAGA YARUMAL,205030000057,I.E.R URBANO RUIZ,5030,AMAGA,Suroeste,SECRETOS PARA CONTAR ERA,,
20503000005706,EMIRO KASTOS,205030000057,I.E.R URBANO RUIZ,5030,AMAGA,Suroeste,SECRETOS PARA CONTAR ERA,,
20503000005704,ENRIQUE MUÑOZ VILLA,205030000057,I.E.R URBANO RUIZ,5030,AMAGA,Suroeste,SECRETOS PARA CONTAR ERA,,
20503000005703,GEORGINA BOLIVAR,205030000057,I.E.R URBANO RUIZ,5030,AMAGA,Suroeste,SECRETOS PARA CONTAR ERA,,
20503000005701,I.E.R URBANO RUIZ,205030000057,I.E.R URBANO RUIZ,5030,AMAGA,Suroeste,SECRETOS PARA CONTAR ERA,,
20503000005701,I.E.R URBANO RUIZ,205030000057,I.E.R URBANO RUIZ,5030,AMAGA,Suroeste,SECRETOS PARA CONTAR ERA,https://drive.google.com/file/d/1gtZ-Qb1O91PVX4aLc88ne7SIJS8_-mbA/view?usp=sharing,
20503000005702,LA DELGADITA,205030000057,I.E.R URBANO RUIZ,5030,AMAGA,Suroeste,SECRETOS PARA CONTAR ERA,,
20503000005705,MANI DEL CARDAL,205030000057,I.E.R URBANO RUIZ,5030,AMAGA,Suroeste,SECRETOS PARA CONTAR ERA,,
20503000005708,TRINIDAD NECHI,205030000057,I.E.R URBANO RUIZ,5030,AMAGA,Suroeste,SECRETOS PARA CONTAR ERA,https://drive.google.com/file/d/1CcGE2lmqry76H9e1kNb00KnOuyufAuuS/view?usp=sharing,
20503000011102,C. E. R. LA GUALI,205030000111,INSTITUCION EDUCATIVA RURAL BELISARIO BETANCUR CUARTAS,5030,AMAGA,Suroeste,SECRETOS PARA CONTAR ERA,https://drive.google.com/file/d/1kHswjofc7JvalJOrwyW9vXGW4pD1lSIA/view?usp=sharing,
20503000011103,EL CEDRO,205030000111,INSTITUCION EDUCATIVA RURAL BELISARIO BETANCUR CUARTAS,5030,AMAGA,Suroeste,SECRETOS PARA CONTAR ERA,,
20503000011104,I. E. LUIS CARLOS PARRA MOLINA,205030000111,INSTITUCION EDUCATIVA RURAL BELISARIO BETANCUR CUARTAS,5030,AMAGA,Suroeste,SECRETOS PARA CONTAR ERA,,
20503000011101,I.E.R BELISARIO BETANCUR CUARTAS,205030000111,INSTITUCION EDUCATIVA RURAL BELISARIO BETANCUR CUARTAS,5030,AMAGA,Suroeste,SECRETOS PARA CONTAR ERA,https://drive.google.com/file/d/1Vrpl7G-LM2vG_5_-VQXyFzEmKWZyYIDh/view?usp=sharing,
10503400027803,C. E. R. EL TAPAO,105034000278,I. E. MARCO FIDEL SUAREZ,5034,ANDES,Suroeste,SECRETOS PARA CONTAR ERA,,
10503400027802,C. E. R. SAN MARTIN DE PORRES,105034000278,I. E. MARCO FIDEL SUAREZ,5034,ANDES,Suroeste,SECRETOS PARA CONTAR ERA,,
20503400032906,C. E. R. ALFREDO GONZALEZ,205034000329,I. E. R. SANTA INES,5034,ANDES,Suroeste,SECRETOS PARA CONTAR ERA,,
20503400032902,C. E. R. BRAZO SECO,205034000329,I. E. R. SANTA INES,5034,ANDES,Suroeste,SECRETOS PARA CONTAR ERA,,
20503400032911,C. E. R. GABRIELA ECHEVERRI,205034000329,I. E. R. SANTA INES,5034,ANDES,Suroeste,SECRETOS PARA CONTAR ERA,https://drive.google.com/file/d/1FGLDy7JUZBXzfoNFiwttBwUz-HS7hxl2/view?usp=sharing,
20503400032907,C. E. R. LA BORRAJA,205034000329,I. E. R. SANTA INES,5034,ANDES,Suroeste,SECRETOS PARA CONTAR ERA,,
20503400032903,C. E. R. LAS FLORES,205034000329,I. E. R. SANTA INES,5034,ANDES,Suroeste,SECRETOS PARA CONTAR ERA,,
20503400032908,C. E. R. LUIS ESPINOSA RUIZ,205034000329,I. E. R. SANTA INES,5034,ANDES,Suroeste,SECRETOS PARA CONTAR ERA,,
20503400032905,C. E. R. PEÑAS AZULES,205034000329,I. E. R. SANTA INES,5034,ANDES,Suroeste,SECRETOS PARA CONTAR ERA,,
20503400032909,C. E. R. SANTA ANA,205034000329,I. E. R. SANTA INES,5034,ANDES,Suroeste,SECRETOS PARA CONTAR ERA,https://drive.google.com/file/d/1gcEhtWQg99Bzy4xLzqH_g7QEMqSOJyms/view?usp=sharing,
20503400032910,C. E. R. SANTA BARBARA,205034000329,I. E. R. SANTA INES,5034,ANDES,Suroeste,SECRETOS PARA CONTAR ERA,,
20503400032904,C. E. R. SANTA ELENA,205034000329,I. E. R. SANTA INES,5034,ANDES,Suroeste,SECRETOS PARA CONTAR ERA,,
20503400032913,C. E. R. SANTA RITA N° 2,205034000329,I. E. R. SANTA INES,5034,ANDES,Suroeste,SECRETOS PARA CONTAR ERA,,
20503400032901,I. E. R. SANTA INES,205034000329,I. E. R. SANTA INES,5034,ANDES,Suroeste,SECRETOS PARA CONTAR ERA,,
20503400131703,C. E. R. CARDAL,205034001317,I. E. SAN PERUCHITO,5034,ANDES,Suroeste,SECRETOS PARA CONTAR ERA,https://drive.google.com/file/d/1hdQNYqHI5tTfc-eVGLPfNz_cg0WTxpG-/view?usp=sharing,
20503400131704,C. E. R. EL LIBANO,205034001317,I. E. SAN PERUCHITO,5034,ANDES,Suroeste,SECRETOS PARA CONTAR ERA,https://drive.google.com/file/d/1t217S82bAbxRN3YeoEgHdEdGwDd99dfY/view?usp=sharing,
20503400131705,C. E. R. EL LIBANON,205034001317,I. E. SAN PERUCHITO,5034,ANDES,Suroeste,SECRETOS PARA CONTAR ERA,,
20503400131702,C. E. R. GABRIEL ALVAREZ RESTREPO,205034001317,I. E. SAN PERUCHITO,5034,ANDES,Suroeste,SECRETOS PARA CONTAR ERA,https://drive.google.com/file/d/1mUntOw0xiWxL5ouXCth5vJsqNeiyIqre/view?usp=sharing,
20503400131706,C. E. R. LA PIEDRA,205034001317,I. E. SAN PERUCHITO,5034,ANDES,Suroeste,SECRETOS PARA CONTAR ERA,,
20503400131706,C. E. R. LA PIEDRA,205034001317,I. E. SAN PERUCHITO,5034,ANDES,Suroeste,SECRETOS PARA CONTAR ERA,https://drive.google.com/file/d/1M_hzRYIGR8HYGkygzxP0A2HRJhGvulki/view?usp=sharing,
20503400131708,C. E. R. SAN MIGUEL,205034001317,I. E. SAN PERUCHITO,5034,ANDES,Suroeste,SECRETOS PARA CONTAR ERA,,
20503400131707,C. E. R. SAN PERUCHO,205034001317,I. E. SAN PERUCHITO,5034,ANDES,Suroeste,SECRETOS PARA CONTAR ERA,https://drive.google.com/file/d/1Lh8juG06p0MB8X0fugRM-n8Y5EBkbDcn/view?usp=sharing,
20503400131701,I. E. SAN PERUCHITO,205034001317,I. E. SAN PERUCHITO,5034,ANDES,Suroeste,SECRETOS PARA CONTAR ERA,https://drive.google.com/file/d/17-rs_mKrsATk1zsuVT1rOpunMpxqCJZm/view?usp=sharing,
10503400074003,LA AGUADA,105034000740,INSTITUCION EDUCATIVA JUAN DE DIOS URIBE,5034,ANDES,Suroeste,SECRETOS PARA CONTAR ERA,https://drive.google.com/file/d/1zWxAO44mZWFMZj3509Xr2OIbmwfyf-q9/view?usp=sharing,
10503400074004,LA SOLEDAD,105034000740,INSTITUCION EDUCATIVA JUAN DE DIOS URIBE,5034,ANDES,Suroeste,SECRETOS PARA CONTAR ERA,https://drive.google.com/file/d/1EyrxiMnvxA7gyBrp0kB7n7HOn8WFo3Wt/view?usp=sharing,
10503400074001,LICEO JUAN DE DIOS URIBE,105034000740,INSTITUCION EDUCATIVA JUAN DE DIOS URIBE,5034,ANDES,Suroeste,FRATERNIDAD MEDELLÍN CTA,https://drive.google.com/file/d/1hmv9A3RUaUoEUMv0L12cyjhRgbwusMAN/view?usp=sharing,
10503400074005,PALESTINA,105034000740,INSTITUCION EDUCATIVA JUAN DE DIOS URIBE,5034,ANDES,Suroeste,SECRETOS PARA CONTAR ERA,,
10503400074006,PRESBITERO RICARDO MEJIA,105034000740,INSTITUCION EDUCATIVA JUAN DE DIOS URIBE,5034,ANDES,Suroeste,SECRETOS PARA CONTAR ERA,,
10503400120701,I. E. MARIA AUXILIADORA,105034001207,INSTITUCION EDUCATIVA MARIA AUXILIADORA,5034,ANDES,Suroeste,FRATERNIDAD MEDELLÍN CTA,https://drive.google.com/file/d/1glJrEgt8DtFUuaC7gH4VyxMap-0Cwm9x/view?usp=sharing,
20503400034509,C. E. R. BELLA VISTA,205034000345,INSTITUCION EDUCATIVA RURAL FELIPE HENAO JARAMILLO,5034,ANDES,Suroeste,SECRETOS PARA CONTAR ERA,https://drive.google.com/file/d/1AAhhbkEfDKTyiK0aICaVvItdEU5m9fHX/view?usp=sharing,
20503400034508,C. E. R. LINO ACEVEDO,205034000345,INSTITUCION EDUCATIVA RURAL FELIPE HENAO JARAMILLO,5034,ANDES,Suroeste,SECRETOS PARA CONTAR ERA,https://drive.google.com/file/d/17wWKycvuVOTVvMWSfjRcuwI6_pVxg416/view?usp=sharing,
20503400034507,C. E. R. MONSEÑOR EFREN MONTOYA,205034000345,INSTITUCION EDUCATIVA RURAL FELIPE HENAO JARAMILLO,5034,ANDES,Suroeste,SECRETOS PARA CONTAR ERA,https://drive.google.com/file/d/1yOPX6mWdz_ztOq4XeygsHcFq5-d_2MsO/view?usp=sharing,
20503400034505,C. E. R. SAN CARLOS BORROMEO,205034000345,INSTITUCION EDUCATIVA RURAL FELIPE HENAO JARAMILLO,5034,ANDES,Suroeste,SECRETOS PARA CONTAR ERA,,
20503400034503,C. E. R. SAN FERNANDO,205034000345,INSTITUCION EDUCATIVA RURAL FELIPE HENAO JARAMILLO,5034,ANDES,Suroeste,SECRETOS PARA CONTAR ERA,,
20503400034504,C. E. R. VALLE UMBRIA,205034000345,INSTITUCION EDUCATIVA RURAL FELIPE HENAO JARAMILLO,5034,ANDES,Suroeste,SECRETOS PARA CONTAR ERA,,
20503400034501,I. E.R FELIPE HENAO JARAMILLO,205034000345,INSTITUCION EDUCATIVA RURAL FELIPE HENAO JARAMILLO,5034,ANDES,Suroeste,SECRETOS PARA CONTAR ERA,,
20503400034510,I.E.R. FELIPE HENAO JARAMILLO SEDE II,205034000345,INSTITUCION EDUCATIVA RURAL FELIPE HENAO JARAMILLO,5034,ANDES,Suroeste,SECRETOS PARA CONTAR ERA,,
10503400001401,I. E. SAN JUAN DE LOS ANDES,105034000014,INSTITUCION EDUCATIVA SAN JUAN DE LOS ANDES,5034,ANDES,Suroeste,FRATERNIDAD MEDELLÍN CTA,https://drive.google.com/file/d/1DEmZn-2al5_BqNA0itrCi79cMShmTWYB/view?usp=sharing,
20503400025606,C. E. R. GONZALO OSPINA,205034000256,INSTITUCION EDUCATIVA SANTA RITA,5034,ANDES,Suroeste,SECRETOS PARA CONTAR ERA,,
20503400025603,C. E. R. LA LIBERTADORA,205034000256,INSTITUCION EDUCATIVA SANTA RITA,5034,ANDES,Suroeste,SECRETOS PARA CONTAR ERA,https://drive.google.com/file/d/1TAIQbYHUZXPjiJtgyyzc8L-prkqvqH2d/view?usp=sharing,
20503400025604,C. E. R. MEDIA LUNA,205034000256,INSTITUCION EDUCATIVA SANTA RITA,5034,ANDES,Suroeste,SECRETOS PARA CONTAR ERA,,
20503400025602,C. E. R. SAN AGUSTIN,205034000256,INSTITUCION EDUCATIVA SANTA RITA,5034,ANDES,Suroeste,SECRETOS PARA CONTAR ERA,https://drive.google.com/file/d/1VrOAB4_GqKS0ZuseF2fKXX7wNnqAr8rk/view?usp=sharing,
20503400025605,C. E. R. SAN PEDRO SANTA RITA,205034000256,INSTITUCION EDUCATIVA SANTA RITA,5034,ANDES,Suroeste,SECRETOS PARA CONTAR ERA,,
20503400025601,I. E. SANTA RITA,205034000256,INSTITUCION EDUCATIVA SANTA RITA,5034,ANDES,Suroeste,SECRETOS PARA CONTAR ERA,https://drive.google.com/file/d/10b3zyYowQ9uK_8P-rTCTZk10SDgNjb_Z/view?usp=sharing,
20503400024801,I. E. TAPARTO,205034000248,INSTITUCION EDUCATIVA TAPARTO,5034,ANDES,Suroeste,SECRETOS PARA CONTAR ERA,,
20503400024807,IE TAPARTO SEDE II,205034000248,INSTITUCION EDUCATIVA TAPARTO,5034,ANDES,Suroeste,SECRETOS PARA CONTAR ERA,,
20503400024802,JULIO JIMENEZ,205034000248,INSTITUCION EDUCATIVA TAPARTO,5034,ANDES,Suroeste,SECRETOS PARA CONTAR ERA,,
20503400024805,LA LEJIA,205034000248,INSTITUCION EDUCATIVA TAPARTO,5034,ANDES,Suroeste,SECRETOS PARA CONTAR ERA,,
20503400024804,LA MELLIZA,205034000248,INSTITUCION EDUCATIVA TAPARTO,5034,ANDES,Suroeste,SECRETOS PARA CONTAR ERA,,
20503400024803,MONTE VERDE,205034000248,INSTITUCION EDUCATIVA TAPARTO,5034,ANDES,Suroeste,SECRETOS PARA CONTAR ERA,,
20503400024806,RICARDO GONZALEZ,205034000248,INSTITUCION EDUCATIVA TAPARTO,5034,ANDES,Suroeste,SECRETOS PARA CONTAR ERA,,
20503400007808,C. E. R. EL BARCINO,205034000078,INSTITUCIÓN EDUCATIVA RURAL CARBONERA,5034,ANDES,Suroeste,SECRETOS PARA CONTAR ERA,,
20503400007809,C. E. R. HERNAN POSADA,205034000078,INSTITUCIÓN EDUCATIVA RURAL CARBONERA,5034,ANDES,Suroeste,SECRETOS PARA CONTAR ERA,https://drive.google.com/file/d/1hC4ZDEua-7tR2s3iBQ_GcGxUPOA5gfYB/view?usp=sharing,
20503400007802,C. E. R. LA JULIETA,205034000078,INSTITUCIÓN EDUCATIVA RURAL CARBONERA,5034,ANDES,Suroeste,SECRETOS PARA CONTAR ERA,,
20503400007803,C. E. R. PRESBITERO ADAN GONZALEZ,205034000078,INSTITUCIÓN EDUCATIVA RURAL CARBONERA,5034,ANDES,Suroeste,SECRETOS PARA CONTAR ERA,,
20503400007804,C. E. R. RISARALDA,205034000078,INSTITUCIÓN EDUCATIVA RURAL CARBONERA,5034,ANDES,Suroeste,SECRETOS PARA CONTAR ERA,https://drive.google.com/file/d/1Jox5qVI6rKkNuEOu_JyzKeW5dms8Fjlj/view?usp=sharing,
20503400007801,I. E. R. CARBONERA,205034000078,INSTITUCIÓN EDUCATIVA RURAL CARBONERA,5034,ANDES,Suroeste,SECRETOS PARA CONTAR ERA,https://drive.google.com/file/d/1qZEW7ZgzCDyOTUwXoUygmE7l-ilD48y1/view?usp=sharing,
20503400007811,I. E. SAN JOSE,205034000078,INSTITUCIÓN EDUCATIVA RURAL CARBONERA,5034,ANDES,Suroeste,SECRETOS PARA CONTAR ERA,https://drive.google.com/file/d/1FvPQKkhXsEkPDklKhdWA3pIeT1zLrytq/view?usp=sharing,
20503400007813,SAN JOSÉ - SEDE II,205034000078,INSTITUCIÓN EDUCATIVA RURAL CARBONERA,5034,ANDES,Suroeste,SECRETOS PARA CONTAR ERA,,
20503600007506,EL BARRO,205036000083,INSTITUCION EDUCATIVA LOS ANGELES,5036,ANGELOPOLIS,Suroeste,SECRETOS PARA CONTAR ERA,,
20503600008301,I. E. LOS ANGELES,205036000083,INSTITUCION EDUCATIVA LOS ANGELES,5036,ANGELOPOLIS,Suroeste,SECRETOS PARA CONTAR ERA,https://drive.google.com/file/d/1KllGd8aGTy6mEeuW6OJgD9-c3xfe3Y01/view?usp=sharing,
10503600009703,C. E. R. LA CASCAJALA,105036000097,INSTITUCION EDUCATIVA SAN JOSE,5036,ANGELOPOLIS,Suroeste,SECRETOS PARA CONTAR ERA,,
10503600009705,CIENAGUITA,105036000097,INSTITUCION EDUCATIVA SAN JOSE,5036,ANGELOPOLIS,Suroeste,SECRETOS PARA CONTAR ERA,,
10503600009701,I. E. SAN JOSE,105036000097,INSTITUCION EDUCATIVA SAN JOSE,5036,ANGELOPOLIS,Suroeste,FRATERNIDAD MEDELLÍN CTA,https://drive.google.com/file/d/103seQWQyrzVdWKdGt3tU_AFd95k7Davq/view?usp=sharing,
10503600009702,SAN ISIDRO,105036000097,INSTITUCION EDUCATIVA SAN JOSE,5036,ANGELOPOLIS,Suroeste,SECRETOS PARA CONTAR ERA,,
20503600008304,SANTA RITA,105036000097,INSTITUCION EDUCATIVA SAN JOSE,5036,ANGELOPOLIS,Suroeste,SECRETOS PARA CONTAR ERA,https://drive.google.com/file/d/16WedBCn8-1jhws9VsIoMMrNkfLlnqn5a/view?usp=sharing,
20509100012202,C. E. R. ALTO DEL OSO,205091000122,C. E. R. LA MERCED,5091,BETANIA,Suroeste,SECRETOS PARA CONTAR ERA,,
20509100012206,C. E. R. LA JULIA,205091000122,C. E. R. LA MERCED,5091,BETANIA,Suroeste,SECRETOS PARA CONTAR ERA,,
20509100012201,C. E. R. LA MERCED,205091000122,C. E. R. LA MERCED,5091,BETANIA,Suroeste,SECRETOS PARA CONTAR ERA,,
20509100012213,C. E. R. LADERA ARRIBA,205091000122,C. E. R. LA MERCED,5091,BETANIA,Suroeste,SECRETOS PARA CONTAR ERA,,
20509100012203,C. E. R. MEDIA LUNA,205091000122,C. E. R. LA MERCED,5091,BETANIA,Suroeste,SECRETOS PARA CONTAR ERA,https://drive.google.com/file/d/1dHwFDa2fKO4de0OdLAGeP78jNvblcBAe/view?usp=sharing,
20509100012216,CENTRO EDUCATIVO RURAL EL CONTENTO,205091000122,C. E. R. LA MERCED,5091,BETANIA,Suroeste,SECRETOS PARA CONTAR ERA,,
20509100012211,I. E. R. EL BOSQUE,205091000122,C. E. R. LA MERCED,5091,BETANIA,Suroeste,SECRETOS PARA CONTAR ERA,https://drive.google.com/file/d/19AqbCE7q19fzwbiKptBZ_rY0RLoXLecc/view?usp=sharing,
20509100012207,I. E. R. LA FLORIDA,205091000122,C. E. R. LA MERCED,5091,BETANIA,Suroeste,SECRETOS PARA CONTAR ERA,https://drive.google.com/file/d/1vVXENk60etR41x6HwS3mtqI7LUj5Jz9b/view?usp=sharing,
20509100012204,I. E. R. LA HERMOSA,205091000122,C. E. R. LA MERCED,5091,BETANIA,Suroeste,SECRETOS PARA CONTAR ERA,https://drive.google.com/file/d/1nGvghk2Lu4nkBzTvRpJCtZ_oh54qZtuM/view?usp=sharing,
20509100012209,I. E. R. LA ITALIA,205091000122,C. E. R. LA MERCED,5091,BETANIA,Suroeste,SECRETOS PARA CONTAR ERA,https://drive.google.com/file/d/1yACq22-cr-5CaUzGWd823tWqbPm3dgzb/view?usp=sharing,
20509100012215,I. E. R. LA LIBIA ABAJO,205091000122,C. E. R. LA MERCED,5091,BETANIA,Suroeste,SECRETOS PARA CONTAR ERA,https://drive.google.com/file/d/1qAqubKR4lr1Tjg-jGPrZvKxULNMY1nxj/view?usp=sharing,
20509100012210,I. E. R. LA PRIMAVERA,205091000122,C. E. R. LA MERCED,5091,BETANIA,Suroeste,SECRETOS PARA CONTAR ERA,,
20509100012208,I. E. R. LA ROCHELA,205091000122,C. E. R. LA MERCED,5091,BETANIA,Suroeste,SECRETOS PARA CONTAR ERA,,
20509100012212,I. E. R. PALENQUE,205091000122,C. E. R. LA MERCED,5091,BETANIA,Suroeste,SECRETOS PARA CONTAR ERA,https://drive.google.com/file/d/1d3W5zUHqScUQq_Cc3ixoZQgx6CU97YZl/view?usp=sharing,
20509100012205,I. E. R. PEDRAL ABAJO,205091000122,C. E. R. LA MERCED,5091,BETANIA,Suroeste,SECRETOS PARA CONTAR ERA,,
10509100001208,BARLOVENTO,105091000012,INSTITUCION EDUCATIVA PERLA DEL CITARA,5091,BETANIA,Suroeste,SECRETOS PARA CONTAR ERA,,
10509100001203,BELLAVISTA,105091000012,INSTITUCION EDUCATIVA PERLA DEL CITARA,5091,BETANIA,Suroeste,SECRETOS PARA CONTAR ERA,,
10509100001202,CAJONES,105091000012,INSTITUCION EDUCATIVA PERLA DEL CITARA,5091,BETANIA,Suroeste,SECRETOS PARA CONTAR ERA,,
10509100001201,I. E. PERLA DEL CITARA,105091000012,INSTITUCION EDUCATIVA PERLA DEL CITARA,5091,BETANIA,Suroeste,FRATERNIDAD MEDELLÍN CTA,,
10509100001213,JUAN XXIII,105091000012,INSTITUCION EDUCATIVA PERLA DEL CITARA,5091,BETANIA,Suroeste,FRATERNIDAD MEDELLÍN CTA,https://drive.google.com/file/d/1R69EVqTcwCHr_gRvIrEEnU9hGfRJiQhY/view?usp=sharing,
10509100001211,LA FE,105091000012,INSTITUCION EDUCATIVA PERLA DEL CITARA,5091,BETANIA,Suroeste,SECRETOS PARA CONTAR ERA,https://drive.google.com/file/d/1V7aFJSPLwtBrzeCujVNSzsGmAAE-GZy4/view?usp=sharing,
10509100001206,LA LINDA,105091000012,INSTITUCION EDUCATIVA PERLA DEL CITARA,5091,BETANIA,Suroeste,SECRETOS PARA CONTAR ERA,,
10509100001209,LADERA ABAJO,105091000012,INSTITUCION EDUCATIVA PERLA DEL CITARA,5091,BETANIA,Suroeste,SECRETOS PARA CONTAR ERA,https://drive.google.com/file/d/1WRM3yQOm28YbbwcZ4fgAIAheJ3M5BZYr/view?usp=sharing,
10509100001212,LIBIA ARRIBA,105091000012,INSTITUCION EDUCATIVA PERLA DEL CITARA,5091,BETANIA,Suroeste,SECRETOS PARA CONTAR ERA,https://drive.google.com/file/d/1JdsoGCa7hxIDbzgi6GxH_NJDs7DznpdX/view?usp=sharing,
10509100001207,LOS AGUACATES,105091000012,INSTITUCION EDUCATIVA PERLA DEL CITARA,5091,BETANIA,Suroeste,SECRETOS PARA CONTAR ERA,,
10509100001210,SAN RAFAEL,105091000012,INSTITUCION EDUCATIVA PERLA DEL CITARA,5091,BETANIA,Suroeste,SECRETOS PARA CONTAR ERA,,
10509100001205,SANTA ANA,105091000012,INSTITUCION EDUCATIVA PERLA DEL CITARA,5091,BETANIA,Suroeste,SECRETOS PARA CONTAR ERA,https://drive.google.com/file/d/1m17ECWoPNk8x-bZJEt05S2xAFk-l1T0W/view?usp=sharing,
10509100001204,TULIO MARIN,105091000012,INSTITUCION EDUCATIVA PERLA DEL CITARA,5091,BETANIA,Suroeste,SECRETOS PARA CONTAR ERA,,
20509300017105,C. E. R. EL CUCHUCO,205093000171,C. E. R. LA GUAMALA,5093,BETULIA,Suroeste,SECRETOS PARA CONTAR ERA,,
20509300017103,C. E. R. EL INDIO,205093000171,C. E. R. LA GUAMALA,5093,BETULIA,Suroeste,SECRETOS PARA CONTAR ERA,https://drive.google.com/file/d/1nGjYSbvPkS3o559gR7R3gTY7doy3s3yh/view?usp=sharing,
20509300017101,C. E. R. LA GUAMALA,205093000171,C. E. R. LA GUAMALA,5093,BETULIA,Suroeste,SECRETOS PARA CONTAR ERA,https://drive.google.com/file/d/1Mftuho46rkF53SyZpHUswflCFdMpwmn8/view?usp=sharing,
20509300017104,C. E. R. LA GUAMALITA,205093000171,C. E. R. LA GUAMALA,5093,BETULIA,Suroeste,SECRETOS PARA CONTAR ERA,,
20509300017102,C. E. R. LA MINA,205093000171,C. E. R. LA GUAMALA,5093,BETULIA,Suroeste,SECRETOS PARA CONTAR ERA,,
20509300017106,C. E. R. QUEBRADA ARRIBA,205093000171,C. E. R. LA GUAMALA,5093,BETULIA,Suroeste,SECRETOS PARA CONTAR ERA,https://drive.google.com/file/d/1GJEbHiX6KNSsSPMaQtJHqcydtx86pAc-/view?usp=sharing,
20509300017107,C.E.R. SAN MARTÍN DE PORRES,205093000171,C. E. R. LA GUAMALA,5093,BETULIA,Suroeste,SECRETOS PARA CONTAR ERA,https://drive.google.com/file/d/11yptpr5ju6uafZQEZx8Mja4iH--XwfUs/view?usp=sharing,
20509300013803,C. E. R. EL YERBAL,205093000138,C. E. R. LA VARGAS,5093,BETULIA,Suroeste,SECRETOS PARA CONTAR ERA,https://drive.google.com/file/d/1RhHu8DcQ7M6lGWCNKjJ1JxAeqjIXeeQ7/view?usp=sharing,
20509300013805,C. E. R. LA CEIBALA,205093000138,C. E. R. LA VARGAS,5093,BETULIA,Suroeste,SECRETOS PARA CONTAR ERA,https://drive.google.com/file/d/1yhjruMPEoS5T0-VW5hGdQ5S5uDK8cN2P/view?usp=sharing,
20509300013804,C. E. R. LA MANGUITA,205093000138,C. E. R. LA VARGAS,5093,BETULIA,Suroeste,SECRETOS PARA CONTAR ERA,https://drive.google.com/file/d/1WN30ApJtGS5eHSbHh-v_aUcsQBZOpXag/view?usp=sharing,
20509300013808,C. E. R. LA URRAEÑA,205093000138,C. E. R. LA VARGAS,5093,BETULIA,Suroeste,SECRETOS PARA CONTAR ERA,https://drive.google.com/file/d/1StE6gcrXWr4uSSzRg2x1OMnoe9mbrRe1/view?usp=sharing,
20509300013801,C. E. R. LA VARGAS,205093000138,C. E. R. LA VARGAS,5093,BETULIA,Suroeste,SECRETOS PARA CONTAR ERA,,
20509300013802,C. E. R. LOS ANIMES,205093000138,C. E. R. LA VARGAS,5093,BETULIA,Suroeste,SECRETOS PARA CONTAR ERA,https://drive.google.com/file/d/1zV5-EEmwBpMx1c9C3KxOC2ts7HOPduwG/view?usp=sharing,
20509300013806,C. E. R. PIÑONAL,205093000138,C. E. R. LA VARGAS,5093,BETULIA,Suroeste,SECRETOS PARA CONTAR ERA,https://drive.google.com/file/d/18O-ZBO809S6m9oQIiN2Dl9Qa5IAqtF3H/view?usp=sharing,
20509300013807,LA QUIEBRA,205093000138,C. E. R. LA VARGAS,5093,BETULIA,Suroeste,SECRETOS PARA CONTAR ERA,https://drive.google.com/file/d/1o8Qa-aXFWYHqTkxADUWv3jTGxa5_eEyW/view?usp=sharing,
20509300026008,C. E. R. CUCHILLON,205093000260,I E FRANCISCO CESAR,5093,BETULIA,Suroeste,SECRETOS PARA CONTAR ERA,https://drive.google.com/file/d/19Tx_WQlTFqnUAKlM-RxyR7E8fM_0ofI6/view?usp=sharing,
20509300026007,C. E. R. EL GUADUAL,205093000260,I E FRANCISCO CESAR,5093,BETULIA,Suroeste,SECRETOS PARA CONTAR ERA,,
20509300026003,C. E. R. EL TOSTADO,205093000260,I E FRANCISCO CESAR,5093,BETULIA,Suroeste,SECRETOS PARA CONTAR ERA,,
20509300026006,C. E. R. LA CIENAGA,205093000260,I E FRANCISCO CESAR,5093,BETULIA,Suroeste,SECRETOS PARA CONTAR ERA,https://drive.google.com/file/d/1WE5VDX4PjRDxLqqe6cBE8L9rKv4JHpsk/view?usp=sharing,
20509300026005,C. E. R. LEONOR ANGEL VANEGAS,205093000260,I E FRANCISCO CESAR,5093,BETULIA,Suroeste,SECRETOS PARA CONTAR ERA,https://drive.google.com/file/d/1xbSrlWWbeGo5UyZ4wUYjl2sZIMpMTpq5/view?usp=sharing,
20509300026009,C. E. R. PURCO,205093000260,I E FRANCISCO CESAR,5093,BETULIA,Suroeste,SECRETOS PARA CONTAR ERA,,
20509300026004,C. E. R. SAN MATEO,205093000260,I E FRANCISCO CESAR,5093,BETULIA,Suroeste,SECRETOS PARA CONTAR ERA,https://drive.google.com/file/d/13elImYaUaj7ni0sEo9kS6jx2bHFOclhb/view?usp=sharing,
20509300026002,E U FRANCISCO CESAR,205093000260,I E FRANCISCO CESAR,5093,BETULIA,Suroeste,SECRETOS PARA CONTAR ERA,https://drive.google.com/file/d/1Mx9WzkAeqtgKy7IAfBrh7QiusuBXThtq/view?usp=sharing,
20509300026001,LICEO DE ALTAMIRA,205093000260,I E FRANCISCO CESAR,5093,BETULIA,Suroeste,SECRETOS PARA CONTAR ERA,,
10509300010905,C. E. R. EL GUAMAL,105093000109,I. E. SAN JOSE,5093,BETULIA,Suroeste,SECRETOS PARA CONTAR ERA,,
10509300010906,C. E. R. EL LEON,105093000109,I. E. SAN JOSE,5093,BETULIA,Suroeste,SECRETOS PARA CONTAR ERA,https://drive.google.com/file/d/1V5b4BX0DSe8llEEs2RTNhkWC13PSi-qj/view?usp=sharing,
10509300010907,C. E. R. EL SEIS,105093000109,I. E. SAN JOSE,5093,BETULIA,Suroeste,SECRETOS PARA CONTAR ERA,https://drive.google.com/file/d/1EVsf0p2QENL2vJf0vLjb4Ci7md70bZj6/view?usp=sharing,
10509300010914,C. E. R. LA CIBELES,105093000109,I. E. SAN JOSE,5093,BETULIA,Suroeste,SECRETOS PARA CONTAR ERA,,
10509300010911,C. E. R. LA CORAZONA,105093000109,I. E. SAN JOSE,5093,BETULIA,Suroeste,SECRETOS PARA CONTAR ERA,,
10509300010910,C. E. R. LA TARQUI,105093000109,I. E. SAN JOSE,5093,BETULIA,Suroeste,SECRETOS PARA CONTAR ERA,https://drive.google.com/file/d/1X_haL-nSzInmVy2RfZ_PeoLQ43NitQUn/view?usp=sharing,
10509300010908,C. E. R. LA VALDIVIA,105093000109,I. E. SAN JOSE,5093,BETULIA,Suroeste,SECRETOS PARA CONTAR ERA,,
10509300010903,C. E. R. LAS ANIMAS,105093000109,I. E. SAN JOSE,5093,BETULIA,Suroeste,SECRETOS PARA CONTAR ERA,https://drive.google.com/file/d/1BfZYT04Mhw_bMxFIvYzvNYH-eKNaimcW/view?usp=sharing,
10509300010909,C. E. R. PUEBLO DURO,105093000109,I. E. SAN JOSE,5093,BETULIA,Suroeste,SECRETOS PARA CONTAR ERA,,
10509300010904,C. E. R. SAN ANTONIO,105093000109,I. E. SAN JOSE,5093,BETULIA,Suroeste,SECRETOS PARA CONTAR ERA,https://drive.google.com/file/d/1LJkfeMvU7XBNi_8kN6DygWJw17O8J1EA/view?usp=sharing,
10509300010912,C. E. R. SANTA RITA,105093000109,I. E. SAN JOSE,5093,BETULIA,Suroeste,SECRETOS PARA CONTAR ERA,https://drive.google.com/file/d/1EQLoqai_-2xlJr6clgBj3d-6_fVAPB0S/view?usp=sharing,
10509300010902,E U BLANCA CORREA,105093000109,I. E. SAN JOSE,5093,BETULIA,Suroeste,FRATERNIDAD MEDELLÍN CTA,https://drive.google.com/file/d/1THMgNGz7B1KnN43FHy7w0TqPQ4Wm9A5e/view?usp=sharing,
10509300010916,GUILLERMO LEMA DIAZ,105093000109,I. E. SAN JOSE,5093,BETULIA,Suroeste,SECRETOS PARA CONTAR ERA,,
10509300010917,JULIO GIRALDO,105093000109,I. E. SAN JOSE,5093,BETULIA,Suroeste,SECRETOS PARA CONTAR ERA,https://drive.google.com/file/d/1BU30bC2Ob8nFIXA6pCLbv8_SP9nGVPOC/view?usp=sharing,
10509300010915,LA PADILLA,105093000109,I. E. SAN JOSE,5093,BETULIA,Suroeste,SECRETOS PARA CONTAR ERA,,
10509300010901,LICEO SAN JOSE,105093000109,I. E. SAN JOSE,5093,BETULIA,Suroeste,FRATERNIDAD MEDELLÍN CTA,,
10514500014505,ANITA LOPEZ DE GOMEZ,105145000145,I. E. JUAN PABLO GOMEZ OCHOA,5145,CARAMANTA,Suroeste,SECRETOS PARA CONTAR ERA,https://drive.google.com/file/d/1UZKqyCe43K8tL-hrYpzzrLnGkFqh3_Ja/view?usp=sharing,
10514500014512,BARBARA LOPEZ,105145000145,I. E. JUAN PABLO GOMEZ OCHOA,5145,CARAMANTA,Suroeste,SECRETOS PARA CONTAR ERA,,
10514500014518,C. E. R. ALVARO GOMEZ FRANCO,105145000145,I. E. JUAN PABLO GOMEZ OCHOA,5145,CARAMANTA,Suroeste,SECRETOS PARA CONTAR ERA,,
10514500014515,C. E. R. AQUILINO RIOS,105145000145,I. E. JUAN PABLO GOMEZ OCHOA,5145,CARAMANTA,Suroeste,SECRETOS PARA CONTAR ERA,,
10514500014517,C. E. R. FEDERICO EASTMAN MEJIA,105145000145,I. E. JUAN PABLO GOMEZ OCHOA,5145,CARAMANTA,Suroeste,SECRETOS PARA CONTAR ERA,,
10514500014516,C. E. R. JUAN DE LA CRUZ VALENCIA,105145000145,I. E. JUAN PABLO GOMEZ OCHOA,5145,CARAMANTA,Suroeste,SECRETOS PARA CONTAR ERA,,
10514500014514,C. E. R. PEDRO ZABALA,105145000145,I. E. JUAN PABLO GOMEZ OCHOA,5145,CARAMANTA,Suroeste,SECRETOS PARA CONTAR ERA,,
10514500014507,CAÑAS,105145000145,I. E. JUAN PABLO GOMEZ OCHOA,5145,CARAMANTA,Suroeste,SECRETOS PARA CONTAR ERA,,
10514500014502,FRANCISCO MONTOYA KENNEDY,105145000145,I. E. JUAN PABLO GOMEZ OCHOA,5145,CARAMANTA,Suroeste,FRATERNIDAD MEDELLÍN CTA,https://drive.google.com/file/d/1teRnUoQc4tXrSm2suCWVvGcEdEAag76K/view?usp=sharing,
10514500014519,I. E. R. ALEGRIAS,105145000145,I. E. JUAN PABLO GOMEZ OCHOA,5145,CARAMANTA,Suroeste,SECRETOS PARA CONTAR ERA,https://drive.google.com/file/d/160iXbY59VN-HRJHuJYxj16OAFhk15Za0/view?usp=sharing,
10514500014511,JORGE LOPEZ TANGARIFE,105145000145,I. E. JUAN PABLO GOMEZ OCHOA,5145,CARAMANTA,Suroeste,SECRETOS PARA CONTAR ERA,,
10514500014501,LICEO JUAN PABLO GOMEZ OCHOA,105145000145,I. E. JUAN PABLO GOMEZ OCHOA,5145,CARAMANTA,Suroeste,FRATERNIDAD MEDELLÍN CTA,,
10514500014503,MARGARITA MARIA,105145000145,I. E. JUAN PABLO GOMEZ OCHOA,5145,CARAMANTA,Suroeste,SECRETOS PARA CONTAR ERA,https://drive.google.com/file/d/1HwSsdpNy97RQb7WgwUxBoCTJRlXahQ3t/view?usp=sharing,
10514500014504,ODULFO GOMEZ,105145000145,I. E. JUAN PABLO GOMEZ OCHOA,5145,CARAMANTA,Suroeste,SECRETOS PARA CONTAR ERA,,
10514500014513,OSCAR DUQUE HERNANDEZ,105145000145,I. E. JUAN PABLO GOMEZ OCHOA,5145,CARAMANTA,Suroeste,SECRETOS PARA CONTAR ERA,https://drive.google.com/file/d/1NE4QP9aA_v_lJAYOLAaqtr7oZqP3W2Uf/view?usp=sharing,
10514500014508,PALMICHAL,105145000145,I. E. JUAN PABLO GOMEZ OCHOA,5145,CARAMANTA,Suroeste,SECRETOS PARA CONTAR ERA,,
10514500014509,PELADEROS,105145000145,I. E. JUAN PABLO GOMEZ OCHOA,5145,CARAMANTA,Suroeste,SECRETOS PARA CONTAR ERA,,
10514500014510,SAN PABLO,105145000145,I. E. JUAN PABLO GOMEZ OCHOA,5145,CARAMANTA,Suroeste,SECRETOS PARA CONTAR ERA,,
10510100071704,C. E. R. GABRIELA GONZALEZ,105101000717,I. E. JOSE MARIA HERRAN,5101,CIUDAD BOLIVAR,Suroeste,SECRETOS PARA CONTAR ERA,,
10510100071702,C. E. R. LAS MERCEDES,105101000717,I. E. JOSE MARIA HERRAN,5101,CIUDAD BOLIVAR,Suroeste,SECRETOS PARA CONTAR ERA,,
10510100071706,C. E. R. PAULINA PUERTA,105101000717,I. E. JOSE MARIA HERRAN,5101,CIUDAD BOLIVAR,Suroeste,SECRETOS PARA CONTAR ERA,,
10510100071703,C. E. R. SAN NICOLAS,105101000717,I. E. JOSE MARIA HERRAN,5101,CIUDAD BOLIVAR,Suroeste,SECRETOS PARA CONTAR ERA,,
10510100071701,I. E. JOSE MARIA HERRAN,105101000717,I. E. JOSE MARIA HERRAN,5101,CIUDAD BOLIVAR,Suroeste,FRATERNIDAD MEDELLÍN CTA,,
10510100071707,JOSE MARÍA HERRÁN-SEDE II,105101000717,I. E. JOSE MARIA HERRAN,5101,CIUDAD BOLIVAR,Suroeste,FRATERNIDAD MEDELLÍN CTA,https://drive.google.com/file/d/1bf3w0okNtAYIKoys4H4LImpRcB9BxV3x/view?usp=sharing,
10510100017203,C. E. R. HERNANDO POSADA,105101000172,I. E. MARIA AUXILIADORA,5101,CIUDAD BOLIVAR,Suroeste,SECRETOS PARA CONTAR ERA,,
10510100017202,C. E. R. LAZARO URIBE,105101000172,I. E. MARIA AUXILIADORA,5101,CIUDAD BOLIVAR,Suroeste,SECRETOS PARA CONTAR ERA,,
10510100017209,E R LA ERMITA,105101000172,I. E. MARIA AUXILIADORA,5101,CIUDAD BOLIVAR,Suroeste,SECRETOS PARA CONTAR ERA,https://drive.google.com/file/d/1ShJpR78rld9K2Ldfy0Jw-LcV8FEi-k_c/view?usp=sharing,
10510100017208,E R SAN MIGUEL,105101000172,I. E. MARIA AUXILIADORA,5101,CIUDAD BOLIVAR,Suroeste,SECRETOS PARA CONTAR ERA,,
10510100017207,E R SANTA ROSA,105101000172,I. E. MARIA AUXILIADORA,5101,CIUDAD BOLIVAR,Suroeste,SECRETOS PARA CONTAR ERA,,
10510100017206,E R VENTORRILLO,105101000172,I. E. MARIA AUXILIADORA,5101,CIUDAD BOLIVAR,Suroeste,SECRETOS PARA CONTAR ERA,,
10510100017201,I. E. MARIA AUXILIADORA,105101000172,I. E. MARIA AUXILIADORA,5101,CIUDAD BOLIVAR,Suroeste,FRATERNIDAD MEDELLÍN CTA,,
10510100017205,ISABEL SOLIS,105101000172,I. E. MARIA AUXILIADORA,5101,CIUDAD BOLIVAR,Suroeste,FRATERNIDAD MEDELLÍN CTA,https://drive.google.com/file/d/1cFAyn-8NIoRKMNWoydSiPSSNr0e64VM1/view?usp=sharing,
10510100017204,LA INMACULADA,105101000172,I. E. MARIA AUXILIADORA,5101,CIUDAD BOLIVAR,Suroeste,FRATERNIDAD MEDELLÍN CTA,,
20510100030403,C. E. R. AMARANTO,205101000304,I. E. R. JUAN TAMAYO,5101,CIUDAD BOLIVAR,Suroeste,SECRETOS PARA CONTAR ERA,,
20510100030405,C. E. R. CARIDAD PEREZ,205101000304,I. E. R. JUAN TAMAYO,5101,CIUDAD BOLIVAR,Suroeste,SECRETOS PARA CONTAR ERA,,
20510100030404,C. E. R. ISABEL VASQUEZ,205101000304,I. E. R. JUAN TAMAYO,5101,CIUDAD BOLIVAR,Suroeste,SECRETOS PARA CONTAR ERA,,
20510100030406,C. E. R. LA LINDAJA,205101000304,I. E. R. JUAN TAMAYO,5101,CIUDAD BOLIVAR,Suroeste,SECRETOS PARA CONTAR ERA,,
20510100030402,C. E. R. SANTA LIBRADA,205101000304,I. E. R. JUAN TAMAYO,5101,CIUDAD BOLIVAR,Suroeste,SECRETOS PARA CONTAR ERA,,
20510100030401,I. E. R. JUAN TAMAYO,205101000304,I. E. R. JUAN TAMAYO,5101,CIUDAD BOLIVAR,Suroeste,SECRETOS PARA CONTAR ERA,https://drive.google.com/file/d/1aeW3c58ldU00RbdMgeNYFHZ_BkUSJPRs/view?usp=sharing,
10510100057103,C. E. R. CARMEN ZAPATA,105101000571,I. E. SAN JOSE DEL CITARA,5101,CIUDAD BOLIVAR,Suroeste,SECRETOS PARA CONTAR ERA,https://drive.google.com/file/d/1BGqNB-O_2pkjxg0X5lnHzsW3cZRaKwAE/view?usp=sharing,
10510100057104,C. E. R. EFRAIN VELEZ RESTREPO,105101000571,I. E. SAN JOSE DEL CITARA,5101,CIUDAD BOLIVAR,Suroeste,SECRETOS PARA CONTAR ERA,,
10510100057109,C. E. R. ERNESTO ARANGO,105101000571,I. E. SAN JOSE DEL CITARA,5101,CIUDAD BOLIVAR,Suroeste,SECRETOS PARA CONTAR ERA,,
10510100057105,C. E. R. MANUEL SALVADOR SANCHEZ ORTIZ,105101000571,I. E. SAN JOSE DEL CITARA,5101,CIUDAD BOLIVAR,Suroeste,SECRETOS PARA CONTAR ERA,https://drive.google.com/file/d/1J5zekeLCrXAq2JcgB8ObypLYfnf-ceI-/view?usp=sharing,
10510100057106,C. E. R. PEDRO ANTONIO RESTREPO,105101000571,I. E. SAN JOSE DEL CITARA,5101,CIUDAD BOLIVAR,Suroeste,SECRETOS PARA CONTAR ERA,,
10510100057108,C. E. R. SAN JOSE DE LA ANGOSTURA,105101000571,I. E. SAN JOSE DEL CITARA,5101,CIUDAD BOLIVAR,Suroeste,SECRETOS PARA CONTAR ERA,,
10510100057107,C. E. R. VILLA AMPARO,105101000571,I. E. SAN JOSE DEL CITARA,5101,CIUDAD BOLIVAR,Suroeste,SECRETOS PARA CONTAR ERA,,
10510100057101,LICEO SAN JOSE DEL CITARA,105101000571,I. E. SAN JOSE DEL CITARA,5101,CIUDAD BOLIVAR,Suroeste,FRATERNIDAD MEDELLÍN CTA,https://drive.google.com/file/d/1mBXZI0aqpvoEMOfqoMQo24H1jkmCKEIz/view?usp=sharing,
20510100035505,C. E. R. ALTO DE LOS JARAMILLO,205101000355,INSTITUCIÓN EDUCATIVA RURAL FARALLONES,5101,CIUDAD BOLIVAR,Suroeste,SECRETOS PARA CONTAR ERA,https://drive.google.com/file/d/1jnI7C-JuZKkzkmmE84Ih6zZfFT_ro4SI/view?usp=sharing,
20510100035506,C. E. R. EL EMPUJE,205101000355,INSTITUCIÓN EDUCATIVA RURAL FARALLONES,5101,CIUDAD BOLIVAR,Suroeste,SECRETOS PARA CONTAR ERA,,
20510100035503,C. E. R. FERNANDO VELEZ,205101000355,INSTITUCIÓN EDUCATIVA RURAL FARALLONES,5101,CIUDAD BOLIVAR,Suroeste,SECRETOS PARA CONTAR ERA,,
20510100035502,C. E. R. MERCEDES ESCOBAR DE VELEZ,205101000355,INSTITUCIÓN EDUCATIVA RURAL FARALLONES,5101,CIUDAD BOLIVAR,Suroeste,SECRETOS PARA CONTAR ERA,https://drive.google.com/file/d/1SIItOk_NndyFH__w4duCmtybA2PyMwAv/view?usp=sharing,
20510100035504,C. E. R. RICARDO GONZALEZ,205101000355,INSTITUCIÓN EDUCATIVA RURAL FARALLONES,5101,CIUDAD BOLIVAR,Suroeste,SECRETOS PARA CONTAR ERA,https://drive.google.com/file/d/1SruYIP_tZNxXiE0DCNo6E2_6hp6twp6m/view?usp=sharing,
20510100035501,I. E. R. FARALLONES,205101000355,INSTITUCIÓN EDUCATIVA RURAL FARALLONES,5101,CIUDAD BOLIVAR,Suroeste,SECRETOS PARA CONTAR ERA,https://drive.google.com/file/d/1PnJJM7xAiIS1H-_2r43TzdE2itGLG-fJ/view?usp=sharing,
20520900036009,C. E. R. EL BILLAR,205209000360,C. E. R. LAS ANIMAS,5209,CONCORDIA,Suroeste,SECRETOS PARA CONTAR ERA,,
20520900036006,C. E. R. EL PINAL,205209000360,C. E. R. LAS ANIMAS,5209,CONCORDIA,Suroeste,SECRETOS PARA CONTAR ERA,https://drive.google.com/file/d/1-Wz9fLcdtTU-HJPnez9Sx-s18QwmWeQy/view?usp=sharing,
20520900036008,C. E. R. HATO VIEJO,205209000360,C. E. R. LAS ANIMAS,5209,CONCORDIA,Suroeste,SECRETOS PARA CONTAR ERA,,
20520900036010,C. E. R. HERNANDO RESTREPO MACIAS,205209000360,C. E. R. LAS ANIMAS,5209,CONCORDIA,Suroeste,SECRETOS PARA CONTAR ERA,,
20520900036002,C. E. R. LA AURORA,205209000360,C. E. R. LAS ANIMAS,5209,CONCORDIA,Suroeste,SECRETOS PARA CONTAR ERA,,
20520900036005,C. E. R. LA VIRGEN,205209000360,C. E. R. LAS ANIMAS,5209,CONCORDIA,Suroeste,SECRETOS PARA CONTAR ERA,,
20520900036001,C. E. R. LAS ANIMAS,205209000360,C. E. R. LAS ANIMAS,5209,CONCORDIA,Suroeste,SECRETOS PARA CONTAR ERA,https://drive.google.com/file/d/104OcW1x1WMc4d-xTRJ8w3oFSr-d9Dzsj/view?usp=sharing,
20520900036007,C. E. R. SANTA RITA HATO VIEJO,205209000360,C. E. R. LAS ANIMAS,5209,CONCORDIA,Suroeste,SECRETOS PARA CONTAR ERA,https://drive.google.com/file/d/1JJU5C3zEIT2f1TlYr4GbJmLUdksWNsOc/view?usp=sharing,
20520900036004,C.E.R. LA PALMERA,205209000360,C. E. R. LAS ANIMAS,5209,CONCORDIA,Suroeste,SECRETOS PARA CONTAR ERA,,
20520900036003,LLANADITAS,205209000360,C. E. R. LAS ANIMAS,5209,CONCORDIA,Suroeste,SECRETOS PARA CONTAR ERA,https://drive.google.com/file/d/1J27lJ8ZMBcDsWYeHgQFdxx_EM8axfaeN/view?usp=sharing,
20520900021105,C. E. R. BURGOS,205209000211,CENTRO EDUCATIVO RURAL YARUMAL,5209,CONCORDIA,Suroeste,SECRETOS PARA CONTAR ERA,,
20520900021107,C. E. R. CRISTALINA,205209000211,CENTRO EDUCATIVO RURAL YARUMAL,5209,CONCORDIA,Suroeste,SECRETOS PARA CONTAR ERA,https://drive.google.com/file/d/1LrESns4lzRIiWGJ6oGECBgPu84jeG15y/view?usp=sharing,
20520900021108,C. E. R. EL HIGUERON,205209000211,CENTRO EDUCATIVO RURAL YARUMAL,5209,CONCORDIA,Suroeste,SECRETOS PARA CONTAR ERA,,
20520900021109,C. E. R. EL SOCORRO,205209000211,CENTRO EDUCATIVO RURAL YARUMAL,5209,CONCORDIA,Suroeste,SECRETOS PARA CONTAR ERA,https://drive.google.com/file/d/15RwEN6IbfHYOA_oaOIT-ibYmXpGqZtzG/view?usp=sharing,
20520900021101,C. E. R. YARUMAL,205209000211,CENTRO EDUCATIVO RURAL YARUMAL,5209,CONCORDIA,Suroeste,SECRETOS PARA CONTAR ERA,https://drive.google.com/file/d/1zHXUyIhhCReqL2i7gNnKz1Ktbtgr04pK/view?usp=sharing,
20520900021102,C.E.R. LA HONDINA,205209000211,CENTRO EDUCATIVO RURAL YARUMAL,5209,CONCORDIA,Suroeste,SECRETOS PARA CONTAR ERA,,
20520900021106,C.E.R. LA MARIA,205209000211,CENTRO EDUCATIVO RURAL YARUMAL,5209,CONCORDIA,Suroeste,SECRETOS PARA CONTAR ERA,https://drive.google.com/file/d/1rvX6Vj_VNGpQ9TGGJUs4Szba2WWbPl7j/view?usp=sharing,
20520900021104,C.E.R. PEPE BERNAL,205209000211,CENTRO EDUCATIVO RURAL YARUMAL,5209,CONCORDIA,Suroeste,SECRETOS PARA CONTAR ERA,,
20520900021103,C.E.R. SALVO RUIZ,205209000211,CENTRO EDUCATIVO RURAL YARUMAL,5209,CONCORDIA,Suroeste,SECRETOS PARA CONTAR ERA,,
20520900024609,C. E. R. EL CASCAJO,205209000246,I. E. R. CASA GRANDE,5209,CONCORDIA,Suroeste,SECRETOS PARA CONTAR ERA,,
20520900024602,C. E. R. EL MORITO,205209000246,I. E. R. CASA GRANDE,5209,CONCORDIA,Suroeste,SECRETOS PARA CONTAR ERA,https://drive.google.com/file/d/13BoBQNKpZn9_VB_59EuBbC5WvzRf9rLf/view?usp=sharing,
20520900024607,C. E. R. LA COSTA,205209000246,I. E. R. CASA GRANDE,5209,CONCORDIA,Suroeste,SECRETOS PARA CONTAR ERA,https://drive.google.com/file/d/1UWmWRdB9VtZHtsqkEHOXjLIi_M6TClbT/view?usp=sharing,
20520900024603,C. E. R. LEON DE GREIFF,205209000246,I. E. R. CASA GRANDE,5209,CONCORDIA,Suroeste,SECRETOS PARA CONTAR ERA,,
20520900024605,C. E. R. MORRON,205209000246,I. E. R. CASA GRANDE,5209,CONCORDIA,Suroeste,SECRETOS PARA CONTAR ERA,https://drive.google.com/file/d/1D23b4K7QnXKKiXIvp9QNajUZAJyo4nc1/view?usp=sharing,
20520900024608,C.E.R. MATA DE MONTE,205209000246,I. E. R. CASA GRANDE,5209,CONCORDIA,Suroeste,SECRETOS PARA CONTAR ERA,https://drive.google.com/file/d/11FvEZKtHVfWxk9BFXnYKH0Kvl4zN-u9G/view?usp=sharing,
20520900024610,C.E.R. RUMBADERO,205209000246,I. E. R. CASA GRANDE,5209,CONCORDIA,Suroeste,SECRETOS PARA CONTAR ERA,,
20520900024604,C.E.R. SAN JOSE,205209000246,I. E. R. CASA GRANDE,5209,CONCORDIA,Suroeste,SECRETOS PARA CONTAR ERA,https://drive.google.com/file/d/1FKcNDGLb2tXMCv4aWCkBaSXvc8falr8w/view?usp=sharing,
20520900024601,I. E. R. CASA GRANDE,205209000246,I. E. R. CASA GRANDE,5209,CONCORDIA,Suroeste,SECRETOS PARA CONTAR ERA,https://drive.google.com/file/d/1QaZ5yNd7q43lYDIDUWnA8tCBRvhf8uGk/view?usp=sharing,
20520900012202,C. E. R. CAMILO GOMEZ,205209000122,I. E. R. MORELIA,5209,CONCORDIA,Suroeste,SECRETOS PARA CONTAR ERA,,
20520900012210,C. E. R. CAUNZAL,205209000122,I. E. R. MORELIA,5209,CONCORDIA,Suroeste,SECRETOS PARA CONTAR ERA,,
20520900012203,C. E. R. EL CHOCHO,205209000122,I. E. R. MORELIA,5209,CONCORDIA,Suroeste,SECRETOS PARA CONTAR ERA,,
20520900012204,C. E. R. GUSTAVO CARDONA,205209000122,I. E. R. MORELIA,5209,CONCORDIA,Suroeste,SECRETOS PARA CONTAR ERA,https://drive.google.com/file/d/1DNBCOQufFvQA-xPSdiMOric0-bJe29EV/view?usp=sharing,
20520900012208,C. E. R. PARTIDAS,205209000122,I. E. R. MORELIA,5209,CONCORDIA,Suroeste,SECRETOS PARA CONTAR ERA,https://drive.google.com/file/d/13ft4X3nnblZPJdR9zcmmiIvSpppYbBvs/view?usp=sharing,
20520900012205,C.E.R. AGUACATALA,205209000122,I. E. R. MORELIA,5209,CONCORDIA,Suroeste,FRATERNIDAD MEDELLÍN CTA,https://drive.google.com/file/d/1m1jjVK4k0boZ8wo5rIHybFGiTDEEEoUr/view?usp=sharing,
20520900012211,C.E.R. LA ARBOLEDA ,205209000122,I. E. R. MORELIA,5209,CONCORDIA,Suroeste,SECRETOS PARA CONTAR ERA,https://drive.google.com/file/d/17h3EbNB52DbiZOlNC964C42qtvgwsc8n/view?usp=sharing,
20520900012209,C.E.R. MAJAGUAL,205209000122,I. E. R. MORELIA,5209,CONCORDIA,Suroeste,SECRETOS PARA CONTAR ERA,,
20520900012201,I. E. R. MORELIA,205209000122,I. E. R. MORELIA,5209,CONCORDIA,Suroeste,SECRETOS PARA CONTAR ERA,https://drive.google.com/file/d/1tUn9lo35NOwyFaA2UnNYrKPbt5QAbwzp/view?usp=sharing,
10520900002104,ANTONIO JOSE RESTREPO ,105209000021,INSTITUCION EDUCATIVA DE JESUS,5209,CONCORDIA,Suroeste,FRATERNIDAD MEDELLÍN CTA,,
10520900002101,I. E. DE JESUS,105209000021,INSTITUCION EDUCATIVA DE JESUS,5209,CONCORDIA,Suroeste,FRATERNIDAD MEDELLÍN CTA,,
10520900002103,I. E. R. CAMILO GONZALEZ FERNANDEZ,105209000021,INSTITUCION EDUCATIVA DE JESUS,5209,CONCORDIA,Suroeste,SECRETOS PARA CONTAR ERA,,
10520900002102,I.E. LAZARO RESTREPO GONZALEZ,105209000021,INSTITUCION EDUCATIVA DE JESUS,5209,CONCORDIA,Suroeste,FRATERNIDAD MEDELLÍN CTA,https://drive.google.com/file/d/1hxeBxBkwzk8x9peUO5xr-ocW6tTklXLQ/view?usp=sharing,
10520900002105,LUCIANA RESTREPO,105209000021,INSTITUCION EDUCATIVA DE JESUS,5209,CONCORDIA,Suroeste,FRATERNIDAD MEDELLÍN CTA,https://drive.google.com/file/d/1DN22GuIwAnjQBVoxdHlBeLQZEQJ9PBbP/view?usp=sharing,
20528200051307,C. E. R. COMBIA GRANDE,205282000513,I. E. DE MINAS,5282,FREDONIA,Suroeste,SECRETOS PARA CONTAR ERA,https://drive.google.com/file/d/1sc77Dxxi3wcFnEj4urxIY84uOL3VT16T/view?usp=sharing,
20528200051306,C. E. R. EL MOLINO,205282000513,I. E. DE MINAS,5282,FREDONIA,Suroeste,SECRETOS PARA CONTAR ERA,,
20528200051304,C. E. R. EL MORRON,205282000513,I. E. DE MINAS,5282,FREDONIA,Suroeste,SECRETOS PARA CONTAR ERA,,
20528200051308,C. E. R. EL PORVENIR,205282000513,I. E. DE MINAS,5282,FREDONIA,Suroeste,SECRETOS PARA CONTAR ERA,,
20528200051309,C. E. R. JUSTINITA URUBURU,205282000513,I. E. DE MINAS,5282,FREDONIA,Suroeste,SECRETOS PARA CONTAR ERA,,
20528200051303,E R CHAMUSCADOS,205282000513,I. E. DE MINAS,5282,FREDONIA,Suroeste,SECRETOS PARA CONTAR ERA,,
20528200051302,E R LA GARRUCHA,205282000513,I. E. DE MINAS,5282,FREDONIA,Suroeste,SECRETOS PARA CONTAR ERA,,
20528200051310,I. E. R. MURRAPAL,205282000513,I. E. DE MINAS,5282,FREDONIA,Suroeste,SECRETOS PARA CONTAR ERA,,
20528200051301,LICEO DE MINAS,205282000513,I. E. DE MINAS,5282,FREDONIA,Suroeste,SECRETOS PARA CONTAR ERA,,
10528200039001,COLEGIO EFE GOMEZ,105282000390,I. E. EFE GOMEZ,5282,FREDONIA,Suroeste,FRATERNIDAD MEDELLÍN CTA,,
10528200039002,E U MARCO A BOTERO,105282000390,I. E. EFE GOMEZ,5282,FREDONIA,Suroeste,FRATERNIDAD MEDELLÍN CTA,https://drive.google.com/file/d/1CIMONrhdexy9HckNkMUJ6n6I8slfHyf6/view?usp=sharing,
10528200039003,E U MARCO FIDEL SUAREZ,105282000390,I. E. EFE GOMEZ,5282,FREDONIA,Suroeste,FRATERNIDAD MEDELLÍN CTA,https://drive.google.com/file/d/1S5yiaM1iXy21-oUoGDuzOfEQINBWNcah/view?usp=sharing,
10528200040303,C. E. R. JONAS,105282000403,I. E. ESCUELA NORMAL SUPERIOR MARIANO OSPINA RODRIGUEZ,5282,FREDONIA,Suroeste,SECRETOS PARA CONTAR ERA,https://drive.google.com/file/d/1dzEYpHwUZU8Tw4ebAgXzIyee9Q1YW4u6/view?usp=sharing,
20528200016504,C. E. R. MORRO PLANCHO,105282000403,I. E. ESCUELA NORMAL SUPERIOR MARIANO OSPINA RODRIGUEZ,5282,FREDONIA,Suroeste,SECRETOS PARA CONTAR ERA,,
10528200040302,C. E. R. NARANJAL POBLANCO,105282000403,I. E. ESCUELA NORMAL SUPERIOR MARIANO OSPINA RODRIGUEZ,5282,FREDONIA,Suroeste,SECRETOS PARA CONTAR ERA,,
10528200040301,I. E. ESCUELA NORMAL SUPERIOR MARIANO OSPINA RODRIGUEZ,105282000403,I. E. ESCUELA NORMAL SUPERIOR MARIANO OSPINA RODRIGUEZ,5282,FREDONIA,Suroeste,FRATERNIDAD MEDELLÍN CTA,,
10528200040305,I. E. R. PALOMOS,105282000403,I. E. ESCUELA NORMAL SUPERIOR MARIANO OSPINA RODRIGUEZ,5282,FREDONIA,Suroeste,SECRETOS PARA CONTAR ERA,https://drive.google.com/file/d/1m4hPvg39YOjA1n4djKrb5fKRJp88yyhz/view?usp=sharing,
20528200060205,C. E. R. AGUACATAL,205282000602,I. E. LLANO GRANDE,5282,FREDONIA,Suroeste,SECRETOS PARA CONTAR ERA,https://drive.google.com/file/d/1bx44iVyuF9PpaFgr-wDxeMhBFfwpoMm4/view?usp=sharing,
20528200060202,C. E. R. ALFONSO PALACIO ARANGO,205282000602,I. E. LLANO GRANDE,5282,FREDONIA,Suroeste,SECRETOS PARA CONTAR ERA,https://drive.google.com/file/d/1o4xuPMfKCLSOfMTey_C_vtSmyemuJUK8/view?usp=sharing,
20528200060206,C. E. R. EL CALVARIO,205282000602,I. E. LLANO GRANDE,5282,FREDONIA,Suroeste,SECRETOS PARA CONTAR ERA,https://drive.google.com/file/d/1c9mvheLTqUZNUo07khvJw9P1O9l-m8b4/view?usp=sharing,
20528200060203,C. E. R. HOYO FRIO,205282000602,I. E. LLANO GRANDE,5282,FREDONIA,Suroeste,SECRETOS PARA CONTAR ERA,,
20528200060207,C. E. R. LA MARIA,205282000602,I. E. LLANO GRANDE,5282,FREDONIA,Suroeste,SECRETOS PARA CONTAR ERA,,
20528200060201,I. E. LLANO GRANDE,205282000602,I. E. LLANO GRANDE,5282,FREDONIA,Suroeste,SECRETOS PARA CONTAR ERA,,
20528200060208,I. E. R.  EDELMIRA  ALVAREZ,205282000602,I. E. LLANO GRANDE,5282,FREDONIA,Suroeste,SECRETOS PARA CONTAR ERA,,
20528200048304,C. E. R. ALTO DE LOS FERNANDEZ,205282000483,I. E. R. JOSE MARIA OBANDO,5282,FREDONIA,Suroeste,SECRETOS PARA CONTAR ERA,,
20528200048307,C. E. R. EL PLAN DEL LIMON,205282000483,I. E. R. JOSE MARIA OBANDO,5282,FREDONIA,Suroeste,SECRETOS PARA CONTAR ERA,,
20528200048303,C. E. R. LA QUIEBRA,205282000483,I. E. R. JOSE MARIA OBANDO,5282,FREDONIA,Suroeste,SECRETOS PARA CONTAR ERA,https://drive.google.com/file/d/1EP9mEN4Csw_i3egzbWMwfyT170iyoxcW/view?usp=sharing,
20528200048305,C. E. R. LA TOSCANA,205282000483,I. E. R. JOSE MARIA OBANDO,5282,FREDONIA,Suroeste,SECRETOS PARA CONTAR ERA,https://drive.google.com/file/d/1YD_5QibPyga8vRK36Z2ZKGTiBC6FpGKy/view?usp=sharing,
20528200048306,C. E. R. LOMA DEL MANGO,205282000483,I. E. R. JOSE MARIA OBANDO,5282,FREDONIA,Suroeste,SECRETOS PARA CONTAR ERA,https://drive.google.com/file/d/1WWZCb_33yNE2IdM8L7mPBcUw9PVg4wEI/view?usp=sharing,
20528200048309,C. E. R. SABALETAS,205282000483,I. E. R. JOSE MARIA OBANDO,5282,FREDONIA,Suroeste,SECRETOS PARA CONTAR ERA,,
20528200048308,C. E. R. UVITAL,205282000483,I. E. R. JOSE MARIA OBANDO,5282,FREDONIA,Suroeste,SECRETOS PARA CONTAR ERA,https://drive.google.com/file/d/1ycJfM_yYvSvxZkiUA6cJpsBicVJryEDX/view?usp=sharing,
20528200048301,I. E. R. JOSE MARIA OBANDO,205282000483,I. E. R. JOSE MARIA OBANDO,5282,FREDONIA,Suroeste,SECRETOS PARA CONTAR ERA,https://drive.google.com/file/d/1d_68gIRcRFUADq4PQFDyqufamgj1xmkA/view?usp=sharing,
20528200048302,I. E. R. PIEDRA VERDE,205282000483,I. E. R. JOSE MARIA OBANDO,5282,FREDONIA,Suroeste,SECRETOS PARA CONTAR ERA,https://drive.google.com/file/d/1YvA8NwUzXA4qrY1aM59dpN1OG5q_u7Xs/view?usp=sharing,
10535300005106,C. E. R. EL LLANETE,105353000051,INSTITUCION EDUCATIVA AURA MARIA VALENCIA,5353,HISPANIA,Suroeste,SECRETOS PARA CONTAR ERA,https://drive.google.com/file/d/1yeipWvLaQTjXZBe1lfxdS_ASLRX3qhxt/view?usp=sharing,
10535300005107,C. E. R. EL SILENCIO,105353000051,INSTITUCION EDUCATIVA AURA MARIA VALENCIA,5353,HISPANIA,Suroeste,SECRETOS PARA CONTAR ERA,,
10535300005108,C. E. R. EL TABLAZO,105353000051,INSTITUCION EDUCATIVA AURA MARIA VALENCIA,5353,HISPANIA,Suroeste,SECRETOS PARA CONTAR ERA,https://drive.google.com/file/d/1581bcIlxkcWCbfUqsMmB_A2H6YFmWIdw/view?usp=sharing,
10535300005109,C. E. R. LA ARMENIA ABAJO,105353000051,INSTITUCION EDUCATIVA AURA MARIA VALENCIA,5353,HISPANIA,Suroeste,SECRETOS PARA CONTAR ERA,,
10535300005103,C. E. R. LA CUELGA,105353000051,INSTITUCION EDUCATIVA AURA MARIA VALENCIA,5353,HISPANIA,Suroeste,SECRETOS PARA CONTAR ERA,,
10535300005110,C. E. R. LA FLORIDA,105353000051,INSTITUCION EDUCATIVA AURA MARIA VALENCIA,5353,HISPANIA,Suroeste,SECRETOS PARA CONTAR ERA,https://drive.google.com/file/d/1Jj0nGCf05zknbXwLwVtiwGl1Q4DGH38M/view?usp=sharing,
10535300005102,C. E. R. LA PALMIRA,105353000051,INSTITUCION EDUCATIVA AURA MARIA VALENCIA,5353,HISPANIA,Suroeste,SECRETOS PARA CONTAR ERA,,
10535300005104,C. E. R. LA SECA,105353000051,INSTITUCION EDUCATIVA AURA MARIA VALENCIA,5353,HISPANIA,Suroeste,SECRETOS PARA CONTAR ERA,,
10535300005105,C. E. R. MIGUEL VELASQUEZ,105353000051,INSTITUCION EDUCATIVA AURA MARIA VALENCIA,5353,HISPANIA,Suroeste,SECRETOS PARA CONTAR ERA,,
10535300005101,I. E. AURA MARIA VALENCIA,105353000051,INSTITUCION EDUCATIVA AURA MARIA VALENCIA,5353,HISPANIA,Suroeste,FRATERNIDAD MEDELLÍN CTA,https://drive.google.com/file/d/1oFccWOymHgmP-CAeBGQNS8oV17K5mE4X/view?usp=sharing,
20536400008209,C. E. R. BEATO JUAN BAUTISTA VELASQUEZ PELAEZ,205364000082,I. E. R. JUAN DE DIOS CARVAJAL,5364,JARDIN,Suroeste,SECRETOS PARA CONTAR ERA,,
20536400008208,C. E. R. DAVID L CROZZIER,205364000082,I. E. R. JUAN DE DIOS CARVAJAL,5364,JARDIN,Suroeste,SECRETOS PARA CONTAR ERA,,
20536400008202,C. E. R. DIEGO OROZCO,205364000082,I. E. R. JUAN DE DIOS CARVAJAL,5364,JARDIN,Suroeste,SECRETOS PARA CONTAR ERA,https://drive.google.com/file/d/1RqmJ0tqqOwlARUuJHKILJbIillh70ysw/view?usp=sharing,
20536400008203,C. E. R. FABRICIO ESCOBAR,205364000082,I. E. R. JUAN DE DIOS CARVAJAL,5364,JARDIN,Suroeste,SECRETOS PARA CONTAR ERA,,
20536400008210,C. E. R. INDALECIO PELAEZ,205364000082,I. E. R. JUAN DE DIOS CARVAJAL,5364,JARDIN,Suroeste,SECRETOS PARA CONTAR ERA,https://drive.google.com/file/d/1x41B3dsqGuJMIUQENsZpSJFvibSNAGNk/view?usp=sharing,
20536400008211,C. E. R. JOSE MARIA GOMEZ ANGEL,205364000082,I. E. R. JUAN DE DIOS CARVAJAL,5364,JARDIN,Suroeste,SECRETOS PARA CONTAR ERA,https://drive.google.com/file/d/1AX9MFXTVN8oayYJ67fCohlNGOXpt4zhX/view?usp=sharing,
20536400008212,C. E. R. JUAN N BARRERA,205364000082,I. E. R. JUAN DE DIOS CARVAJAL,5364,JARDIN,Suroeste,SECRETOS PARA CONTAR ERA,https://drive.google.com/file/d/1g5X7mCgMmV8E-UIr_jUzWz-GENJ8mGR-/view?usp=sharing,
20536400008204,C. E. R. PRESBITERO EZEQUIEL JESUS PEREZ,205364000082,I. E. R. JUAN DE DIOS CARVAJAL,5364,JARDIN,Suroeste,SECRETOS PARA CONTAR ERA,,
20536400008213,C. E. R. RAIMUNDO ROJAS,205364000082,I. E. R. JUAN DE DIOS CARVAJAL,5364,JARDIN,Suroeste,SECRETOS PARA CONTAR ERA,,
20536400008205,C. E. R. RAMON AGUDELO CORREA,205364000082,I. E. R. JUAN DE DIOS CARVAJAL,5364,JARDIN,Suroeste,SECRETOS PARA CONTAR ERA,https://drive.google.com/file/d/11Q4Hcvq980Nlnn-aUktsi0IBcPeQdqDW/view?usp=sharing,
20536400008206,C. E. R. RAMON OCHOA,205364000082,I. E. R. JUAN DE DIOS CARVAJAL,5364,JARDIN,Suroeste,SECRETOS PARA CONTAR ERA,https://drive.google.com/file/d/1J4ce3IsP4EVGMsFhdXOFiFd0ryrZsO0p/view?usp=sharing,
20536400008207,C. E. R. SALVADOR MUÑOZ,205364000082,I. E. R. JUAN DE DIOS CARVAJAL,5364,JARDIN,Suroeste,SECRETOS PARA CONTAR ERA,https://drive.google.com/file/d/1bVUqsLPJgYNx6rkT-j37T0r99dTWkGV5/view?usp=sharing,
20536400008201,I. E. R. JUAN DE DIOS CARVAJAL,205364000082,I. E. R. JUAN DE DIOS CARVAJAL,5364,JARDIN,Suroeste,SECRETOS PARA CONTAR ERA,https://drive.google.com/file/d/16wGFSpwQUjSl9bSeHz_J8sQUyjfJmD83/view?usp=sharing,
10536400040104,CAPERUCITA ROJA,105364000401,I. E. SAN ANTONIO,5364,JARDIN,Suroeste,FRATERNIDAD MEDELLÍN CTA,,
10536400040103,E.U. JAHEL PELÁEZ MONTOYA,105364000401,I. E. SAN ANTONIO,5364,JARDIN,Suroeste,FRATERNIDAD MEDELLÍN CTA,,
10536400040102,E.U. MOISÉS ROJAS PELÁEZ,105364000401,I. E. SAN ANTONIO,5364,JARDIN,Suroeste,FRATERNIDAD MEDELLÍN CTA,,
10536400040101,LICEO SAN ANTONIO,105364000401,I. E. SAN ANTONIO,5364,JARDIN,Suroeste,FRATERNIDAD MEDELLÍN CTA,,
20536400017103,DOLORES ZAPATA,205364000171,INSTITUCION EDUCATIVA DE DESARROLLO RURAL MIGUEL VALENCIA,5364,JARDIN,Suroeste,SECRETOS PARA CONTAR ERA,,
20536400017101,I. E. DE DESARROLLO RURAL MIGUEL VALENCIA,205364000171,INSTITUCION EDUCATIVA DE DESARROLLO RURAL MIGUEL VALENCIA,5364,JARDIN,Suroeste,SECRETOS PARA CONTAR ERA,,
20536400017104,LUIS ROSENDO ESCOBAR,205364000171,INSTITUCION EDUCATIVA DE DESARROLLO RURAL MIGUEL VALENCIA,5364,JARDIN,Suroeste,SECRETOS PARA CONTAR ERA,,
20536400017102,MARIA JOSEFA CORREA,205364000171,INSTITUCION EDUCATIVA DE DESARROLLO RURAL MIGUEL VALENCIA,5364,JARDIN,Suroeste,SECRETOS PARA CONTAR ERA,,
20536400016301,I. E. R. EMBERÁ KARMATARÚA,205364000163,INSTITUCIÓN EDUCATIVA RURAL EMBERÁ KARMATARÚA,5364,JARDIN,Suroeste,SECRETOS PARA CONTAR ERA,,
10536800006607,C. E. R.  PATUDAL,105368000066,I. E. ESCUELA NORMAL SUPERIOR DE JERICO,5368,JERICO,Suroeste,SECRETOS PARA CONTAR ERA,,
10536800006606,C. E. R. LA CASCADA,105368000066,I. E. ESCUELA NORMAL SUPERIOR DE JERICO,5368,JERICO,Suroeste,SECRETOS PARA CONTAR ERA,,
10536800006610,C. E. R. LA FE,105368000066,I. E. ESCUELA NORMAL SUPERIOR DE JERICO,5368,JERICO,Suroeste,SECRETOS PARA CONTAR ERA,,
10536800006603,C. E. R. LA LEONA,105368000066,I. E. ESCUELA NORMAL SUPERIOR DE JERICO,5368,JERICO,Suroeste,SECRETOS PARA CONTAR ERA,,
10536800006608,C. E. R. LA SORGA,105368000066,I. E. ESCUELA NORMAL SUPERIOR DE JERICO,5368,JERICO,Suroeste,SECRETOS PARA CONTAR ERA,,
10536800006604,C. E. R. LA TRAVIEZA,105368000066,I. E. ESCUELA NORMAL SUPERIOR DE JERICO,5368,JERICO,Suroeste,SECRETOS PARA CONTAR ERA,,
10536800006602,C. E. R. MARIA GONZALEZ DE A,105368000066,I. E. ESCUELA NORMAL SUPERIOR DE JERICO,5368,JERICO,Suroeste,SECRETOS PARA CONTAR ERA,,
10536800006609,C.E.R CAUCA VIEJO,105368000066,I. E. ESCUELA NORMAL SUPERIOR DE JERICO,5368,JERICO,Suroeste,SECRETOS PARA CONTAR ERA,,
10536800006601,I. E. ESCUELA NORMAL SUPERIOR DE JERICO,105368000066,I. E. ESCUELA NORMAL SUPERIOR DE JERICO,5368,JERICO,Suroeste,FRATERNIDAD MEDELLÍN CTA,https://drive.google.com/file/d/1gTCbcEJ6DfXHAgi_Dwg2d-G4fNM_weWQ/view?usp=sharing,
20536800047806,C. E. R.  CARLOS ALBERTO VILLA MAYA,205368000478,I. E. R. SAN FRANCISCO DE ASIS,5368,JERICO,Suroeste,SECRETOS PARA CONTAR ERA,https://drive.google.com/file/d/1vlKV-6A-IYuBwk64kX0gTgZf9Qjq3m9S/view?usp=sharing,
20536800047803,C. E. R.  LA CESTILLALA,205368000478,I. E. R. SAN FRANCISCO DE ASIS,5368,JERICO,Suroeste,SECRETOS PARA CONTAR ERA,,
20536800047805,C. E. R.  LA SOLEDAD,205368000478,I. E. R. SAN FRANCISCO DE ASIS,5368,JERICO,Suroeste,SECRETOS PARA CONTAR ERA,,
20536800047808,C. E. R.  LA VIÑA,205368000478,I. E. R. SAN FRANCISCO DE ASIS,5368,JERICO,Suroeste,SECRETOS PARA CONTAR ERA,,
20536800047804,C. E. R. AVELINO MARÍN BEDOYA,205368000478,I. E. R. SAN FRANCISCO DE ASIS,5368,JERICO,Suroeste,SECRETOS PARA CONTAR ERA,https://drive.google.com/file/d/1CwgPvDLZTS5WtitjM-hOoCaWQHwozb1f/view?usp=sharing,
20536800047802,C. E. R. ESTRELLA VIEJA,205368000478,I. E. R. SAN FRANCISCO DE ASIS,5368,JERICO,Suroeste,SECRETOS PARA CONTAR ERA,https://drive.google.com/file/d/1YtXzBY7gZtKBQoyyn1GErkZN2mSYRkjU/view?usp=sharing,
20536800047811,C. E. R. JOSE MARIA OSPINA,205368000478,I. E. R. SAN FRANCISCO DE ASIS,5368,JERICO,Suroeste,SECRETOS PARA CONTAR ERA,,
20536800047807,C. E. R. LUIS EMILIO BERMUDEZ,205368000478,I. E. R. SAN FRANCISCO DE ASIS,5368,JERICO,Suroeste,SECRETOS PARA CONTAR ERA,,
20536800047810,C. E. R. PALENQUE,205368000478,I. E. R. SAN FRANCISCO DE ASIS,5368,JERICO,Suroeste,SECRETOS PARA CONTAR ERA,,
20536800047809,C. E. R. SAN RAMON,205368000478,I. E. R. SAN FRANCISCO DE ASIS,5368,JERICO,Suroeste,SECRETOS PARA CONTAR ERA,https://drive.google.com/file/d/19cYWGL2ZbbwlsKfW1LXeJ4jbNMFVRGbH/view?usp=sharing,
20536800047812,C.E.R PRESBITERO ALFREDO GONZALEZ,205368000478,I. E. R. SAN FRANCISCO DE ASIS,5368,JERICO,Suroeste,SECRETOS PARA CONTAR ERA,,
20536800047801,I. E. R. SAN FRANCISCO DE ASIS,205368000478,I. E. R. SAN FRANCISCO DE ASIS,5368,JERICO,Suroeste,SECRETOS PARA CONTAR ERA,,
10536800001505,C. E. R.  ALVARO OBDULIO NARANJO,105368000015,INSTITUCION EDUCATIVA SAN JOSE,5368,JERICO,Suroeste,SECRETOS PARA CONTAR ERA,https://drive.google.com/file/d/1As_ZsKuCJpMTPX4TYkcplRAk3I6as8Y3/view?usp=sharing,
10536800001507,C. E. R.  SANTIAGO SANTAMARIA,105368000015,INSTITUCION EDUCATIVA SAN JOSE,5368,JERICO,Suroeste,SECRETOS PARA CONTAR ERA,https://drive.google.com/file/d/1z3owtgxTk2PgbYgczIqe2SR9sDojIhb_/view?usp=sharing,
10536800001504,C. E. R. ANA MARIA ECHEVERRI,105368000015,INSTITUCION EDUCATIVA SAN JOSE,5368,JERICO,Suroeste,SECRETOS PARA CONTAR ERA,,
10536800001508,C. E. R. LA PRADERA,105368000015,INSTITUCION EDUCATIVA SAN JOSE,5368,JERICO,Suroeste,SECRETOS PARA CONTAR ERA,https://drive.google.com/file/d/1vBt0ZfSCnEmRsMaiDM0SZC4BkkYcEXga/view?usp=sharing,
10536800001503,C. E. R. LOS BAÑOS,105368000015,INSTITUCION EDUCATIVA SAN JOSE,5368,JERICO,Suroeste,SECRETOS PARA CONTAR ERA,https://drive.google.com/file/d/15r00YRRnOddyzmfuugyNk16uPcxqM2V3/view?usp=sharing,
10536800001506,C.E.R. MONSEÑOR AUGUSTO TRUJILLO ARANGO,105368000015,INSTITUCION EDUCATIVA SAN JOSE,5368,JERICO,Suroeste,SECRETOS PARA CONTAR ERA,https://drive.google.com/file/d/1Ql_C6BcW9mCMN7MD79hH6JUFXKhLiM-m/view?usp=sharing,
10536800001502,ESCUELA MADRE LAURA,105368000015,INSTITUCION EDUCATIVA SAN JOSE,5368,JERICO,Suroeste,FRATERNIDAD MEDELLÍN CTA,https://drive.google.com/file/d/1wPUfxNgOKODDk5r-0N2fnwjRVptShxJN/view?usp=sharing,
10536800001501,I. E. SAN JOSE,105368000015,INSTITUCION EDUCATIVA SAN JOSE,5368,JERICO,Suroeste,FRATERNIDAD MEDELLÍN CTA,,
20567900049802,E U LUIS FELIPE FERNANDEZ ,205679000498,I. E. LA PINTADA,5390,LA PINTADA,Suroeste,FRATERNIDAD MEDELLÍN CTA,,
20567900049803,E U MARGARITA CORREA ,205679000498,I. E. LA PINTADA,5390,LA PINTADA,Suroeste,FRATERNIDAD MEDELLÍN CTA,https://drive.google.com/file/d/1EmZsOnV8hgg7PXVznf_iAAS6zRreR_W6/view?usp=sharing,
20567900049801,LICEO LA PINTADA,205679000498,I. E. LA PINTADA,5390,LA PINTADA,Suroeste,FRATERNIDAD MEDELLÍN CTA,,
20585600017701,I. E. RAFAEL URIBE URIBE,205856000177,I. E. RAFAEL URIBE URIBE,5390,LA PINTADA,Suroeste,FRATERNIDAD MEDELLÍN CTA,https://drive.google.com/file/d/1eglD-XX1jZmJYfDOqwVHCUb7eusgPCLE/view?usp=sharing,
10546700001907,C. E. R. ANGEL CUERVO V,105467000019,I. E. MARIANO J. VILLEGAS,5467,MONTEBELLO,Suroeste,SECRETOS PARA CONTAR ERA,,
10546700001906,C. E. R. EL TABLAZO,105467000019,I. E. MARIANO J. VILLEGAS,5467,MONTEBELLO,Suroeste,SECRETOS PARA CONTAR ERA,,
10546700001909,C. E. R. ENCENILLO,105467000019,I. E. MARIANO J. VILLEGAS,5467,MONTEBELLO,Suroeste,SECRETOS PARA CONTAR ERA,,
10546700001911,C. E. R. LA CAMELIA,105467000019,I. E. MARIANO J. VILLEGAS,5467,MONTEBELLO,Suroeste,SECRETOS PARA CONTAR ERA,,
10546700001908,C. E. R. LA PEÑA,105467000019,I. E. MARIANO J. VILLEGAS,5467,MONTEBELLO,Suroeste,SECRETOS PARA CONTAR ERA,,
10546700001905,C. E. R. LA TRINIDAD,105467000019,I. E. MARIANO J. VILLEGAS,5467,MONTEBELLO,Suroeste,SECRETOS PARA CONTAR ERA,https://drive.google.com/file/d/1_G8oE0Y15mj7gwXITYq21PDz4HLfefqP/view?usp=sharing,
10546700001904,C. E. R. PEDRO GOMEZ V,105467000019,I. E. MARIANO J. VILLEGAS,5467,MONTEBELLO,Suroeste,SECRETOS PARA CONTAR ERA,https://drive.google.com/file/d/1pPeg9aLLUHafw2NKD9jl6EspRcNizCrk/view?usp=sharing,
10546700001910,C. E. R. PRIMERO DE JULIO,105467000019,I. E. MARIANO J. VILLEGAS,5467,MONTEBELLO,Suroeste,SECRETOS PARA CONTAR ERA,https://drive.google.com/file/d/17rxOCXl9hWnN_IviIWU17BHl15g7Q8PB/view?usp=sharing,
10546700001903,C. E. R. ZARCITOS,105467000019,I. E. MARIANO J. VILLEGAS,5467,MONTEBELLO,Suroeste,SECRETOS PARA CONTAR ERA,https://drive.google.com/file/d/1JsXaLgR6Hf_V1VQsDbEZYzVEnHkBfTCn/view?usp=sharing,
10546700001902,C.E.R. JULIAN GOMEZ,105467000019,I. E. MARIANO J. VILLEGAS,5467,MONTEBELLO,Suroeste,SECRETOS PARA CONTAR ERA,,
10546700001901,I. E. MARIANO J. VILLEGAS,105467000019,I. E. MARIANO J. VILLEGAS,5467,MONTEBELLO,Suroeste,FRATERNIDAD MEDELLÍN CTA,,
20546700010204,C. E. R. BRAULIO GIRALDO,205467000102,I. E. R. SABANITAS,5467,MONTEBELLO,Suroeste,SECRETOS PARA CONTAR ERA,https://drive.google.com/file/d/1LehxeamDVzyCD8l0cMX_3EZfZgDYFKGQ/view?usp=sharing,
20546700010214,C. E. R. CAMPO ALEGRE,205467000102,I. E. R. SABANITAS,5467,MONTEBELLO,Suroeste,SECRETOS PARA CONTAR ERA,https://drive.google.com/file/d/11LGTcpZCtnXUH3ehyRsBQgOiAwAVSmXj/view?usp=sharing,
20546700010205,C. E. R. EL CARMELO,205467000102,I. E. R. SABANITAS,5467,MONTEBELLO,Suroeste,SECRETOS PARA CONTAR ERA,,
20546700010208,C. E. R. ISIDORO LOPEZ,205467000102,I. E. R. SABANITAS,5467,MONTEBELLO,Suroeste,SECRETOS PARA CONTAR ERA,,
20546700010213,C. E. R. JOSÉ MARÍA MEJÍA TOBÓN,205467000102,I. E. R. SABANITAS,5467,MONTEBELLO,Suroeste,SECRETOS PARA CONTAR ERA,https://drive.google.com/file/d/1xg32kqnvPlzY-PiHEa2WWmZnOR7SJsAo/view?usp=sharing,
20546700010211,C. E. R. JUAN CRISOSTOMO MARTINEZ,205467000102,I. E. R. SABANITAS,5467,MONTEBELLO,Suroeste,SECRETOS PARA CONTAR ERA,,
20546700010210,C. E. R. LA MERCED,205467000102,I. E. R. SABANITAS,5467,MONTEBELLO,Suroeste,SECRETOS PARA CONTAR ERA,https://drive.google.com/file/d/1lzictPGivnocAN9hI4saVXs_l80D5GMH/view?usp=sharing,
20546700010212,C. E. R. LA PALMA,205467000102,I. E. R. SABANITAS,5467,MONTEBELLO,Suroeste,SECRETOS PARA CONTAR ERA,https://drive.google.com/file/d/1oQlPHzIuWslEZjqXXN6ZuXUX30YPMOWL/view?usp=sharing,
20546700010203,C. E. R. MARIA AUXILIADORA,205467000102,I. E. R. SABANITAS,5467,MONTEBELLO,Suroeste,SECRETOS PARA CONTAR ERA,,
20546700010207,C. E. R. PALMITAS,205467000102,I. E. R. SABANITAS,5467,MONTEBELLO,Suroeste,SECRETOS PARA CONTAR ERA,,
20546700010206,C. E. R. SABALETAS,205467000102,I. E. R. SABANITAS,5467,MONTEBELLO,Suroeste,SECRETOS PARA CONTAR ERA,https://drive.google.com/file/d/1a43LPhEzQFIcMJ0U1-AyHWzsW2duSB0X/view?usp=sharing,
20546700010209,C. E. R. SAN ANTONIO,205467000102,I. E. R. SABANITAS,5467,MONTEBELLO,Suroeste,SECRETOS PARA CONTAR ERA,,
20546700010201,I. E. R. SABANITAS,205467000102,I. E. R. SABANITAS,5467,MONTEBELLO,Suroeste,SECRETOS PARA CONTAR ERA,https://drive.google.com/file/d/1JdbXN8bxFkofwj2dO1ukbnRFmgVMlLU5/view?usp=sharing,
20557600014703,C. E. R. CALIFORNIA,205576000147,C. E. R. LUIS FELIPE RESTREPO HERRERA,5576,PUEBLORRICO,Suroeste,SECRETOS PARA CONTAR ERA,https://drive.google.com/file/d/1OCn-mKmLmNA0e1Jp5EkJeX7vFdLaDEmh/view?usp=sharing,
20557600014706,C. E. R. CORINTO,205576000147,C. E. R. LUIS FELIPE RESTREPO HERRERA,5576,PUEBLORRICO,Suroeste,SECRETOS PARA CONTAR ERA,https://drive.google.com/file/d/1T-XmMlKRtESfxv5AEQTOQQM4FxzJkkiI/view?usp=sharing,
20557600014702,C. E. R. LA GOMEZ,205576000147,C. E. R. LUIS FELIPE RESTREPO HERRERA,5576,PUEBLORRICO,Suroeste,SECRETOS PARA CONTAR ERA,,
20557600014705,C. E. R. LA PAZ,205576000147,C. E. R. LUIS FELIPE RESTREPO HERRERA,5576,PUEBLORRICO,Suroeste,SECRETOS PARA CONTAR ERA,https://drive.google.com/file/d/1-denT5E48psbClGttG4lXx-l23XjQ_fq/view?usp=sharing,
20557600014701,C. E. R. LUIS FELIPE RESTREPO HERRERA,205576000147,C. E. R. LUIS FELIPE RESTREPO HERRERA,5576,PUEBLORRICO,Suroeste,SECRETOS PARA CONTAR ERA,https://drive.google.com/file/d/1uOnI5KEdvAzmRNuzmqEQX1rkDIkBeOwJ/view?usp=sharing,
20557600014707,C. E. R. MULATO,205576000147,C. E. R. LUIS FELIPE RESTREPO HERRERA,5576,PUEBLORRICO,Suroeste,SECRETOS PARA CONTAR ERA,,
20557600014704,C. E. R. SANTA BARBARA,205576000147,C. E. R. LUIS FELIPE RESTREPO HERRERA,5576,PUEBLORRICO,Suroeste,SECRETOS PARA CONTAR ERA,,
10557600009606,C. E. R. EL MULATICO,105576000096,I. E. EL SALVADOR,5576,PUEBLORRICO,Suroeste,SECRETOS PARA CONTAR ERA,,
10557600009610,C. E. R. INDIGENA LA UNION,105576000096,I. E. EL SALVADOR,5576,PUEBLORRICO,Suroeste,SECRETOS PARA CONTAR ERA,https://drive.google.com/file/d/1aYoLqxFrZ45b3aZMKpPsCMuxVVIVMaOc/view?usp=sharing,
10557600009608,C. E. R. LA PICA,105576000096,I. E. EL SALVADOR,5576,PUEBLORRICO,Suroeste,SECRETOS PARA CONTAR ERA,,
10557600009605,C. E. R. LA SEVILLA,105576000096,I. E. EL SALVADOR,5576,PUEBLORRICO,Suroeste,SECRETOS PARA CONTAR ERA,,
10557600009607,C. E. R. LOURDES,105576000096,I. E. EL SALVADOR,5576,PUEBLORRICO,Suroeste,SECRETOS PARA CONTAR ERA,,
10557600009602,E U BERTILDA POSADA A ,105576000096,I. E. EL SALVADOR,5576,PUEBLORRICO,Suroeste,FRATERNIDAD MEDELLÍN CTA,https://drive.google.com/file/d/1fnu6H8weIEeRO9BB3JoTy0iOg9iK-3b_/view?usp=sharing,
10557600009603,I. E. R. SINAI,105576000096,I. E. EL SALVADOR,5576,PUEBLORRICO,Suroeste,SECRETOS PARA CONTAR ERA,https://drive.google.com/file/d/1fYwCEQLcReP7kbmWqySibOji58yNLd0a/view?usp=sharing,
10557600009601,LICEO EL SALVADOR,105576000096,I. E. EL SALVADOR,5576,PUEBLORRICO,Suroeste,FRATERNIDAD MEDELLÍN CTA,,
20564200029302,ANA RESTREPO ARIAS,205642000293,CENTRO EDUCATIVO RURAL PEÑALISA,5642,SALGAR,Suroeste,SECRETOS PARA CONTAR ERA,https://drive.google.com/file/d/10Jhu8KcQ-C-VRz4UNQVkOshCPBJiqxHu/view?usp=sharing,
20564200029301,C. E. R. PEÑALISA,205642000293,CENTRO EDUCATIVO RURAL PEÑALISA,5642,SALGAR,Suroeste,SECRETOS PARA CONTAR ERA,,
20564200029303,EL CARMELO,205642000293,CENTRO EDUCATIVO RURAL PEÑALISA,5642,SALGAR,Suroeste,SECRETOS PARA CONTAR ERA,,
20564200029310,EL RAUDAL,205642000293,CENTRO EDUCATIVO RURAL PEÑALISA,5642,SALGAR,Suroeste,SECRETOS PARA CONTAR ERA,https://drive.google.com/file/d/1BNh8_TEXf8b8jQsgZporZ7_Y3H21MbPy/view?usp=sharing,
20564200029304,EL RETIRO,205642000293,CENTRO EDUCATIVO RURAL PEÑALISA,5642,SALGAR,Suroeste,SECRETOS PARA CONTAR ERA,,
20564200029305,GLORIA EDITH GALVIS PATIÑO,205642000293,CENTRO EDUCATIVO RURAL PEÑALISA,5642,SALGAR,Suroeste,SECRETOS PARA CONTAR ERA,https://drive.google.com/file/d/13KiE5GHdbZdQU-qMWLl5zhZxy0Au9VLO/view?usp=sharing,
20564200029306,LA GULUNGA,205642000293,CENTRO EDUCATIVO RURAL PEÑALISA,5642,SALGAR,Suroeste,SECRETOS PARA CONTAR ERA,https://drive.google.com/file/d/12lcxeR0YvNQkIC-gE6QPsxp7NOqacuik/view?usp=sharing,
20564200029307,LA SIBERIA,205642000293,CENTRO EDUCATIVO RURAL PEÑALISA,5642,SALGAR,Suroeste,SECRETOS PARA CONTAR ERA,https://drive.google.com/file/d/10c3_Y0Cpbg27g59WdxXfRbsTLH3Ds_5O/view?usp=sharing,
20564200029308,VENTIADERO,205642000293,CENTRO EDUCATIVO RURAL PEÑALISA,5642,SALGAR,Suroeste,SECRETOS PARA CONTAR ERA,https://drive.google.com/file/d/1xb1Cjjb1tonkOwgY95sPkfSJSCrGccgE/view?usp=sharing,
10564200001905,E U DELFINA CALAD DE OCHOA,105642000019,I. E. JULIO RESTREPO,5642,SALGAR,Suroeste,FRATERNIDAD MEDELLÍN CTA,https://drive.google.com/file/d/1evzAxqcG7E9GnkAzrjUTgEpTZ-h4ihvi/view?usp=sharing,
10564200001904,E U RAMON VELEZ ISAZA,105642000019,I. E. JULIO RESTREPO,5642,SALGAR,Suroeste,FRATERNIDAD MEDELLÍN CTA,https://drive.google.com/file/d/1qRMGz6A1YlhHE_kRpMPljmzTId8g7V58/view?usp=sharing,
10564200001903,E U SIMON BOLIVAR,105642000019,I. E. JULIO RESTREPO,5642,SALGAR,Suroeste,FRATERNIDAD MEDELLÍN CTA,,
10564200001901,LICEO JULIO RESTREPO,105642000019,I. E. JULIO RESTREPO,5642,SALGAR,Suroeste,FRATERNIDAD MEDELLÍN CTA,,
20564200024202,CARLOS VIECO ORTIZ,205642000242,I.E.R.  EL CONCILIO,5642,SALGAR,Suroeste,SECRETOS PARA CONTAR ERA,,
20564200024204,CHAQUIRO ABAJO,205642000242,I.E.R.  EL CONCILIO,5642,SALGAR,Suroeste,SECRETOS PARA CONTAR ERA,https://drive.google.com/file/d/1R9oDQHN2dq10SkSa9bWJlV9xhfco2CW4/view?usp=sharing,
20564200024208,CHAQUIRO ARRIBA,205642000242,I.E.R.  EL CONCILIO,5642,SALGAR,Suroeste,SECRETOS PARA CONTAR ERA,,
20564200024207,CIRO MENDIA,205642000242,I.E.R.  EL CONCILIO,5642,SALGAR,Suroeste,SECRETOS PARA CONTAR ERA,,
20564200024203,EPIFANIO MEJIA,205642000242,I.E.R.  EL CONCILIO,5642,SALGAR,Suroeste,SECRETOS PARA CONTAR ERA,https://drive.google.com/file/d/12xsiTZWOeN2uGW66yugQDzl3C0j6vRo8/view?usp=sharing,
20564200024201,I. E. R. EL CONCILIO,205642000242,I.E.R.  EL CONCILIO,5642,SALGAR,Suroeste,SECRETOS PARA CONTAR ERA,,
20564200024209,JORGE ELIECER GAITAN,205642000242,I.E.R.  EL CONCILIO,5642,SALGAR,Suroeste,SECRETOS PARA CONTAR ERA,,
20564200024205,LLANADAS,205642000242,I.E.R.  EL CONCILIO,5642,SALGAR,Suroeste,SECRETOS PARA CONTAR ERA,,
20564200024211,MONTAÑITA,205642000242,I.E.R.  EL CONCILIO,5642,SALGAR,Suroeste,SECRETOS PARA CONTAR ERA,,
20564200024206,MORRITOS,205642000242,I.E.R.  EL CONCILIO,5642,SALGAR,Suroeste,SECRETOS PARA CONTAR ERA,,
20564200024210,PORFIRIO BARBA JACOB,205642000242,I.E.R.  EL CONCILIO,5642,SALGAR,Suroeste,SECRETOS PARA CONTAR ERA,https://drive.google.com/file/d/1So6Zks_72nyBFcm6MU9pP5uj4MKp0SO4/view?usp=sharing,
20564200017013,EL CEDRO,205642000170,INSTITUCION EDUCATIVA RURAL ABELARDO OCHOA,5642,SALGAR,Suroeste,SECRETOS PARA CONTAR ERA,https://drive.google.com/file/d/1xLm21hAwzvY3ntbsP04dXpcz30KuXluI/view?usp=sharing,
20564200017009,EL ROBLAL,205642000170,INSTITUCION EDUCATIVA RURAL ABELARDO OCHOA,5642,SALGAR,Suroeste,SECRETOS PARA CONTAR ERA,,
20564200017014,I E R ABELARDO OCHOA SEDE II,205642000170,INSTITUCION EDUCATIVA RURAL ABELARDO OCHOA,5642,SALGAR,Suroeste,SECRETOS PARA CONTAR ERA,,
20564200017001,I. E. R. ABELARDO OCHOA,205642000170,INSTITUCION EDUCATIVA RURAL ABELARDO OCHOA,5642,SALGAR,Suroeste,SECRETOS PARA CONTAR ERA,,
20564200017007,IVAN ARANGO ARCILA,205642000170,INSTITUCION EDUCATIVA RURAL ABELARDO OCHOA,5642,SALGAR,Suroeste,SECRETOS PARA CONTAR ERA,,
20564200017008,LA CLARA ARRIBA,205642000170,INSTITUCION EDUCATIVA RURAL ABELARDO OCHOA,5642,SALGAR,Suroeste,SECRETOS PARA CONTAR ERA,,
20564200017002,LA FAMOSA,205642000170,INSTITUCION EDUCATIVA RURAL ABELARDO OCHOA,5642,SALGAR,Suroeste,SECRETOS PARA CONTAR ERA,https://drive.google.com/file/d/1jcTWzM2Z4cb8ExG1iqOaZY-fBdRoI_FH/view?usp=sharing,
20564200017003,LA GRANIZO,205642000170,INSTITUCION EDUCATIVA RURAL ABELARDO OCHOA,5642,SALGAR,Suroeste,SECRETOS PARA CONTAR ERA,,
20564200017004,LA ILUSION,205642000170,INSTITUCION EDUCATIVA RURAL ABELARDO OCHOA,5642,SALGAR,Suroeste,SECRETOS PARA CONTAR ERA,https://drive.google.com/file/d/1dupkMUt_vN-jA6lEsG30jZeaP2RAiLME/view?usp=sharing,
20564200017005,LEON DE GREIFF,205642000170,INSTITUCION EDUCATIVA RURAL ABELARDO OCHOA,5642,SALGAR,Suroeste,SECRETOS PARA CONTAR ERA,https://drive.google.com/file/d/1vkLOA_OVe7rM_hk8zELeKpIxlmJR9RcM/view?usp=sharing,
20564200017006,LOS ANDES,205642000170,INSTITUCION EDUCATIVA RURAL ABELARDO OCHOA,5642,SALGAR,Suroeste,SECRETOS PARA CONTAR ERA,https://drive.google.com/file/d/12-CGAo1prT7PIDxqlpEf028Q1uEvM5Sh/view?usp=sharing,
20564200017011,TARQUI,205642000170,INSTITUCION EDUCATIVA RURAL ABELARDO OCHOA,5642,SALGAR,Suroeste,SECRETOS PARA CONTAR ERA,,
20564200017012,TROYA,205642000170,INSTITUCION EDUCATIVA RURAL ABELARDO OCHOA,5642,SALGAR,Suroeste,SECRETOS PARA CONTAR ERA,,
20567900023406,C. E. R.  EL GUASIMO,205679000234,I. E. DAMASCO,5679,SANTA BARBARA,Suroeste,SECRETOS PARA CONTAR ERA,,
20567900023413,C. E. R. ATANASIO,205679000234,I. E. DAMASCO,5679,SANTA BARBARA,Suroeste,SECRETOS PARA CONTAR ERA,https://drive.google.com/file/d/1YUbeEKlsQryEDLwDMLyNrnCmcfRQEo9D/view?usp=sharing,
20567900023404,C. E. R. BELLAVISTA,205679000234,I. E. DAMASCO,5679,SANTA BARBARA,Suroeste,SECRETOS PARA CONTAR ERA,https://drive.google.com/file/d/1nqmTGkRX5xMdB0hyZzmGtc3PHAM3dFAG/view?usp=sharing,
20567900023403,C. E. R. CORDONCILLO,205679000234,I. E. DAMASCO,5679,SANTA BARBARA,Suroeste,SECRETOS PARA CONTAR ERA,https://drive.google.com/file/d/1RuJkg4pXk1XM_NM5oHzBUv4zKkRGLn4j/view?usp=sharing,
20567900023402,C. E. R. EL GUAMAL,205679000234,I. E. DAMASCO,5679,SANTA BARBARA,Suroeste,SECRETOS PARA CONTAR ERA,,
20567900023414,C. E. R. GUAMITO,205679000234,I. E. DAMASCO,5679,SANTA BARBARA,Suroeste,SECRETOS PARA CONTAR ERA,,
20567900023405,C. E. R. LA ESPERANZA,205679000234,I. E. DAMASCO,5679,SANTA BARBARA,Suroeste,SECRETOS PARA CONTAR ERA,https://drive.google.com/file/d/1G0OJkJYEJHsSiqFQjKSkJRhGrRFJUZSp/view?usp=sharing,
20567900023412,C. E. R. LA PRIMAVERA,205679000234,I. E. DAMASCO,5679,SANTA BARBARA,Suroeste,SECRETOS PARA CONTAR ERA,,
20567900023408,C. E. R. LA QUIEBRA,205679000234,I. E. DAMASCO,5679,SANTA BARBARA,Suroeste,SECRETOS PARA CONTAR ERA,https://drive.google.com/file/d/1YSAyx0ntJMPrD6gfMutFXl7Ikd78f7Ej/view?usp=sharing,
20567900023411,C. E. R. LOMA DON SANTOS,205679000234,I. E. DAMASCO,5679,SANTA BARBARA,Suroeste,SECRETOS PARA CONTAR ERA,,
20567900023410,C. E. R. SAN MIGUELITO,205679000234,I. E. DAMASCO,5679,SANTA BARBARA,Suroeste,SECRETOS PARA CONTAR ERA,,
20567900023401,I. E. DAMASCO,205679000234,I. E. DAMASCO,5679,SANTA BARBARA,Suroeste,SECRETOS PARA CONTAR ERA,,
20567900023409,I.E. DAMASCO SEDE II,205679000234,I. E. DAMASCO,5679,SANTA BARBARA,Suroeste,SECRETOS PARA CONTAR ERA,,
20567900033107,ABEL BEDOYA,205679000331,I. E. EL GUAYABO,5679,SANTA BARBARA,Suroeste,SECRETOS PARA CONTAR ERA,https://drive.google.com/file/d/1d5svZ43QYp3tC7P5Hupwp_px0YWIEBSF/view?usp=sharing,
20567900033103,ALTO DE LOS GOMEZ,205679000331,I. E. EL GUAYABO,5679,SANTA BARBARA,Suroeste,SECRETOS PARA CONTAR ERA,,
20567900033101,I. E. EL GUAYABO,205679000331,I. E. EL GUAYABO,5679,SANTA BARBARA,Suroeste,SECRETOS PARA CONTAR ERA,https://drive.google.com/file/d/1eqYl3-qq2hMzTJ_NxPLPXURt3T8E5Kvy/view?usp=sharing,
20567900033109,IGNACIO RAMIREZ BALLESTEROS,205679000331,I. E. EL GUAYABO,5679,SANTA BARBARA,Suroeste,SECRETOS PARA CONTAR ERA,https://drive.google.com/file/d/1A7tCORtYsdj6s8XeVIuc7FfaXt6Z2n4F/view?usp=sharing,
20567900033105,LA ARCADIA,205679000331,I. E. EL GUAYABO,5679,SANTA BARBARA,Suroeste,SECRETOS PARA CONTAR ERA,,
20567900033106,LAS MERCEDES,205679000331,I. E. EL GUAYABO,5679,SANTA BARBARA,Suroeste,SECRETOS PARA CONTAR ERA,https://drive.google.com/file/d/10yTr78QefNqH7NUo7bAQveDEGx61jumI/view?usp=sharing,
20567900033102,LOMA LARGA,205679000331,I. E. EL GUAYABO,5679,SANTA BARBARA,Suroeste,SECRETOS PARA CONTAR ERA,https://drive.google.com/file/d/1fLcmEWOWZMoTkbEZ6lbNqW48Wg83R7W-/view?usp=sharing,
20567900033108,MORRO PLANCHO,205679000331,I. E. EL GUAYABO,5679,SANTA BARBARA,Suroeste,SECRETOS PARA CONTAR ERA,,
20567900033104,POBLANCO,205679000331,I. E. EL GUAYABO,5679,SANTA BARBARA,Suroeste,SECRETOS PARA CONTAR ERA,https://drive.google.com/file/d/1cGSzGtkdY5BdTNzwiZcTEuHeB7n-L1gZ/view?usp=sharing,
10567900048510,C. E. R. ARTURO RAMIREZ GIRALDO,105679000485,I. E. JESUS MARIA ROJAS PAGOLA,5679,SANTA BARBARA,Suroeste,SECRETOS PARA CONTAR ERA,,
10567900048508,C. E. R. EL CRUCERO,105679000485,I. E. JESUS MARIA ROJAS PAGOLA,5679,SANTA BARBARA,Suroeste,SECRETOS PARA CONTAR ERA,,
10567900048502,C. E. R. EL VERGEL,105679000485,I. E. JESUS MARIA ROJAS PAGOLA,5679,SANTA BARBARA,Suroeste,SECRETOS PARA CONTAR ERA,https://drive.google.com/file/d/1uuNM--fXIBnMirWhWqoZeyYPSZOLmIkC/view?usp=sharing,
10567900048507,C. E. R. LAS PAVAS,105679000485,I. E. JESUS MARIA ROJAS PAGOLA,5679,SANTA BARBARA,Suroeste,SECRETOS PARA CONTAR ERA,https://drive.google.com/file/d/1AQdL3yFvYa10lLPv5bftW5BGfvWO6xsR/view?usp=sharing,
10567900048517,C. E. R. RAFAEL URIBE URIBE,105679000485,I. E. JESUS MARIA ROJAS PAGOLA,5679,SANTA BARBARA,Suroeste,SECRETOS PARA CONTAR ERA,,
10567900048504,C. E. R. RUPERTO DE JESUS PELAEZ ARANGO,105679000485,I. E. JESUS MARIA ROJAS PAGOLA,5679,SANTA BARBARA,Suroeste,SECRETOS PARA CONTAR ERA,https://drive.google.com/file/d/1uWw662E5dBR80FciGOoLoVxDzLKuxgVA/view?usp=sharing,
10567900048506,C. E. R. SAN IGNACIO,105679000485,I. E. JESUS MARIA ROJAS PAGOLA,5679,SANTA BARBARA,Suroeste,SECRETOS PARA CONTAR ERA,,
10567900048505,C. E. R. SANTA MARGARITA,105679000485,I. E. JESUS MARIA ROJAS PAGOLA,5679,SANTA BARBARA,Suroeste,SECRETOS PARA CONTAR ERA,,
10567900048509,C. E. R. URSULA,105679000485,I. E. JESUS MARIA ROJAS PAGOLA,5679,SANTA BARBARA,Suroeste,SECRETOS PARA CONTAR ERA,https://drive.google.com/file/d/1DFhlx05iV1z6ECu-T82Gdrny0AHNF8RK/view?usp=sharing,
10567900048501,I. E. JESUS MARIA ROJAS  PAGOLA,105679000485,I. E. JESUS MARIA ROJAS PAGOLA,5679,SANTA BARBARA,Suroeste,FRATERNIDAD MEDELLÍN CTA,,
10567900042604,E U MARIA AUXILIADORA ,105679000426,I. E. TOMAS EASTMAN,5679,SANTA BARBARA,Suroeste,FRATERNIDAD MEDELLÍN CTA,,
10567900042602,E U MONSEÑOR EMILIO BOTERO,105679000426,I. E. TOMAS EASTMAN,5679,SANTA BARBARA,Suroeste,FRATERNIDAD MEDELLÍN CTA,https://drive.google.com/file/d/1mAUFnNR3ruyRNnR2iYBGwvaxCqOVv-ir/view?usp=sharing,
10567900042601,LICEO TOMAS EASTMAN,105679000426,I. E. TOMAS EASTMAN,5679,SANTA BARBARA,Suroeste,SECRETOS PARA CONTAR ERA,,
20567900050107,C. E. R. BUENAVISTA,205679000501,I. E. VERSALLES,5679,SANTA BARBARA,Suroeste,SECRETOS PARA CONTAR ERA,,
20567900050102,C. E. R. CARMEN ROSA RENDON,205679000501,I. E. VERSALLES,5679,SANTA BARBARA,Suroeste,SECRETOS PARA CONTAR ERA,,
20567900050106,C. E. R. LA LIBORIANA,205679000501,I. E. VERSALLES,5679,SANTA BARBARA,Suroeste,SECRETOS PARA CONTAR ERA,,
20567900050104,C. E. R. LA TABLAZA,205679000501,I. E. VERSALLES,5679,SANTA BARBARA,Suroeste,SECRETOS PARA CONTAR ERA,,
20567900050103,C. E. R. PITAYO,205679000501,I. E. VERSALLES,5679,SANTA BARBARA,Suroeste,SECRETOS PARA CONTAR ERA,,
20567900050105,C. E. R. YARUMALITO,205679000501,I. E. VERSALLES,5679,SANTA BARBARA,Suroeste,SECRETOS PARA CONTAR ERA,https://drive.google.com/file/d/1vJcvDOXl4TD3_XFjtiRqw17Wujb0B77f/view?usp=sharing,
20567900050101,I. E. VERSALLES,205679000501,I. E. VERSALLES,5679,SANTA BARBARA,Suroeste,SECRETOS PARA CONTAR ERA,,
20567900050108,VERSALLES PARQUE ,205679000501,I. E. VERSALLES,5679,SANTA BARBARA,Suroeste,SECRETOS PARA CONTAR ERA,,
20578900024803,C. E. R. EL LIBANO,205789000248,I. E.  RURAL SANTIAGO ANGEL SANTAMARIA,5789,TAMESIS,Suroeste,SECRETOS PARA CONTAR ERA,,
20578900024804,C. E. R. ISABELITA PATIÑO,205789000248,I. E.  RURAL SANTIAGO ANGEL SANTAMARIA,5789,TAMESIS,Suroeste,SECRETOS PARA CONTAR ERA,,
20578900024805,C. E. R. LA OCULTA,205789000248,I. E.  RURAL SANTIAGO ANGEL SANTAMARIA,5789,TAMESIS,Suroeste,SECRETOS PARA CONTAR ERA,,
20578900024806,C. E. R. LA VIRGEN,205789000248,I. E.  RURAL SANTIAGO ANGEL SANTAMARIA,5789,TAMESIS,Suroeste,SECRETOS PARA CONTAR ERA,,
20578900024807,C. E. R. PESCADERO,205789000248,I. E.  RURAL SANTIAGO ANGEL SANTAMARIA,5789,TAMESIS,Suroeste,SECRETOS PARA CONTAR ERA,,
20578900024808,C. E. R. SANTA TERESA,205789000248,I. E.  RURAL SANTIAGO ANGEL SANTAMARIA,5789,TAMESIS,Suroeste,SECRETOS PARA CONTAR ERA,,
20578900024801,I. E.  RURAL SANTIAGO ANGEL SANTAMARIA,205789000248,I. E.  RURAL SANTIAGO ANGEL SANTAMARIA,5789,TAMESIS,Suroeste,SECRETOS PARA CONTAR ERA,https://drive.google.com/file/d/1_iE_HX50NIuB0zqeVKGpu55fmDzlfkDQ/view?usp=sharing,
20578900059113,C. E. R.  LA LIBORIANA,205789000591,I. E. R. SAN PABLO,5789,TAMESIS,Suroeste,SECRETOS PARA CONTAR ERA,,
20578900059115,C. E. R.  SAN PEDRO,205789000591,I. E. R. SAN PABLO,5789,TAMESIS,Suroeste,SECRETOS PARA CONTAR ERA,https://drive.google.com/file/d/1zxlnzXMJiPy4ldIAiQ4BRoLa8uscv4KX/view?usp=sharing,
20578900059110,C. E. R. CEDEÑO,205789000591,I. E. R. SAN PABLO,5789,TAMESIS,Suroeste,SECRETOS PARA CONTAR ERA,https://drive.google.com/file/d/1FA9AGc50ROwlo_ChxeQ3J3mLWytqYzEI/view?usp=sharing,
20578900059116,C. E. R. COROZAL,205789000591,I. E. R. SAN PABLO,5789,TAMESIS,Suroeste,SECRETOS PARA CONTAR ERA,,
20578900059104,C. E. R. GUAYABAL,205789000591,I. E. R. SAN PABLO,5789,TAMESIS,Suroeste,SECRETOS PARA CONTAR ERA,https://drive.google.com/file/d/1fzQvv1GbM96CrZHyd251Y_B7pLdyVd_y/view?usp=sharing,
20578900059117,C. E. R. IND.PARA EL RESG INDIG EMBERA_CHAMI MIGUEL CERTIGA,205789000591,I. E. R. SAN PABLO,5789,TAMESIS,Suroeste,SECRETOS PARA CONTAR ERA,https://drive.google.com/file/d/1NW6vttMTquHX2OPh_ENY0h6ZzqkZwYLF/view?usp=sharing,
20578900059114,C. E. R. LA ARGENTINA,205789000591,I. E. R. SAN PABLO,5789,TAMESIS,Suroeste,SECRETOS PARA CONTAR ERA,,
20578900059112,C. E. R. LA BETANIA,205789000591,I. E. R. SAN PABLO,5789,TAMESIS,Suroeste,SECRETOS PARA CONTAR ERA,https://drive.google.com/file/d/1ahGg_xtF--paLZMhWopM-KUNC9c9V7Us/view?usp=sharing,
20578900059105,C. E. R. LA MIRLA,205789000591,I. E. R. SAN PABLO,5789,TAMESIS,Suroeste,SECRETOS PARA CONTAR ERA,https://drive.google.com/file/d/1VxaU0YX3Sobae4-cHPb2t66ePy2lW-1E/view?usp=sharing,
20578900059103,C. E. R. MANZANARES,205789000591,I. E. R. SAN PABLO,5789,TAMESIS,Suroeste,SECRETOS PARA CONTAR ERA,,
20578900059107,C. E. R. PIO XII,205789000591,I. E. R. SAN PABLO,5789,TAMESIS,Suroeste,SECRETOS PARA CONTAR ERA,,
20578900059109,C. E. R. TERESITA OBANDO,205789000591,I. E. R. SAN PABLO,5789,TAMESIS,Suroeste,SECRETOS PARA CONTAR ERA,,
20578900059102,C. E. R. TRAVESIAS,205789000591,I. E. R. SAN PABLO,5789,TAMESIS,Suroeste,SECRETOS PARA CONTAR ERA,,
20578900059101,I. E. R. SAN PABLO,205789000591,I. E. R. SAN PABLO,5789,TAMESIS,Suroeste,SECRETOS PARA CONTAR ERA,https://drive.google.com/file/d/1Aa2pEoe-RGSEKQa_KA_Wnno7P4JzejHq/view?usp=sharing,
10578900023510,C. E. R.  JOAQUINA MONTOYA,105789000235,I. E. SAN ANTONIO DE PADUA,5789,TAMESIS,Suroeste,SECRETOS PARA CONTAR ERA,,
10578900023509,C. E. R. LA ALACENA,105789000235,I. E. SAN ANTONIO DE PADUA,5789,TAMESIS,Suroeste,SECRETOS PARA CONTAR ERA,,
10578900023505,C. E. R. LA MATILDE,105789000235,I. E. SAN ANTONIO DE PADUA,5789,TAMESIS,Suroeste,SECRETOS PARA CONTAR ERA,https://drive.google.com/file/d/1lZ3z2m59zg2pipPkisuxemKidKngGrDX/view?usp=sharing,
10578900023508,C. E. R. LA MESA,105789000235,I. E. SAN ANTONIO DE PADUA,5789,TAMESIS,Suroeste,SECRETOS PARA CONTAR ERA,,
10578900023507,C. E. R. OTRABANDA,105789000235,I. E. SAN ANTONIO DE PADUA,5789,TAMESIS,Suroeste,SECRETOS PARA CONTAR ERA,,
10578900023506,C. E. R. RIO CLARO,105789000235,I. E. SAN ANTONIO DE PADUA,5789,TAMESIS,Suroeste,SECRETOS PARA CONTAR ERA,https://drive.google.com/file/d/192YgjoHI1RCUrIb_vTopSl7bYs8SE-xY/view?usp=sharing,
10578900023501,COLEGIO RAFAEL J. MEJIA,105789000235,I. E. SAN ANTONIO DE PADUA,5789,TAMESIS,Suroeste,FRATERNIDAD MEDELLÍN CTA,,
10578900023502,E U ELADIA MEJIA G,105789000235,I. E. SAN ANTONIO DE PADUA,5789,TAMESIS,Suroeste,COMFAMA,,
10578900023503,PREESCOLAR MIS AMIGUITOS ,105789000235,I. E. SAN ANTONIO DE PADUA,5789,TAMESIS,Suroeste,FRATERNIDAD MEDELLÍN CTA,,
10578900027802,C. E. R.  EL TACON,105789000278,INSTITUCION EDUCATIVA INSTITUTO TECNICO AGROPECUARIO- ITA,5789,TAMESIS,Suroeste,SECRETOS PARA CONTAR ERA,,
20578900037003,C. E. R. EL ENCANTO,105789000278,INSTITUCION EDUCATIVA INSTITUTO TECNICO AGROPECUARIO- ITA,5789,TAMESIS,Suroeste,SECRETOS PARA CONTAR ERA,https://drive.google.com/file/d/1Hcq7bYcyB38ZpqI8G0wM7Agr1ngeDBk0/view?usp=sharing,
10578900027804,C. E. R. RIO FRIO,105789000278,INSTITUCION EDUCATIVA INSTITUTO TECNICO AGROPECUARIO- ITA,5789,TAMESIS,Suroeste,SECRETOS PARA CONTAR ERA,,
20578900037005,C. E. R. SAN ISIDRO,105789000278,INSTITUCION EDUCATIVA INSTITUTO TECNICO AGROPECUARIO- ITA,5789,TAMESIS,Suroeste,SECRETOS PARA CONTAR ERA,https://drive.google.com/file/d/1lyKjIfg3sYrPYI4MdxADB_0keVEQpELL/view?usp=sharing,
10578900027806,C. E. R. SAN LUIS,105789000278,INSTITUCION EDUCATIVA INSTITUTO TECNICO AGROPECUARIO- ITA,5789,TAMESIS,Suroeste,SECRETOS PARA CONTAR ERA,,
10578900027807,E.U. VICTOR MANUEL OROZCO ,105789000278,INSTITUCION EDUCATIVA INSTITUTO TECNICO AGROPECUARIO- ITA,5789,TAMESIS,Suroeste,FRATERNIDAD MEDELLÍN CTA,https://drive.google.com/file/d/10FPUgBXj6ZT2stZYoREtqc7tViBSFZPq/view?usp=sharing,
10578900027801,INSTITUCION EDUCATIVA INSTITUTO TECNICO AGROPECUARIO- ITA,105789000278,INSTITUCION EDUCATIVA INSTITUTO TECNICO AGROPECUARIO- ITA,5789,TAMESIS,Suroeste,SECRETOS PARA CONTAR ERA,,
10579200019002,E U ALVARO OBDULIO NARANJO,105792000190,I. E. JOSE PRIETO ARANGO,5792,TARSO,Suroeste,FRATERNIDAD MEDELLÍN CTA,https://drive.google.com/file/d/1MQGVAyBhBAFn_hmrJNrauPN69ai7RqUp/view?usp=sharing,
10579200019001,LICEO JOSE PRIETO ARANGO,105792000190,I. E. JOSE PRIETO ARANGO,5792,TARSO,Suroeste,FRATERNIDAD MEDELLÍN CTA,,
20579200006203,CASCABEL,205792000062,I.E.R. JESUS ANIBAL GOMEZ,5792,TARSO,Suroeste,SECRETOS PARA CONTAR ERA,https://drive.google.com/file/d/1leyLGb643D6cXGFQrIXWZ-UBM4ayJAzV/view?usp=sharing,
20579200006206,CHAGUANY,205792000062,I.E.R. JESUS ANIBAL GOMEZ,5792,TARSO,Suroeste,SECRETOS PARA CONTAR ERA,,
20579200006202,EL MORRON,205792000062,I.E.R. JESUS ANIBAL GOMEZ,5792,TARSO,Suroeste,SECRETOS PARA CONTAR ERA,https://drive.google.com/file/d/12J6mFNKmuzr3ZAJSjXC1RtZHzby0D4jX/view?usp=sharing,
20579200006201,I.E.R. JESUS ANIBAL GOMEZ,205792000062,I.E.R. JESUS ANIBAL GOMEZ,5792,TARSO,Suroeste,SECRETOS PARA CONTAR ERA,https://drive.google.com/file/d/1B4lZGUaM8CZglDbMxfSPO41qQR-QvRYv/view?usp=sharing,
20579200006208,LA ARBOLEDA,205792000062,I.E.R. JESUS ANIBAL GOMEZ,5792,TARSO,Suroeste,SECRETOS PARA CONTAR ERA,,
20579200006207,LA LINDA,205792000062,I.E.R. JESUS ANIBAL GOMEZ,5792,TARSO,Suroeste,SECRETOS PARA CONTAR ERA,,
20579200006209,MULATICOS,205792000062,I.E.R. JESUS ANIBAL GOMEZ,5792,TARSO,Suroeste,SECRETOS PARA CONTAR ERA,https://drive.google.com/file/d/1Tt-PJMz1a_Gv0rkQs6Q9HKXq69jlHjm7/view?usp=sharing,
20579200006210,PATIO BONITO,205792000062,I.E.R. JESUS ANIBAL GOMEZ,5792,TARSO,Suroeste,SECRETOS PARA CONTAR ERA,,
20579200006204,SAN FORTUNATO,205792000062,I.E.R. JESUS ANIBAL GOMEZ,5792,TARSO,Suroeste,SECRETOS PARA CONTAR ERA,,
20579200006205,SAN FRANCISCO,205792000062,I.E.R. JESUS ANIBAL GOMEZ,5792,TARSO,Suroeste,SECRETOS PARA CONTAR ERA,,
20579200006211,TEODOSIO CORREA,205792000062,I.E.R. JESUS ANIBAL GOMEZ,5792,TARSO,Suroeste,SECRETOS PARA CONTAR ERA,,
20580900007009,C. E. R. ANTONIO JOSE RESTREPO,205809000070,C. E. R. LOS MICOS,5809,TITIRIBI,Suroeste,SECRETOS PARA CONTAR ERA,,
20580900007011,C. E. R. CORCOVADO,205809000070,C. E. R. LOS MICOS,5809,TITIRIBI,Suroeste,SECRETOS PARA CONTAR ERA,,
20580900007003,C. E. R. EL ZANCUDO,205809000070,C. E. R. LOS MICOS,5809,TITIRIBI,Suroeste,SECRETOS PARA CONTAR ERA,,
20580900007005,C. E. R. FALDA DEL CAUCA,205809000070,C. E. R. LOS MICOS,5809,TITIRIBI,Suroeste,SECRETOS PARA CONTAR ERA,,
20580900007008,C. E. R. LOMA DEL GUAMO,205809000070,C. E. R. LOS MICOS,5809,TITIRIBI,Suroeste,SECRETOS PARA CONTAR ERA,,
20580900007001,C. E. R. LOS MICOS,205809000070,C. E. R. LOS MICOS,5809,TITIRIBI,Suroeste,SECRETOS PARA CONTAR ERA,https://drive.google.com/file/d/14N6tRZEs5Y_4V9OSc4X2-Bd2LIrO-9NV/view?usp=sharing,
20580900007002,C. E. R. LUIS ZEA URIBE,205809000070,C. E. R. LOS MICOS,5809,TITIRIBI,Suroeste,SECRETOS PARA CONTAR ERA,,
20580900007006,C. E. R. OFELIA ECHEVERRI,205809000070,C. E. R. LOS MICOS,5809,TITIRIBI,Suroeste,SECRETOS PARA CONTAR ERA,,
20580900007007,E R LA PEÑA,205809000070,C. E. R. LOS MICOS,5809,TITIRIBI,Suroeste,SECRETOS PARA CONTAR ERA,,
20580900007012,I. E. R. EL MORRO,205809000070,C. E. R. LOS MICOS,5809,TITIRIBI,Suroeste,SECRETOS PARA CONTAR ERA,,
20580900008805,E R I SINIFANA,205809000088,I. E. BENJAMIN CORREA ALVAREZ,5809,TITIRIBI,Suroeste,SECRETOS PARA CONTAR ERA,,
20580900008804,E R MARUJA RESTREPO,205809000088,I. E. BENJAMIN CORREA ALVAREZ,5809,TITIRIBI,Suroeste,SECRETOS PARA CONTAR ERA,,
20580900008801,E U BENJAMIN CORREA,205809000088,I. E. BENJAMIN CORREA ALVAREZ,5809,TITIRIBI,Suroeste,SECRETOS PARA CONTAR ERA,https://drive.google.com/file/d/1FDzXZ9iKmm9odpDzFFMpmWnYdMNEEPEz/view?usp=sharing,
10580900001601,COLEGIO SANTO TOMAS DE AQUINO,105809000016,I. E. SANTO TOMAS DE AQUINO,5809,TITIRIBI,Suroeste,FRATERNIDAD MEDELLÍN CTA,,
10580900001603,E U EVANGELINA BETANCUR,105809000016,I. E. SANTO TOMAS DE AQUINO,5809,TITIRIBI,Suroeste,FRATERNIDAD MEDELLÍN CTA,https://drive.google.com/file/d/1DrF4jjtTrZjzTJhZRNyJLROj294XGTea/view?usp=sharing,
10584700077101,I. E. ESCUELA NORMAL SUPERIOR SAGRADA FAMILIA,105847000771,I. E. ESCUELA NORMAL SUPERIOR SAGRADA FAMILIA,5847,URRAO,Suroeste,FRATERNIDAD MEDELLÍN CTA,https://drive.google.com/file/d/1brCTnggnMJ6_RbOvpj5aYqcpR5bXdYLO/view?usp=sharing,
10584700120403,C. E. R. ELENA BENITEZ VELEZ,105847001204,I. E. MONSEÑOR J. IVAN CADAVID GUTIERREZ,5847,URRAO,Suroeste,SECRETOS PARA CONTAR ERA,,
10584700120401,COLEGIO SIMON BOLIVAR,105847001204,I. E. MONSEÑOR J. IVAN CADAVID GUTIERREZ,5847,URRAO,Suroeste,FRATERNIDAD MEDELLÍN CTA,,
10584700120402,E U CACIQUE TONE ,105847001204,I. E. MONSEÑOR J. IVAN CADAVID GUTIERREZ,5847,URRAO,Suroeste,FRATERNIDAD MEDELLÍN CTA,https://drive.google.com/file/d/1glTOeeIF8s7ASQaukk-hVbsnpU-ufFmy/view?usp=sharing,
20584700042330,C. E. R.  XUNDABE,205847000423,I. E. R. LA CALDASIA,5847,URRAO,Suroeste,SECRETOS PARA CONTAR ERA,,
20584700042302,C. E. R. ALBERTO SALAZAR FLOREZ,205847000423,I. E. R. LA CALDASIA,5847,URRAO,Suroeste,SECRETOS PARA CONTAR ERA,,
20584700042303,C. E. R. ANTONIO JOSE ARANGO,205847000423,I. E. R. LA CALDASIA,5847,URRAO,Suroeste,SECRETOS PARA CONTAR ERA,,
20584700042305,C. E. R. BARRANCOS,205847000423,I. E. R. LA CALDASIA,5847,URRAO,Suroeste,SECRETOS PARA CONTAR ERA,,
20584700042304,C. E. R. CALLES ARRIBA,205847000423,I. E. R. LA CALDASIA,5847,URRAO,Suroeste,SECRETOS PARA CONTAR ERA,,
20584700042306,C. E. R. EL ESCOBERO,205847000423,I. E. R. LA CALDASIA,5847,URRAO,Suroeste,SECRETOS PARA CONTAR ERA,,
20584700042307,C. E. R. EL LLAVERO,205847000423,I. E. R. LA CALDASIA,5847,URRAO,Suroeste,SECRETOS PARA CONTAR ERA,,
20584700042318,C. E. R. EL MARAVILLO,205847000423,I. E. R. LA CALDASIA,5847,URRAO,Suroeste,SECRETOS PARA CONTAR ERA,https://drive.google.com/file/d/1QuAISYFg11cpyHs8e_D8nDmeJDuxquIj/view?usp=sharing,
20584700042308,C. E. R. EL NARCISO,205847000423,I. E. R. LA CALDASIA,5847,URRAO,Suroeste,SECRETOS PARA CONTAR ERA,,
20584700042309,C. E. R. EL SIRENO,205847000423,I. E. R. LA CALDASIA,5847,URRAO,Suroeste,SECRETOS PARA CONTAR ERA,,
20584700042310,C. E. R. EL TOPACIO,205847000423,I. E. R. LA CALDASIA,5847,URRAO,Suroeste,SECRETOS PARA CONTAR ERA,,
20584700042327,C. E. R. LA CLARA,205847000423,I. E. R. LA CALDASIA,5847,URRAO,Suroeste,SECRETOS PARA CONTAR ERA,,
20584700042312,C. E. R. LA ESPERANZA,205847000423,I. E. R. LA CALDASIA,5847,URRAO,Suroeste,SECRETOS PARA CONTAR ERA,,
20584700042313,C. E. R. LA GUAYABALA,205847000423,I. E. R. LA CALDASIA,5847,URRAO,Suroeste,SECRETOS PARA CONTAR ERA,,
20584700042314,C. E. R. LA MATANZA,205847000423,I. E. R. LA CALDASIA,5847,URRAO,Suroeste,SECRETOS PARA CONTAR ERA,,
20584700042315,C. E. R. LA QUIEBRA,205847000423,I. E. R. LA CALDASIA,5847,URRAO,Suroeste,SECRETOS PARA CONTAR ERA,,
20584700042316,C. E. R. LA SEXTA,205847000423,I. E. R. LA CALDASIA,5847,URRAO,Suroeste,SECRETOS PARA CONTAR ERA,,
20584700042317,C. E. R. LOS ANIMES,205847000423,I. E. R. LA CALDASIA,5847,URRAO,Suroeste,SECRETOS PARA CONTAR ERA,,
20584700042320,C. E. R. OROBUGO ARRIBA,205847000423,I. E. R. LA CALDASIA,5847,URRAO,Suroeste,SECRETOS PARA CONTAR ERA,,
20584700042321,C. E. R. OROBUGO MEDIO,205847000423,I. E. R. LA CALDASIA,5847,URRAO,Suroeste,SECRETOS PARA CONTAR ERA,,
20584700042323,C. E. R. SABANAS,205847000423,I. E. R. LA CALDASIA,5847,URRAO,Suroeste,SECRETOS PARA CONTAR ERA,,
20584700042326,C. E. R. SAN MATIAS,205847000423,I. E. R. LA CALDASIA,5847,URRAO,Suroeste,SECRETOS PARA CONTAR ERA,,
20584700042319,C.E.R MARÍA AUXILIADORA,205847000423,I. E. R. LA CALDASIA,5847,URRAO,Suroeste,SECRETOS PARA CONTAR ERA,,
20584700042311,C.E.R. EL TUNAL,205847000423,I. E. R. LA CALDASIA,5847,URRAO,Suroeste,SECRETOS PARA CONTAR ERA,,
20584700042325,C.E.R. SAN JUAN,205847000423,I. E. R. LA CALDASIA,5847,URRAO,Suroeste,SECRETOS PARA CONTAR ERA,,
20584700042328,C.E.R. TAITA,205847000423,I. E. R. LA CALDASIA,5847,URRAO,Suroeste,SECRETOS PARA CONTAR ERA,,
20584700042329,C.E.R. VENADOS ARRIBA,205847000423,I. E. R. LA CALDASIA,5847,URRAO,Suroeste,SECRETOS PARA CONTAR ERA,,
20584700042301,I. E. R. LA CALDASIA,205847000423,I. E. R. LA CALDASIA,5847,URRAO,Suroeste,SECRETOS PARA CONTAR ERA,,
20584700042331,LA MADROÑA,205847000423,I. E. R. LA CALDASIA,5847,URRAO,Suroeste,SECRETOS PARA CONTAR ERA,,
20584700042332,PEGADÓ,205847000423,I. E. R. LA CALDASIA,5847,URRAO,Suroeste,SECRETOS PARA CONTAR ERA,,
20584700044002,C. E. R. CHAQUE,205847000440,I. E. R. LA VENTA,5847,URRAO,Suroeste,SECRETOS PARA CONTAR ERA,,
20584700044003,C. E. R. CRESPO GARCIA,205847000440,I. E. R. LA VENTA,5847,URRAO,Suroeste,SECRETOS PARA CONTAR ERA,https://drive.google.com/file/d/1C8kBcyA32xjf6vyUTwHjXBn5hwcc5FDv/view?usp=sharing,
20584700044004,C. E. R. EL CHUSCAL,205847000440,I. E. R. LA VENTA,5847,URRAO,Suroeste,SECRETOS PARA CONTAR ERA,,
20584700044005,C. E. R. EL PASO,205847000440,I. E. R. LA VENTA,5847,URRAO,Suroeste,SECRETOS PARA CONTAR ERA,https://drive.google.com/file/d/1GN488KTLLBGCGvJcRXFTCMN7nHzD_rsq/view?usp=sharing,
20584700044006,C. E. R. EL SALADO,205847000440,I. E. R. LA VENTA,5847,URRAO,Suroeste,SECRETOS PARA CONTAR ERA,https://drive.google.com/file/d/1QD_2FIZgQfRqzPcw96ng3mRB6kt27_cR/view?usp=sharing,
20584700044007,C. E. R. LA ANA,205847000440,I. E. R. LA VENTA,5847,URRAO,Suroeste,SECRETOS PARA CONTAR ERA,https://drive.google.com/file/d/1V1kt2P7jdhtcnhCNWCho9Zsh0y8LZz4U/view?usp=sharing,
20584700044008,C. E. R. LA HONDA,205847000440,I. E. R. LA VENTA,5847,URRAO,Suroeste,SECRETOS PARA CONTAR ERA,https://drive.google.com/file/d/1RAxGyBtuVZZ4YryHHP0yN3mECwTBsr1p/view?usp=sharing,
20584700044009,C. E. R. LA PRIMAVERA,205847000440,I. E. R. LA VENTA,5847,URRAO,Suroeste,SECRETOS PARA CONTAR ERA,https://drive.google.com/file/d/11DheP6SfoEd7hFtGiak19LB_tcTJM9CA/view?usp=sharing,
20584700044010,C. E. R. PIEDRAS BLANCAS,205847000440,I. E. R. LA VENTA,5847,URRAO,Suroeste,SECRETOS PARA CONTAR ERA,https://drive.google.com/file/d/1yaoMTfHMJDL00Gv4aJIkJ8qwWgmTfAvC/view?usp=sharing,
20584700044011,C. E. R. SALADITO,205847000440,I. E. R. LA VENTA,5847,URRAO,Suroeste,SECRETOS PARA CONTAR ERA,https://drive.google.com/file/d/1Cqqwfn07xaYnVVhKg-gbpBGNA4bnUDYG/view?usp=sharing,
20584700044012,C. E. R. SAN LUIS,205847000440,I. E. R. LA VENTA,5847,URRAO,Suroeste,SECRETOS PARA CONTAR ERA,,
20584700044014,C. E. R. SAN VIDAL,205847000440,I. E. R. LA VENTA,5847,URRAO,Suroeste,SECRETOS PARA CONTAR ERA,https://drive.google.com/file/d/1CPxTJ4cv1H4K8mb190wnJ-ukEmuyswJZ/view?usp=sharing,
20584700044015,C. E. R. VEINTE DE JULIO,205847000440,I. E. R. LA VENTA,5847,URRAO,Suroeste,SECRETOS PARA CONTAR ERA,https://drive.google.com/file/d/1QSQFHWDHqmdhwLVDi0zuzi7P6JmreMBK/view?usp=sharing,
20584700044019,EL LIBERTADOR,205847000440,I. E. R. LA VENTA,5847,URRAO,Suroeste,SECRETOS PARA CONTAR ERA,,
20584700044018,EL SALVADOR,205847000440,I. E. R. LA VENTA,5847,URRAO,Suroeste,SECRETOS PARA CONTAR ERA,https://drive.google.com/file/d/1vCZeyCa9R9TqNyAK8k4Ag0JYIBv_I-77/view?usp=sharing,
20584700044024,EL VOLCAN,205847000440,I. E. R. LA VENTA,5847,URRAO,Suroeste,SECRETOS PARA CONTAR ERA,https://drive.google.com/file/d/1kF6hMxAJ2oEtGOxf89bmcp-mAotv56ZM/view?usp=sharing,
20584700044001,I. E. R. LA VENTA,205847000440,I. E. R. LA VENTA,5847,URRAO,Suroeste,SECRETOS PARA CONTAR ERA,https://drive.google.com/file/d/1Cw7_zWKy36c5nQhqNb3oRBvEuuSxGrBy/view?usp=sharing,
20584700044017,JESUS DE LOS MILAGROS,205847000440,I. E. R. LA VENTA,5847,URRAO,Suroeste,SECRETOS PARA CONTAR ERA,,
20584700044022,JUAN PABLO CARTAGENA,205847000440,I. E. R. LA VENTA,5847,URRAO,Suroeste,SECRETOS PARA CONTAR ERA,,
20584700044020,LA MAGDALENA,205847000440,I. E. R. LA VENTA,5847,URRAO,Suroeste,SECRETOS PARA CONTAR ERA,https://drive.google.com/file/d/1R34SsctEsHBaRKfIKn4miFCj2Y1NeRP0/view?usp=sharing,
20584700044023,LAS MERCEDES,205847000440,I. E. R. LA VENTA,5847,URRAO,Suroeste,SECRETOS PARA CONTAR ERA,https://drive.google.com/file/d/1jppl_QE1kfZpEOCXOfN0PDvJ1JiDJCn8/view?usp=sharing,
20584700044021,MONTAÑITAS DEL SOCORRO,205847000440,I. E. R. LA VENTA,5847,URRAO,Suroeste,SECRETOS PARA CONTAR ERA,,
20584700044016,QUEBRADONA ARRIBA,205847000440,I. E. R. LA VENTA,5847,URRAO,Suroeste,SECRETOS PARA CONTAR ERA,,
20584700044025,SAN JOSE,205847000440,I. E. R. LA VENTA,5847,URRAO,Suroeste,SECRETOS PARA CONTAR ERA,https://drive.google.com/file/d/1zpAQS4riBV7HBsAtaF8bHuRw8KB8NzuT/view?usp=sharing,
20584700109802,C. E. R. AGUAS CHIQUITAS,205847001098,I. E. R. VALENTINA FIGUEROA,5847,URRAO,Suroeste,SECRETOS PARA CONTAR ERA,,
20584700109803,C. E. R. CAPITAN PINZON,205847001098,I. E. R. VALENTINA FIGUEROA,5847,URRAO,Suroeste,SECRETOS PARA CONTAR ERA,https://drive.google.com/file/d/16sm_05ObVaoc1kkrVZX4cJWm5Wk53e6X/view?usp=sharing,
20584700109804,C. E. R. EL HATO,205847001098,I. E. R. VALENTINA FIGUEROA,5847,URRAO,Suroeste,SECRETOS PARA CONTAR ERA,https://drive.google.com/file/d/1vUK6TyGYWSEzqhBPpd_O2V9AdxUbWfdW/view?usp=sharing,
20584700109805,C. E. R. LA CARTAGENA,205847001098,I. E. R. VALENTINA FIGUEROA,5847,URRAO,Suroeste,SECRETOS PARA CONTAR ERA,,
20584700109806,C. E. R. LA ESMERALDA,205847001098,I. E. R. VALENTINA FIGUEROA,5847,URRAO,Suroeste,SECRETOS PARA CONTAR ERA,https://drive.google.com/file/d/1ZEVG8N3ZXXwQVco2EnfqxDmrbdUhb4rx/view?usp=sharing,
20584700109807,C. E. R. LLANO GRANDE,205847001098,I. E. R. VALENTINA FIGUEROA,5847,URRAO,Suroeste,SECRETOS PARA CONTAR ERA,,
20584700109808,C. E. R. PENDERISCO,205847001098,I. E. R. VALENTINA FIGUEROA,5847,URRAO,Suroeste,SECRETOS PARA CONTAR ERA,https://drive.google.com/file/d/1o7-g_K9J1ISXcKzIU1wiB-Vvp_D9n5Zd/view?usp=sharing,
20584700109809,C. E. R. PENDERISCO ARRIBA,205847001098,I. E. R. VALENTINA FIGUEROA,5847,URRAO,Suroeste,SECRETOS PARA CONTAR ERA,,
20584700109810,C. E. R. SAN CARLOS,205847001098,I. E. R. VALENTINA FIGUEROA,5847,URRAO,Suroeste,SECRETOS PARA CONTAR ERA,https://drive.google.com/file/d/1qsua_CSUwWDY8Fw5MjtpUSkMHrTdK_Bb/view?usp=sharing,
20584700109811,C. E. R. SANTA ANA,205847001098,I. E. R. VALENTINA FIGUEROA,5847,URRAO,Suroeste,SECRETOS PARA CONTAR ERA,,
20584700109812,C. E. R. SANTA CATALINA,205847001098,I. E. R. VALENTINA FIGUEROA,5847,URRAO,Suroeste,SECRETOS PARA CONTAR ERA,https://drive.google.com/file/d/1rBzkD1HJJtWXvHYPVqyF9FqwnqKuSUP-/view?usp=sharing,
20584700109801,I. E. R. VALENTINA FIGUEROA,205847001098,I. E. R. VALENTINA FIGUEROA,5847,URRAO,Suroeste,SECRETOS PARA CONTAR ERA,,
20584700109814,IER VALENTINA FIGUEROA SECCION PRIMARIA,205847001098,I. E. R. VALENTINA FIGUEROA,5847,URRAO,Suroeste,SECRETOS PARA CONTAR ERA,,
20584700147119,AMBURÁ,205847001471,I.E.R. VASQUEZ,5847,URRAO,Suroeste,SECRETOS PARA CONTAR ERA,,
20584700147114,AMPARRADÓ,205847001471,I.E.R. VASQUEZ,5847,URRAO,Suroeste,SECRETOS PARA CONTAR ERA,,
20584700147115,BRAZO SECO,205847001471,I.E.R. VASQUEZ,5847,URRAO,Suroeste,SECRETOS PARA CONTAR ERA,,
20584700147113,C. E. R. CURVATA,205847001471,I.E.R. VASQUEZ,5847,URRAO,Suroeste,SECRETOS PARA CONTAR ERA,,
20584700147102,C. E. R. GUABINA,205847001471,I.E.R. VASQUEZ,5847,URRAO,Suroeste,SECRETOS PARA CONTAR ERA,,
20584700147109,C. E. R. INDIGENISTA ANDABU,205847001471,I.E.R. VASQUEZ,5847,URRAO,Suroeste,SECRETOS PARA CONTAR ERA,,
20584700147110,C. E. R. INDIGENISTA MAJORE,205847001471,I.E.R. VASQUEZ,5847,URRAO,Suroeste,SECRETOS PARA CONTAR ERA,,
20584700147111,C. E. R. INDIGENISTA PENDERISCO,205847001471,I.E.R. VASQUEZ,5847,URRAO,Suroeste,SECRETOS PARA CONTAR ERA,,
20584700147112,C. E. R. INDIGENISTA VALLE DE PERDIDAS,205847001471,I.E.R. VASQUEZ,5847,URRAO,Suroeste,SECRETOS PARA CONTAR ERA,,
20584700147103,C. E. R. MANDE,205847001471,I.E.R. VASQUEZ,5847,URRAO,Suroeste,SECRETOS PARA CONTAR ERA,,
20584700147104,C. E. R. MANDECITO,205847001471,I.E.R. VASQUEZ,5847,URRAO,Suroeste,SECRETOS PARA CONTAR ERA,,
20584700147105,C. E. R. MURRI MEDIO,205847001471,I.E.R. VASQUEZ,5847,URRAO,Suroeste,SECRETOS PARA CONTAR ERA,,
20584700147106,C. E. R. PLACER-ARGAEZ,205847001471,I.E.R. VASQUEZ,5847,URRAO,Suroeste,SECRETOS PARA CONTAR ERA,,
20584700147107,C. E. R. PUNTA DE OCAIDO,205847001471,I.E.R. VASQUEZ,5847,URRAO,Suroeste,SECRETOS PARA CONTAR ERA,,
20584700147108,C. E. R. SAN ANTONIO,205847001471,I.E.R. VASQUEZ,5847,URRAO,Suroeste,SECRETOS PARA CONTAR ERA,,
20584700147116,CAIMITO,205847001471,I.E.R. VASQUEZ,5847,URRAO,Suroeste,SECRETOS PARA CONTAR ERA,,
20584700147120,CERI AMPARRADÓ,205847001471,I.E.R. VASQUEZ,5847,URRAO,Suroeste,SECRETOS PARA CONTAR ERA,,
20584700147121,CERI ARENALES ARQUIA,205847001471,I.E.R. VASQUEZ,5847,URRAO,Suroeste,SECRETOS PARA CONTAR ERA,,
20584700147122,CERI CALICHE,205847001471,I.E.R. VASQUEZ,5847,URRAO,Suroeste,SECRETOS PARA CONTAR ERA,,
20584700147123,CERI CAÑA HONDA,205847001471,I.E.R. VASQUEZ,5847,URRAO,Suroeste,SECRETOS PARA CONTAR ERA,,
20584700147124,CERI CHICHIRIDÓ,205847001471,I.E.R. VASQUEZ,5847,URRAO,Suroeste,SECRETOS PARA CONTAR ERA,,
20584700147125,CERI CRUCES,205847001471,I.E.R. VASQUEZ,5847,URRAO,Suroeste,SECRETOS PARA CONTAR ERA,,
20584700147126,CERI GUABINA,205847001471,I.E.R. VASQUEZ,5847,URRAO,Suroeste,SECRETOS PARA CONTAR ERA,,
20584700147127,CERI MANÍ,205847001471,I.E.R. VASQUEZ,5847,URRAO,Suroeste,SECRETOS PARA CONTAR ERA,,
20584700147128,CERI OCAIDO ALTO,205847001471,I.E.R. VASQUEZ,5847,URRAO,Suroeste,SECRETOS PARA CONTAR ERA,,
20584700147132,CERI PLAYON,205847001471,I.E.R. VASQUEZ,5847,URRAO,Suroeste,SECRETOS PARA CONTAR ERA,,
20584700147129,CERI RETIRO,205847001471,I.E.R. VASQUEZ,5847,URRAO,Suroeste,SECRETOS PARA CONTAR ERA,,
20584700147133,CERI SANGRIJUELA,205847001471,I.E.R. VASQUEZ,5847,URRAO,Suroeste,SECRETOS PARA CONTAR ERA,,
20584700147130,CERI SANTA MARIA,205847001471,I.E.R. VASQUEZ,5847,URRAO,Suroeste,SECRETOS PARA CONTAR ERA,,
20584700147131,CERI VENANCIO,205847001471,I.E.R. VASQUEZ,5847,URRAO,Suroeste,SECRETOS PARA CONTAR ERA,,
20584700147101,I.E.R. VASQUEZ,205847001471,I.E.R. VASQUEZ,5847,URRAO,Suroeste,SECRETOS PARA CONTAR ERA,,
20584700147117,LAS BRISAS,205847001471,I.E.R. VASQUEZ,5847,URRAO,Suroeste,SECRETOS PARA CONTAR ERA,,
20584700147118,PACURICHICHI,205847001471,I.E.R. VASQUEZ,5847,URRAO,Suroeste,SECRETOS PARA CONTAR ERA,,
10584700024101,I. E. R. JAIPERA,105847000241,INSTITUCIÓN EDUCATIVA RURAL JAIPERA,5847,URRAO,Suroeste,SECRETOS PARA CONTAR ERA,,
10584700024102,IER JAIPERA SEDE PREESCOLAR,105847000241,INSTITUCIÓN EDUCATIVA RURAL JAIPERA,5847,URRAO,Suroeste,SECRETOS PARA CONTAR ERA,,
10585600029604,C. E. R.  HORACIO TORO OCHOA,105856000296,I. E. RAFAEL URIBE URIBE,5856,VALPARAISO,Suroeste,SECRETOS PARA CONTAR ERA,https://drive.google.com/file/d/1Dt7g1zbskcBOs7lbDfD5Hk9MJO9_aIRY/view?usp=sharing,
10585600029605,C. E. R.  JESUS MARIA ALVAREZ,105856000296,I. E. RAFAEL URIBE URIBE,5856,VALPARAISO,Suroeste,SECRETOS PARA CONTAR ERA,https://drive.google.com/file/d/1yNEhIS2qBy1SdrBvD6B2e6DVeGWY8mGd/view?usp=sharing,
10585600029611,C. E. R.  LIBARDO PARRA TORO,105856000296,I. E. RAFAEL URIBE URIBE,5856,VALPARAISO,Suroeste,SECRETOS PARA CONTAR ERA,https://drive.google.com/file/d/1uIJbSmpfN4SQKbmgEAn7Y44nEc1UUlqq/view?usp=sharing,
10585600029609,C. E. R.  SAN MIGUEL,105856000296,I. E. RAFAEL URIBE URIBE,5856,VALPARAISO,Suroeste,SECRETOS PARA CONTAR ERA,,
10585600029614,C. E. R. EL BOSQUE,105856000296,I. E. RAFAEL URIBE URIBE,5856,VALPARAISO,Suroeste,SECRETOS PARA CONTAR ERA,,
10585600029613,C. E. R. EL NARANJAL,105856000296,I. E. RAFAEL URIBE URIBE,5856,VALPARAISO,Suroeste,SECRETOS PARA CONTAR ERA,,
10585600029615,C. E. R. INDIGENISTA LA MARIA,105856000296,I. E. RAFAEL URIBE URIBE,5856,VALPARAISO,Suroeste,SECRETOS PARA CONTAR ERA,,
10585600029608,C. E. R. MALLARINO,105856000296,I. E. RAFAEL URIBE URIBE,5856,VALPARAISO,Suroeste,SECRETOS PARA CONTAR ERA,,
10585600029603,C. E. R. MANUEL ESCOBAR ARANGO,105856000296,I. E. RAFAEL URIBE URIBE,5856,VALPARAISO,Suroeste,SECRETOS PARA CONTAR ERA,https://drive.google.com/file/d/1KbNPiqQ99VcxI8kWjNNeYVO-6duI24ty/view?usp=sharing,
10585600029601,COLEGIO RAFAEL URIBE URIBE,105856000296,I. E. RAFAEL URIBE URIBE,5856,VALPARAISO,Suroeste,FRATERNIDAD MEDELLÍN CTA,,
10585600029602,E U MODELO GUILLERMO VALENCIA,105856000296,I. E. RAFAEL URIBE URIBE,5856,VALPARAISO,Suroeste,FRATERNIDAD MEDELLÍN CTA,https://drive.google.com/file/d/1x2CbVGwukjfK0wkeGR3TNGE8bMatVzPt/view?usp=sharing,
10586100019901,I. E. SAN JOSE,105861000199,I. E. SAN JOSE DE VENECIA,5861,VENECIA,Suroeste,FRATERNIDAD MEDELLÍN CTA,,
10586100019902,I.E. SAN JOSE DE VENECIA - SEDE II ,105861000199,I. E. SAN JOSE DE VENECIA,5861,VENECIA,Suroeste,FRATERNIDAD MEDELLÍN CTA,https://drive.google.com/file/d/10ylipjP3x8KL_Pct_p-cYQvWFjo_6VeQ/view?usp=sharing,
20586100039809,C. E. R. CAROLINA VASQUEZ,205861000398,I. E. URIBE GAVIRIA,5861,VENECIA,Suroeste,SECRETOS PARA CONTAR ERA,,
20586100039805,C. E. R. EL CERRO,205861000398,I. E. URIBE GAVIRIA,5861,VENECIA,Suroeste,SECRETOS PARA CONTAR ERA,,
20586100039815,C. E. R. EL NARCISO,205861000398,I. E. URIBE GAVIRIA,5861,VENECIA,Suroeste,SECRETOS PARA CONTAR ERA,,
20586100039804,C. E. R. EL RINCON,205861000398,I. E. URIBE GAVIRIA,5861,VENECIA,Suroeste,SECRETOS PARA CONTAR ERA,,
20586100039810,C. E. R. EL VERGEL,205861000398,I. E. URIBE GAVIRIA,5861,VENECIA,Suroeste,SECRETOS PARA CONTAR ERA,,
20586100039813,C. E. R. JULIA VELASQUEZ,205861000398,I. E. URIBE GAVIRIA,5861,VENECIA,Suroeste,SECRETOS PARA CONTAR ERA,,
20586100039807,C. E. R. LA AMALIA,205861000398,I. E. URIBE GAVIRIA,5861,VENECIA,Suroeste,SECRETOS PARA CONTAR ERA,,
20586100039811,C. E. R. LA ARABIA,205861000398,I. E. URIBE GAVIRIA,5861,VENECIA,Suroeste,SECRETOS PARA CONTAR ERA,,
20586100039806,C. E. R. LA RITA,205861000398,I. E. URIBE GAVIRIA,5861,VENECIA,Suroeste,SECRETOS PARA CONTAR ERA,,
20586100039808,C. E. R. NUEVA SANTA ROSITA,205861000398,I. E. URIBE GAVIRIA,5861,VENECIA,Suroeste,SECRETOS PARA CONTAR ERA,,
20586100039803,C. E. R. PALMICHAL,205861000398,I. E. URIBE GAVIRIA,5861,VENECIA,Suroeste,SECRETOS PARA CONTAR ERA,,
20586100039812,C. E. R. PIEDRAS BLANCAS,205861000398,I. E. URIBE GAVIRIA,5861,VENECIA,Suroeste,SECRETOS PARA CONTAR ERA,,
20586100039814,C. E. R. RAMON CORREA JARAMILLO,205861000398,I. E. URIBE GAVIRIA,5861,VENECIA,Suroeste,SECRETOS PARA CONTAR ERA,,
20586100039816,C. E. R. VILLA SILVIA,205861000398,I. E. URIBE GAVIRIA,5861,VENECIA,Suroeste,SECRETOS PARA CONTAR ERA,,
20586100039802,CENTRO EDUCATIVO RURAL JESUS MARIA CHAVERRA,205861000398,I. E. URIBE GAVIRIA,5861,VENECIA,Suroeste,SECRETOS PARA CONTAR ERA,,
20586100039801,INSTITUCION EDUCATIVA  DE DESARROLLO RURAL URIBE GAVIRIA,205861000398,I. E. URIBE GAVIRIA,5861,VENECIA,Suroeste,SECRETOS PARA CONTAR ERA,,
20586100003701,I. E. ORLANDO VELASQUEZ ARANGO,205861000037,INSTITUCION EDUCATIVA ORLANDO VELASQUEZ ARANGO,5861,VENECIA,Suroeste,FRATERNIDAD MEDELLÍN CTA,,
20586100003702,IE ORLANDO VELASQUEZ ARANGO - SEDE II,205861000037,INSTITUCION EDUCATIVA ORLANDO VELASQUEZ ARANGO,5861,VENECIA,Suroeste,FRATERNIDAD MEDELLÍN CTA,https://drive.google.com/file/d/1EKqFyiPX0RvK8EUZi2vN5BnxwMfqCi9f/view?usp=sharing,
20505100009002,C. E. R. FRANCISCO JOSE DE CALDAS,205051000090,C. E. R. SAN JUDAS TADEO,5051,ARBOLETES,Urabá,ROTOR,,
20505100009005,C. E. R. LA ARENOSA,205051000090,C. E. R. SAN JUDAS TADEO,5051,ARBOLETES,Urabá,ROTOR,,
20505100009003,C. E. R. LA ROSITA,205051000090,C. E. R. SAN JUDAS TADEO,5051,ARBOLETES,Urabá,ROTOR,,
20505100009004,C. E. R. LA VEJEZ,205051000090,C. E. R. SAN JUDAS TADEO,5051,ARBOLETES,Urabá,ROTOR,,
20505100009001,C. E. R. SAN JUDAS TADEO,205051000090,C. E. R. SAN JUDAS TADEO,5051,ARBOLETES,Urabá,ROTOR,https://drive.google.com/file/d/1C67OxIDLXEKlV3w2bQhJXSi3hlSGAkvf/view?usp=sharing,
10505100050801,COLEGIO JOSE MANUEL RESTREPO,105051000508,I. E. JOSE MANUEL RESTREPO,5051,ARBOLETES,Urabá,ROTOR,,
10505100050802,SAN ISIDRO,105051000508,I. E. JOSE MANUEL RESTREPO,5051,ARBOLETES,Urabá,ROTOR,,
20505100133904,C. E. R. AGUAS VIVAS,205051001339,I. E. R. EL CARMELO,5051,ARBOLETES,Urabá,ROTOR,,
20505100133908,C. E. R. LA MESA,205051001339,I. E. R. EL CARMELO,5051,ARBOLETES,Urabá,ROTOR,,
20505100133907,C. E. R. MARCELLA,205051001339,I. E. R. EL CARMELO,5051,ARBOLETES,Urabá,ROTOR,https://drive.google.com/file/d/122k_vQKBUEALxQZWt7EhElmJBnhMvB35/view?usp=sharing,
20505100133905,C. E. R. PUEBLO CHINO,205051001339,I. E. R. EL CARMELO,5051,ARBOLETES,Urabá,ROTOR,https://drive.google.com/file/d/1Waiq79d07NMjwttpAwAh2y5tYLAxLQBt/view?usp=sharing,
20505100133903,C. E. R. SAN JOSE,205051001339,I. E. R. EL CARMELO,5051,ARBOLETES,Urabá,ROTOR,https://drive.google.com/file/d/1FLnlFXrZcFPijhfVg6KULV6CiMGxTWdA/view?usp=sharing,
20505100133906,C. E. R. SAN LUIS GONZAGA,205051001339,I. E. R. EL CARMELO,5051,ARBOLETES,Urabá,ROTOR,https://drive.google.com/file/d/1LKSRKLMW6IIOoonaM3U5bKsu97mgGEv5/view?usp=sharing,
20505100133901,COLEGIO EL CARMELO,205051001339,I. E. R. EL CARMELO,5051,ARBOLETES,Urabá,ROTOR,https://drive.google.com/file/d/1_jw2CqbID2CJfo_TPUAYbFJnj8FDwdz6/view?usp=sharing,
20505100133902,E R SANTA LUCIA DE GARRAPATA,205051001339,I. E. R. EL CARMELO,5051,ARBOLETES,Urabá,ROTOR,,
20505100270010,C. E. R. DIOS ES AMOR,205051002700,I. E. R. GUADUAL ARRIBA,5051,ARBOLETES,Urabá,ROTOR,https://drive.google.com/file/d/1iZJKISke9F-hhLIjfdN8LBG421LhSXtJ/view?usp=sharing,
20505100270007,C. E. R. EL PORVENIR,205051002700,I. E. R. GUADUAL ARRIBA,5051,ARBOLETES,Urabá,ROTOR,https://drive.google.com/file/d/1DLb2eXOcJ3hFRjpCnZF2FEEXmP1-jc2J/view?usp=sharing,
20505100270003,C. E. R. EL VIEJO,205051002700,I. E. R. GUADUAL ARRIBA,5051,ARBOLETES,Urabá,ROTOR,https://drive.google.com/file/d/11PVAcxeKND8F9bGnK41h5P2gL8mXifmC/view?usp=sharing,
20505100270006,C. E. R. ESPERANZA,205051002700,I. E. R. GUADUAL ARRIBA,5051,ARBOLETES,Urabá,ROTOR,,
20505100270012,C. E. R. LINDO HOGAR,205051002700,I. E. R. GUADUAL ARRIBA,5051,ARBOLETES,Urabá,ROTOR,https://drive.google.com/file/d/1sC_At8P4XRZTWMf7WhKo8FKfQLZ-YPuf/view?usp=sharing,
20505100270005,C. E. R. MARIA AUXILIADORA,205051002700,I. E. R. GUADUAL ARRIBA,5051,ARBOLETES,Urabá,ROTOR,,
20505100270004,C. E. R. MESOPOTAMIA,205051002700,I. E. R. GUADUAL ARRIBA,5051,ARBOLETES,Urabá,ROTOR,https://drive.google.com/file/d/1P-9y3QGW7KU3YY0vofBE_HfRH75MVyIV/view?usp=sharing,
20505100270009,C. E. R. NUEVA ESTRELLA,205051002700,I. E. R. GUADUAL ARRIBA,5051,ARBOLETES,Urabá,ROTOR,,
20505100270002,C. E. R. SAGRADA ENSEÑANZA,205051002700,I. E. R. GUADUAL ARRIBA,5051,ARBOLETES,Urabá,ROTOR,https://drive.google.com/file/d/1mnmbGQkzmDrXX1ZTBrusZnTkfPyc4es-/view?usp=sharing,
20505100270008,C. E. R. SAN PEDRO CLAVER-PABLO VI,205051002700,I. E. R. GUADUAL ARRIBA,5051,ARBOLETES,Urabá,ROTOR,,
20505100270001,I. E. R. GUADUAL ARRIBA,205051002700,I. E. R. GUADUAL ARRIBA,5051,ARBOLETES,Urabá,ROTOR,https://drive.google.com/file/d/1eDzkKIctWsjc250OGWw9EVpxLZl2hBIf/view?usp=sharing,
20505100270013,NUEVO HORIZONTE,205051002700,I. E. R. GUADUAL ARRIBA,5051,ARBOLETES,Urabá,ROTOR,,
20505100270014,VILLA CONCHITA,205051002700,I. E. R. GUADUAL ARRIBA,5051,ARBOLETES,Urabá,ROTOR,https://drive.google.com/file/d/1ql6HIii0SUzo-pgd2h-BMeL01-2iuO7I/view?usp=sharing,
40505100799902,C. E. R. INDIGENA LA CEIBA,405051007999,I. E. R. INDIGENA EL CANIME,5051,ARBOLETES,Urabá,ROTOR,,
40505100799903,C. E. R. INDIGENISTA NUEVO CANIME,405051007999,I. E. R. INDIGENA EL CANIME,5051,ARBOLETES,Urabá,ROTOR,,
40505100799904,C.E.R INDIGENA ALTO DE LA ARENOSA,405051007999,I. E. R. INDIGENA EL CANIME,5051,ARBOLETES,Urabá,ROTOR,,
40505100799901,I. E. R. INDIGENA EL CANIME,405051007999,I. E. R. INDIGENA EL CANIME,5051,ARBOLETES,Urabá,ROTOR,,
20505100008110,C. E. R. BAJO GRANDE,205051000081,I. E. R. PAJILLAL,5051,ARBOLETES,Urabá,ROTOR,https://drive.google.com/file/d/1wHze4XiuNXTbRn8LY-oDZMX_rAE9P5Vn/view?usp=sharing,
20505100008112,C. E. R. CERRO LAS LAJAS,205051000081,I. E. R. PAJILLAL,5051,ARBOLETES,Urabá,ROTOR,https://drive.google.com/file/d/1J4xrVPAypYOmEhoez6MO1yxahir73M9G/view?usp=sharing,
20505100008102,C. E. R. COCO DEL MEDIO,205051000081,I. E. R. PAJILLAL,5051,ARBOLETES,Urabá,ROTOR,,
20505100008109,C. E. R. EL GUAIMARO,205051000081,I. E. R. PAJILLAL,5051,ARBOLETES,Urabá,ROTOR,https://drive.google.com/file/d/1MNuOHmcao9D1Ppij_Xl1QJGuMjTR-jUr/view?usp=sharing,
20505100008104,C. E. R. EL SOCORRO,205051000081,I. E. R. PAJILLAL,5051,ARBOLETES,Urabá,ROTOR,,
20505100008111,C. E. R. LA BARRANCUDA,205051000081,I. E. R. PAJILLAL,5051,ARBOLETES,Urabá,ROTOR,,
20505100008103,C. E. R. LAS PAVITAS,205051000081,I. E. R. PAJILLAL,5051,ARBOLETES,Urabá,ROTOR,,
20505100008107,C. E. R. LAS PIEDRECITAS,205051000081,I. E. R. PAJILLAL,5051,ARBOLETES,Urabá,ROTOR,https://drive.google.com/file/d/11ANfOJJBb3RglVp-yjseU5TJqIsSI0_z/view?usp=sharing,
20505100008101,I. E. R. PAJILLAL,205051000081,I. E. R. PAJILLAL,5051,ARBOLETES,Urabá,ROTOR,,
10505100002803,E U CAMPO MAR,105051000028,INSTITUCION EDUCATIVA MIGUEL VICENTE GARRIDO ORTIZ,5051,ARBOLETES,Urabá,ROTOR,,
10505100002802,E U SANTA MARIA GORETTI,105051000028,INSTITUCION EDUCATIVA MIGUEL VICENTE GARRIDO ORTIZ,5051,ARBOLETES,Urabá,ROTOR,,
10505100002801,I. E. MIGUEL VICENTE GARRIDO ORTIZ,105051000028,INSTITUCION EDUCATIVA MIGUEL VICENTE GARRIDO ORTIZ,5051,ARBOLETES,Urabá,ROTOR,,
20505100134703,C. E. R. LAS PARCELAS,205051001347,INSTITUCION EDUCATIVA RURAL BUENOS AIRES,5051,ARBOLETES,Urabá,ROTOR,,
20505100134705,C. E. R. MARCO FIDEL SUAREZ,205051001347,INSTITUCION EDUCATIVA RURAL BUENOS AIRES,5051,ARBOLETES,Urabá,ROTOR,https://drive.google.com/file/d/1fLwkFGUnupzYPFhFw6YnwVCMtWtLIUUD/view?usp=sharing,
20505100134706,C. E. R. MONTESSORI,205051001347,INSTITUCION EDUCATIVA RURAL BUENOS AIRES,5051,ARBOLETES,Urabá,ROTOR,https://drive.google.com/file/d/1fSdpd0_rANTAv5qLeR0GWmtcXC5Gp6Fp/view?usp=sharing,
20505100134704,C. E. R. PELAYITO,205051001347,INSTITUCION EDUCATIVA RURAL BUENOS AIRES,5051,ARBOLETES,Urabá,ROTOR,https://drive.google.com/file/d/1y1B6d84oYL6teyUUthtEvfdGmX2hsg0Z/view?usp=sharing,
20505100134702,C. E. R. PLAN PAREJO,205051001347,INSTITUCION EDUCATIVA RURAL BUENOS AIRES,5051,ARBOLETES,Urabá,ROTOR,https://drive.google.com/file/d/1UxbhwbUyvupoFEUdOnTVE7XpTYNK_NCU/view?usp=sharing,
20505100134701,I. E. R. BUENOS AIRES,205051001347,INSTITUCION EDUCATIVA RURAL BUENOS AIRES,5051,ARBOLETES,Urabá,ROTOR,,
20505100195906,C. E. R. EL YESO,205051001959,INSTITUCION EDUCATIVA RURAL LA CANDELARIA,5051,ARBOLETES,Urabá,ROTOR,,
20505100195907,C. E. R. HOLANDA,205051001959,INSTITUCION EDUCATIVA RURAL LA CANDELARIA,5051,ARBOLETES,Urabá,ROTOR,,
20505100195908,C. E. R. LAS MARGARITAS,205051001959,INSTITUCION EDUCATIVA RURAL LA CANDELARIA,5051,ARBOLETES,Urabá,ROTOR,,
20505100195901,COLEGIO LA CANDELARIA,205051001959,INSTITUCION EDUCATIVA RURAL LA CANDELARIA,5051,ARBOLETES,Urabá,ROTOR,https://drive.google.com/file/d/1ANR_1eNZimJJYQfKebTiGEznpvewRNgJ/view?usp=sharing,
20505100195903,E R ANTONIO NARIÑO,205051001959,INSTITUCION EDUCATIVA RURAL LA CANDELARIA,5051,ARBOLETES,Urabá,ROTOR,,
20505100195905,E R I KILOMETRO 23,205051001959,INSTITUCION EDUCATIVA RURAL LA CANDELARIA,5051,ARBOLETES,Urabá,ROTOR,https://drive.google.com/file/d/19QXLYhR3JnGLe-VR6Pplf6dSCe5iBMFT/view?usp=sharing,
20505100195904,E R LOS ANGELES,205051001959,INSTITUCION EDUCATIVA RURAL LA CANDELARIA,5051,ARBOLETES,Urabá,ROTOR,,
20505100195902,E R SANTA ROSA LA ATOYOSA,205051001959,INSTITUCION EDUCATIVA RURAL LA CANDELARIA,5051,ARBOLETES,Urabá,ROTOR,,
20505100223804,C. E. R. EL CAUCHO,205051002238,INSTITUCION EDUCATIVA RURAL LA TRINIDAD,5051,ARBOLETES,Urabá,ROTOR,,
20505100223807,C. E. R. LAS PALMAS,205051002238,INSTITUCION EDUCATIVA RURAL LA TRINIDAD,5051,ARBOLETES,Urabá,ROTOR,,
20505100223805,C. E. R. SAN CARLOS,205051002238,INSTITUCION EDUCATIVA RURAL LA TRINIDAD,5051,ARBOLETES,Urabá,ROTOR,,
20505100223806,C. E. R. SAN JUANCITO VIJAO,205051002238,INSTITUCION EDUCATIVA RURAL LA TRINIDAD,5051,ARBOLETES,Urabá,ROTOR,,
20505100223801,COLEGIO LA TRINIDAD,205051002238,INSTITUCION EDUCATIVA RURAL LA TRINIDAD,5051,ARBOLETES,Urabá,ROTOR,,
20505100223803,E R I EL CEDRO,205051002238,INSTITUCION EDUCATIVA RURAL LA TRINIDAD,5051,ARBOLETES,Urabá,ROTOR,https://drive.google.com/file/d/1weBSAB9i-Y_JXuG0T-a7nkuvCnmTi5vB/view?usp=sharing,
20505100223802,E R LOS CAJONES,205051002238,INSTITUCION EDUCATIVA RURAL LA TRINIDAD,5051,ARBOLETES,Urabá,ROTOR,https://drive.google.com/file/d/1BmNrjqCGeGYx_7JUhZEC9FdIO6qGpOo4/view?usp=sharing,
20505100223808,INSTITUCION EDUCATIVA RURAL LA TRINIDAD SEDE II,205051002238,INSTITUCION EDUCATIVA RURAL LA TRINIDAD,5051,ARBOLETES,Urabá,ROTOR,,
20505100269604,C. E. R. EL VOLCAN,205051002696,INSTITUCION EDUCATIVA RURAL SANTA FE DE LAS PLATAS,5051,ARBOLETES,Urabá,ROTOR,,
20505100269601,COLEGIO SANTA FE DE LAS PLATAS,205051002696,INSTITUCION EDUCATIVA RURAL SANTA FE DE LAS PLATAS,5051,ARBOLETES,Urabá,ROTOR,https://drive.google.com/file/d/1xhrgpRrQ-vNvu3yv48pSvEQXw1hNESy9/view?usp=sharing,
20505100269603,E R I BONGUITO CARRETERA,205051002696,INSTITUCION EDUCATIVA RURAL SANTA FE DE LAS PLATAS,5051,ARBOLETES,Urabá,ROTOR,,
20505100269602,E R SANTA TERESITA,205051002696,INSTITUCION EDUCATIVA RURAL SANTA FE DE LAS PLATAS,5051,ARBOLETES,Urabá,ROTOR,,
20505100269605,SANTA ISABEL,205051002696,INSTITUCION EDUCATIVA RURAL SANTA FE DE LAS PLATAS,5051,ARBOLETES,Urabá,ROTOR,https://drive.google.com/file/d/10CM0gvtuc5b8YaIyuEPAYzoHhF38dQWW/view?usp=sharing,
10514700073801,C. E. R. 25 DE AGOSTO,105147000738,C. E. R. 25 DE AGOSTO,5147,CAREPA,Urabá,ROTOR,https://drive.google.com/file/d/139-1eavWmBCmGceV4PAOGqLeUJUxf2-Z/view?usp=sharing,
10514700073802,C. E. R. LA YAYA,105147000738,C. E. R. 25 DE AGOSTO,5147,CAREPA,Urabá,ROTOR,https://drive.google.com/file/d/10vuPvQZEIoAscKewwBDaMVq-eiUtWUmA/view?usp=sharing,
10514700073803,E R IPANCAY,105147000738,C. E. R. 25 DE AGOSTO,5147,CAREPA,Urabá,ROTOR,https://drive.google.com/file/d/1OywFioMPMnkMDOgYObd1Tsky5iJvWs39/view?usp=sharing,
20514700059701,C. E. R. UNION QUINCE,205147000597,CENTRO EDUCATIVA RURAL UNION QUINCE,5147,CAREPA,Urabá,ROTOR,,
20514700005801,C. E. R. VIJAGUAL,205147000058,CENTRO EDUCATIVO RURAL VIJAGUAL,5147,CAREPA,Urabá,ROTOR,https://drive.google.com/file/d/1i5bBA43mNpxz2MAQ9rIGZyniycZqq3HI/view?usp=sharing,
10514700004501,I. E. LUIS CARLOS GALAN SARMIENTO,105147000045,I. E. LUIS CARLOS GALAN SARMIENTO,5147,CAREPA,Urabá,ROTOR,https://drive.google.com/file/d/1y-f3irR6vEpShZHUk-z_sy7oWFt2TvpS/view?usp=sharing,
10514700004504,I. E. LUIS CARLOS GALAN SARMIENTO SEDE II,105147000045,I. E. LUIS CARLOS GALAN SARMIENTO,5147,CAREPA,Urabá,ROTOR,https://drive.google.com/file/d/100-xR5OoJvTUnZLJMsDVTzFQWxGlVNKp/view?usp=sharing,
10514700004503,ROBLE,105147000045,I. E. LUIS CARLOS GALAN SARMIENTO,5147,CAREPA,Urabá,ROTOR,,
10514700040101,COLEGIO COLOMBIA,105147000401,INSTITUCION EDUCATIVA COLOMBIA,5147,CAREPA,Urabá,ROTOR,,
10514700040102,E U I BARRIO OBRERO,105147000401,INSTITUCION EDUCATIVA COLOMBIA,5147,CAREPA,Urabá,ROTOR,,
10514700056801,I. E. JOSE MARIA MUÑOZ FLOREZ,105147000568,INSTITUCION EDUCATIVA JOSE MARIA MUÑOZ FLOREZ,5147,CAREPA,Urabá,ROTOR,,
10514700056803,OCAMA,105147000568,INSTITUCION EDUCATIVA JOSE MARIA MUÑOZ FLOREZ,5147,CAREPA,Urabá,ROTOR,,
10514700056803,OCAMA,105147000568,INSTITUCION EDUCATIVA JOSE MARIA MUÑOZ FLOREZ,5147,CAREPA,Urabá,ROTOR,https://drive.google.com/file/d/1enWCttJf8Dy7qZWG5XIy6qHHzPYZ6e0d/view?usp=sharing,
10514700056802,SAN MARINO,105147000568,INSTITUCION EDUCATIVA JOSE MARIA MUÑOZ FLOREZ,5147,CAREPA,Urabá,ROTOR,,
20514700011201,I. E. R. VILLA NELLY,205147000112,INSTITUCION EDUCATIVA RURAL VILLA NELLY,5147,CAREPA,Urabá,ROTOR,https://drive.google.com/file/d/1rulYz1Oi_hmmzFnFFIYrQHVXnbz5RJU5/view?usp=sharing,
20504500036305,CAREPITA,205045000363,INSTITUCION EDUCATIVA RURAL ZUNGO EMBARCADERO,5147,CAREPA,Urabá,ROTOR,https://drive.google.com/file/d/1QDVOIJfP6W7sgyrURmPcotGHf0or0-yC/view?usp=sharing,
20504500036306,CAREPITA PARTE ALTA,205045000363,INSTITUCION EDUCATIVA RURAL ZUNGO EMBARCADERO,5147,CAREPA,Urabá,ROTOR,,
20504500036301,COLEGIO ZUNGO EMBARCADERO,205045000363,INSTITUCION EDUCATIVA RURAL ZUNGO EMBARCADERO,5147,CAREPA,Urabá,ROTOR,https://drive.google.com/file/d/10QPEFwBuRaJuCBmawxmtn8biyocrzRUg/view?usp=sharing,
20504500036303,NUEVA ESPERANZA,205045000363,INSTITUCION EDUCATIVA RURAL ZUNGO EMBARCADERO,5147,CAREPA,Urabá,ROTOR,https://drive.google.com/file/d/1IE55IyoIEYk_oTGxd5cO6CCR-ezXkNXw/view?usp=sharing,
20517200020801,C. E. R. EL BIJAO,205172000208,C. E. R. EL BIJAO,5172,CHIGORODO,Urabá,ROTOR,,
20517200020803,C. E. R. EL VENADO,205172000208,C. E. R. EL BIJAO,5172,CHIGORODO,Urabá,ROTOR,https://drive.google.com/file/d/13kE0AERGzqMt9ggjhSARXfx8ZpRXzyFK/view?usp=sharing,
20517200020805,C. E. R. MANUEL GOMEZ,205172000208,C. E. R. EL BIJAO,5172,CHIGORODO,Urabá,ROTOR,https://drive.google.com/file/d/1r7LbQiiA63xdKrg_BlQ1g-V5KOeg7l69/view?usp=sharing,
20517200020807,C. E. R. RIPEA,205172000208,C. E. R. EL BIJAO,5172,CHIGORODO,Urabá,ROTOR,https://drive.google.com/file/d/1HlGvtryq5h4QTxRujezWTqMrira_cZyJ/view?usp=sharing,
20517200020808,C.E.R. VERACRUZ DOS,205172000208,C. E. R. EL BIJAO,5172,CHIGORODO,Urabá,ROTOR,,
20517200006204,E U I BRISAS DEL RIO ,205172000062,I. E. AGRICOLA DE URABA,5172,CHIGORODO,Urabá,ROTOR,,
20517200006202,E U I NUESTRO ESFUERZO,205172000062,I. E. AGRICOLA DE URABA,5172,CHIGORODO,Urabá,ROTOR,,
20517200006203,E U I SIMON BOLIVAR ,205172000062,I. E. AGRICOLA DE URABA,5172,CHIGORODO,Urabá,ROTOR,,
20517200006201,INSTITUTO AGRICOLA URABA-CHIGORODO,205172000062,I. E. AGRICOLA DE URABA,5172,CHIGORODO,Urabá,ROTOR,,
10517200057201,I. E. CHIGORODO,105172000572,I. E. CHIGORODO,5172,CHIGORODO,Urabá,ROTOR,,
10517200062901,COLEGIO JUAN EVANGELISTA BERRIO,105172000629,I. E. JUAN EVANGELISTA BERRIO,5172,CHIGORODO,Urabá,ROTOR,,
10517200062905,E U I BRISAS DE LA CASTELLANA ,105172000629,I. E. JUAN EVANGELISTA BERRIO,5172,CHIGORODO,Urabá,ROTOR,,
10517200062903,E U I SAGRADO CORAZON DE JESUS ,105172000629,I. E. JUAN EVANGELISTA BERRIO,5172,CHIGORODO,Urabá,ROTOR,,
20517200010102,C. E. R. EL DOS,205172000101,I. E. R. BARRANQUILLITA,5172,CHIGORODO,Urabá,ROTOR,,
20517200010101,I. E. R. BARRANQUILLITA,205172000101,I. E. R. BARRANQUILLITA,5172,CHIGORODO,Urabá,ROTOR,https://drive.google.com/file/d/1DDZN2w9a-3TNK6pqZq7ftcXbJEVnnFsY/view?usp=sharing,
10517200023801,I.E. GONZALO MEJIA,105172000238,I.E. GONZALO MEJIA,5172,CHIGORODO,Urabá,ROTOR,https://drive.google.com/file/d/1eph-b6bTaLn0gyffRQEkbQ2fLJfNAzlD/view?usp=sharing,
10517200007601,COLEGIO LOS ANDES,105172000076,INSTITUCION EDUCATIVA LOS ANDES,5172,CHIGORODO,Urabá,ROTOR,,
10517200007602,EL CAMPING,105172000076,INSTITUCION EDUCATIVA LOS ANDES,5172,CHIGORODO,Urabá,ROTOR,,
10517200007602,EL CAMPING,105172000076,INSTITUCION EDUCATIVA LOS ANDES,5172,CHIGORODO,Urabá,ROTOR,https://drive.google.com/file/d/1KWpHYPyZMY2p31pM6Ts6b-MnMafXWgl_/view?usp=sharing,
10517200007603,LACIDES CASAS MENA,105172000076,INSTITUCION EDUCATIVA LOS ANDES,5172,CHIGORODO,Urabá,ROTOR,,
10517200022001,I. E. MARIA AUXILIADORA,105172000220,INSTITUCION EDUCATIVA MARIA AUXILIADORA,5172,CHIGORODO,Urabá,ROTOR,,
10517200022002,MARIA AUXILIADORA-KENEDY,105172000220,INSTITUCION EDUCATIVA MARIA AUXILIADORA,5172,CHIGORODO,Urabá,ROTOR,https://drive.google.com/file/d/17wQJx46DmzuPDyPCD6ws5lXoTCHmua7M/view?usp=sharing,
10517200146302,DIEZ DE ENERO,105172001463,INSTITUCIÓN EDUCATIVA MUNICIPAL JOSE DE LOS SANTOS ZUÑIGA,5172,CHIGORODO,Urabá,ROTOR,https://drive.google.com/file/d/1rSBsRPNguYWa1kDpiT6KkSkIc6z0Fx6v/view?usp=sharing,
10517200146301,I.E. MUNICIPAL JOSE DE LOS SANTOS ZUÑIGA,105172001463,INSTITUCIÓN EDUCATIVA MUNICIPAL JOSE DE LOS SANTOS ZUÑIGA,5172,CHIGORODO,Urabá,ROTOR,,
20514700030905,C. E. R. INDIGENISTA CHIGORODOCITO,205147000309,INSTITUCIÓN EDUCATIVA RURAL INDIGENISTA POLINES,5172,CHIGORODO,Urabá,ROTOR,,
20514700030902,C. E. R. INDIGENISTA DOJURA,205147000309,INSTITUCIÓN EDUCATIVA RURAL INDIGENISTA POLINES,5172,CHIGORODO,Urabá,ROTOR,,
20514700030904,C. E. R. INDIGENISTA GUAPA ALTO,205147000309,INSTITUCIÓN EDUCATIVA RURAL INDIGENISTA POLINES,5172,CHIGORODO,Urabá,ROTOR,,
20514700030903,C. E. R. INDIGENISTA JURADO SAUDO,205147000309,INSTITUCIÓN EDUCATIVA RURAL INDIGENISTA POLINES,5172,CHIGORODO,Urabá,ROTOR,,
20514700030901,I. E. R. INDIGENISTA POLINES,205147000309,INSTITUCIÓN EDUCATIVA RURAL INDIGENISTA POLINES,5172,CHIGORODO,Urabá,ROTOR,,
20547500033209,BACHIDUBY,205475000332,C. E. R. INDIGENISTA CHAGERADO,5475,MURINDO,Urabá,ROTOR,,
20547500033201,C. E. R. INDIGENISTA CHAGERADO,205475000332,C. E. R. INDIGENISTA CHAGERADO,5475,MURINDO,Urabá,ROTOR,,
20547500033210,CENTRO EDUCATIVO RURAL INDIGENISTA TURRIQUITADÓ BAJO,205475000332,C. E. R. INDIGENISTA CHAGERADO,5475,MURINDO,Urabá,ROTOR,,
20547500033207,CHIBUGADO,205475000332,C. E. R. INDIGENISTA CHAGERADO,5475,MURINDO,Urabá,ROTOR,,
20547500033204,COREDO,205475000332,C. E. R. INDIGENISTA CHAGERADO,5475,MURINDO,Urabá,ROTOR,,
20547500033208,GUAGUA,205475000332,C. E. R. INDIGENISTA CHAGERADO,5475,MURINDO,Urabá,ROTOR,,
20547500033202,INDIGENA TURRIQUITADO ALTO,205475000332,C. E. R. INDIGENISTA CHAGERADO,5475,MURINDO,Urabá,ROTOR,,
20547500033205,INDIGENISTA ISLA,205475000332,C. E. R. INDIGENISTA CHAGERADO,5475,MURINDO,Urabá,ROTOR,,
20547500033203,INDIGENISTA TURRIQUITADO - LLANO,205475000332,C. E. R. INDIGENISTA CHAGERADO,5475,MURINDO,Urabá,ROTOR,,
20547500033206,ÑARANGUE,205475000332,C. E. R. INDIGENISTA CHAGERADO,5475,MURINDO,Urabá,ROTOR,,
10547500012507,C. E. R. BARTOLO,105475000125,I. E. MURINDO,5475,MURINDO,Urabá,ROTOR,,
10547500012505,C. E. R. BEBARAMEÑO,105475000125,I. E. MURINDO,5475,MURINDO,Urabá,ROTOR,,
10547500012506,C. E. R. CAMPO ALEGRE,105475000125,I. E. MURINDO,5475,MURINDO,Urabá,ROTOR,,
10547500012512,C. E. R. EL CANAL,105475000125,I. E. MURINDO,5475,MURINDO,Urabá,ROTOR,,
10547500012504,C. E. R. OPOGADO,105475000125,I. E. MURINDO,5475,MURINDO,Urabá,ROTOR,https://drive.google.com/file/d/1IJDbOHaTaOGTPNYQrpaiNc1pP3TzXphh/view?usp=sharing,
10547500012508,C. E. R. SANTA FE DE MURINDO,105475000125,I. E. MURINDO,5475,MURINDO,Urabá,ROTOR,https://drive.google.com/file/d/1XWyeEc-NQbAjC7AnsVfZHC1ab8gb5Bie/view?usp=sharing,
10547500012503,C. E. R. TURRIQUITADO,105475000125,I. E. MURINDO,5475,MURINDO,Urabá,ROTOR,,
10547500012514,C.E.R MURINDO VIEJO,105475000125,I. E. MURINDO,5475,MURINDO,Urabá,ROTOR,https://drive.google.com/file/d/11dETk8EN8JB0LYhpC6XcM0rsoqWBWcd9/view?usp=sharing,
10547500012515,C.E.R PRIMAVERA,105475000125,I. E. MURINDO,5475,MURINDO,Urabá,ROTOR,,
10547500012513,CENTRO EDUCATIVO RURAL GUAMAL,105475000125,I. E. MURINDO,5475,MURINDO,Urabá,ROTOR,,
10547500012501,LICEO MURINDO,105475000125,I. E. MURINDO,5475,MURINDO,Urabá,ROTOR,https://drive.google.com/file/d/1TSQ5kZSt8umoPYuQAz4AehDUuzMFW2yx/view?usp=sharing,
20548000115108,C. E. R.  INDIGENA DE MUTATACITO,205480001151,C. E. R. INDIGENA JAIQUERAZABI,5480,MUTATA,Urabá,ROTOR,,
20548000115107,C. E. R. I. EL PORROSO,205480001151,C. E. R. INDIGENA JAIQUERAZABI,5480,MUTATA,Urabá,ROTOR,,
20548000115102,C. E. R. INDIG. DEL CACAO,205480001151,C. E. R. INDIGENA JAIQUERAZABI,5480,MUTATA,Urabá,ROTOR,,
20548000115103,C. E. R. INDIGENA BEDO EL ENCANTO,205480001151,C. E. R. INDIGENA JAIQUERAZABI,5480,MUTATA,Urabá,ROTOR,,
20548000115101,C. E. R. INDIGENA JAIQUERAZABI,205480001151,C. E. R. INDIGENA JAIQUERAZABI,5480,MUTATA,Urabá,ROTOR,,
20548000115104,C. E. R. INDIGENISTA CAÑADUZALES,205480001151,C. E. R. INDIGENA JAIQUERAZABI,5480,MUTATA,Urabá,ROTOR,,
20548000115105,C. E. R. INDIGENISTA EL SILENCIO,205480001151,C. E. R. INDIGENA JAIQUERAZABI,5480,MUTATA,Urabá,ROTOR,,
20548000115106,C. E. R. INDIGENISTA SURRAMBAY SABALETA,205480001151,C. E. R. INDIGENA JAIQUERAZABI,5480,MUTATA,Urabá,ROTOR,,
20548000115109,C.E.R INDIGENA CHONTADURAL CAÑERO,205480001151,C. E. R. INDIGENA JAIQUERAZABI,5480,MUTATA,Urabá,ROTOR,,
20548000115110,C.E.R INDIGENA MONGUDO ARRIBA,205480001151,C. E. R. INDIGENA JAIQUERAZABI,5480,MUTATA,Urabá,ROTOR,,
20548000115111,C.E.R INDIGENA SURRAMBAY,205480001151,C. E. R. INDIGENA JAIQUERAZABI,5480,MUTATA,Urabá,ROTOR,,
10548000001003,C. E. R. BEDO ,105480000010,I. E. MUTATA,5480,MUTATA,Urabá,ROTOR,https://drive.google.com/file/d/12Rmob3eTaAenmUMwF6kB-LGfLkTyWfGR/view?usp=sharing,
10548000001004,C. E. R. CHONTADURAL,105480000010,I. E. MUTATA,5480,MUTATA,Urabá,ROTOR,https://drive.google.com/file/d/1Wokl4OKQ4qEPVTiZLWK50n57N57ze83j/view?usp=sharing,
10548000001005,C. E. R. COLBALSOS,105480000010,I. E. MUTATA,5480,MUTATA,Urabá,ROTOR,https://drive.google.com/file/d/1NJhrPYn5Un7eRBYp5mTwdYW2EH6jaUkC/view?usp=sharing,
10548000001006,C.E.R. LA SECRETA,105480000010,I. E. MUTATA,5480,MUTATA,Urabá,ROTOR,https://drive.google.com/file/d/1reFtpskKvUGjV_fzU8BXxW8eg2tHHJ6c/view?usp=sharing,
10548000001001,COLEGIO MUTATA,105480000010,I. E. MUTATA,5480,MUTATA,Urabá,ROTOR,https://drive.google.com/file/d/13CXdIAtcN-hL6jf4cmpruJfSb9n2I8Ms/view?usp=sharing,
10548000001007,ESCUELA URBANA LA PAZ SEDE II,105480000010,I. E. MUTATA,5480,MUTATA,Urabá,ROTOR,,
10548000001007,ESCUELA URBANA LA PAZ SEDE II,105480000010,I. E. MUTATA,5480,MUTATA,Urabá,ROTOR,https://drive.google.com/file/d/1N0N9euSSLdDHNFvbt8Jx7NKFAM6Jui7D/view?usp=sharing,
20548000013801,I.E.R PAVARANDÓ GRANDE,205480000138,I.E.R PAVARANDÓ GRANDE,5480,MUTATA,Urabá,ROTOR,,
20548000034112,C. E. R CHADO ARRIBA ,205480000341,INSTITUCION EDUCATIVA RURAL LA INMACULADA CAUCHERAS,5480,MUTATA,Urabá,ROTOR,https://drive.google.com/file/d/1l-uiF7x9Oxwa1Ueba8Fqc0bCzazfI2B9/view?usp=sharing,
20548000034102,C. E. R. JURADO ARRIBA,205480000341,INSTITUCION EDUCATIVA RURAL LA INMACULADA CAUCHERAS,5480,MUTATA,Urabá,ROTOR,,
20548000034103,C. E. R. LA FLORESTA,205480000341,INSTITUCION EDUCATIVA RURAL LA INMACULADA CAUCHERAS,5480,MUTATA,Urabá,ROTOR,,
20548000034109,C. E. R. LA FORTUNA,205480000341,INSTITUCION EDUCATIVA RURAL LA INMACULADA CAUCHERAS,5480,MUTATA,Urabá,ROTOR,https://drive.google.com/file/d/1ka0gg6JUDfsfqV-lXBjCrOnsKlfdtmzD/view?usp=sharing,
20548000034104,C. E. R. LA MILAGROSA,205480000341,INSTITUCION EDUCATIVA RURAL LA INMACULADA CAUCHERAS,5480,MUTATA,Urabá,ROTOR,https://drive.google.com/file/d/1RqQjqgrzlY7zkBQrFjUl9bz5O-ID8rrq/view?usp=sharing,
20548000034105,C. E. R. LEON PORROSO,205480000341,INSTITUCION EDUCATIVA RURAL LA INMACULADA CAUCHERAS,5480,MUTATA,Urabá,ROTOR,,
20548000034106,C. E. R. MONTERIA LEON,205480000341,INSTITUCION EDUCATIVA RURAL LA INMACULADA CAUCHERAS,5480,MUTATA,Urabá,ROTOR,https://drive.google.com/file/d/1-wzRYn4LDyVfErd-Z-0IMfRClIjoBaZr/view?usp=sharing,
20548000034108,C. E. R. PAVARANDOCITO,205480000341,INSTITUCION EDUCATIVA RURAL LA INMACULADA CAUCHERAS,5480,MUTATA,Urabá,ROTOR,https://drive.google.com/file/d/1i2SGRKtCTKziJgZfJSoaUdRq3kO9g2Vy/view?usp=sharing,
20548000034113,C.E.R JURADO CARRETERA ,205480000341,INSTITUCION EDUCATIVA RURAL LA INMACULADA CAUCHERAS,5480,MUTATA,Urabá,ROTOR,,
20548000034110,C.E.R. JOSEFINA DIAZ,205480000341,INSTITUCION EDUCATIVA RURAL LA INMACULADA CAUCHERAS,5480,MUTATA,Urabá,ROTOR,,
20548000034107,C.E.R. SAN JOSE DE LEON,205480000341,INSTITUCION EDUCATIVA RURAL LA INMACULADA CAUCHERAS,5480,MUTATA,Urabá,ROTOR,https://drive.google.com/file/d/1V-wf3mAXhx9lLaXChqSQ6_Vg2g3kVIXh/view?usp=sharing,
20548000034114,E R JOSE ANTONIO GALAN ,205480000341,INSTITUCION EDUCATIVA RURAL LA INMACULADA CAUCHERAS,5480,MUTATA,Urabá,ROTOR,https://drive.google.com/file/d/1y2kmD_uJmmaf8i0XSYITsBwGTA0J4AiA/view?usp=sharing,
20548000034111,EL PORROSO,205480000341,INSTITUCION EDUCATIVA RURAL LA INMACULADA CAUCHERAS,5480,MUTATA,Urabá,ROTOR,https://drive.google.com/file/d/1LfZNIDi5qijhr5rWTXAAP9iU_5pH5KkD/view?usp=sharing,
20548000034101,I. E. R. LA INMACULADA CAUCHERAS,205480000341,INSTITUCION EDUCATIVA RURAL LA INMACULADA CAUCHERAS,5480,MUTATA,Urabá,ROTOR,https://drive.google.com/file/d/1zMXl_2amR8sYbQT-83kW7F3v-yETW3XT/view?usp=sharing,
20549000033101,C. E. R. BOBAL LA PLAYA,205490000331,C. E. R. BOBAL LA PLAYA,5490,NECOCLI,Urabá,ROTOR,,
20549000033102,C. E. R. EL CARLOS,205490000331,C. E. R. BOBAL LA PLAYA,5490,NECOCLI,Urabá,ROTOR,https://drive.google.com/file/d/1Iqt9xds018h9Y2fRi9wK2Y9eANWXJ3ru/view?usp=sharing,
20549000033103,C. E. R. SEVILLA,205490000331,C. E. R. BOBAL LA PLAYA,5490,NECOCLI,Urabá,ROTOR,,
20549000033104,CENTRO EDUCATIVO RURAL BOBALCARITO,205490000331,C. E. R. BOBAL LA PLAYA,5490,NECOCLI,Urabá,ROTOR,,
20549000000401,C. E. R. EL PARAISO,205490000004,C. E. R. EL PARAISO,5490,NECOCLI,Urabá,ROTOR,https://drive.google.com/file/d/1Sj1AkGm4ODZpYY7pBzeiF6wZlCMqFv0X/view?usp=sharing,
20549000000403,CENTRO EDUCATIVO RURAL CIELO AZUL,205490000004,C. E. R. EL PARAISO,5490,NECOCLI,Urabá,ROTOR,,
20549000000405,CENTRO EDUCATIVO RURAL EL INDIO,205490000004,C. E. R. EL PARAISO,5490,NECOCLI,Urabá,ROTOR,,
20549000000404,CENTRO EDUCATIVO RURAL LA COROZA,205490000004,C. E. R. EL PARAISO,5490,NECOCLI,Urabá,ROTOR,,
20549000000402,CENTRO EDUCATIVO RURAL YOKY CERRO MACHENA,205490000004,C. E. R. EL PARAISO,5490,NECOCLI,Urabá,ROTOR,,
20549000035701,C. E. R. MELLITO ARRIBA,205490000357,C. E. R. MELLITO ARRIBA,5490,NECOCLI,Urabá,ROTOR,,
20549000035703,CENTRO EDUCATIVO RURAL EL CARRETO,205490000357,C. E. R. MELLITO ARRIBA,5490,NECOCLI,Urabá,ROTOR,https://drive.google.com/file/d/1bKT7Lcpxuqjlb37pqGaxLzmC0qSrJPLe/view?usp=sharing,
20549000035702,E R ALTO DEL ROSARIO,205490000357,C. E. R. MELLITO ARRIBA,5490,NECOCLI,Urabá,ROTOR,https://drive.google.com/file/d/1F5khBUmvCZ9UFuSB2NInqV2MgSpzM8yq/view?usp=sharing,
20549000135302,C. E. R. BOTIJUELA,205490001353,C. E. R. VALE PAVAS,5490,NECOCLI,Urabá,ROTOR,,
20549000135301,C. E. R. VALE PAVAS,205490001353,C. E. R. VALE PAVAS,5490,NECOCLI,Urabá,ROTOR,,
20549000135303,CENTRO EDUCATIVO RURAL EL VALE,205490001353,C. E. R. VALE PAVAS,5490,NECOCLI,Urabá,ROTOR,https://drive.google.com/file/d/1TCZgtsrM6tKscxETc_J7zDf0dwXK68a2/view?usp=sharing,
20549000046207,CENTRO EDUCATIVO RURAL ALMACIGO ABAJO,205490000462,I E R CARIBIA,5490,NECOCLI,Urabá,ROTOR,,
20549000046203,CENTRO EDUCATIVO RURAL ALTO CARITO O BRAZO IZQUIERDO,205490000462,I E R CARIBIA,5490,NECOCLI,Urabá,ROTOR,,
20549000046204,CENTRO EDUCATIVO RURAL BUENOS AIRES,205490000462,I E R CARIBIA,5490,NECOCLI,Urabá,ROTOR,https://drive.google.com/file/d/11HRlnSuhbWIiOM5qc4p8Z5DeU_qIvz0c/view?usp=sharing,
20549000046205,CENTRO EDUCATIVO RURAL GARITON,205490000462,I E R CARIBIA,5490,NECOCLI,Urabá,ROTOR,,
20549000046206,CENTRO EDUCATIVO RURAL GUACAMAYA,205490000462,I E R CARIBIA,5490,NECOCLI,Urabá,ROTOR,https://drive.google.com/file/d/15uIxLbws85gIP9KBGVPIQHXMENNSuSeS/view?usp=sharing,
20549000046202,CENTRO EDUCATIVO RURAL LIMONCILLO,205490000462,I E R CARIBIA,5490,NECOCLI,Urabá,ROTOR,,
20549000046201,I E R CARIBIA,205490000462,I E R CARIBIA,5490,NECOCLI,Urabá,ROTOR,,
10549000002604,C.E.R. EL LEJANO,105490000026,I. E. ANTONIO ROLDAN BETANCUR,5490,NECOCLI,Urabá,ROTOR,https://drive.google.com/file/d/1SUGiCcesBy0cYD2byb-O2T6y4Ir-fOcm/view?usp=sharing,
10549000002602,E U MARIA AUXILIADORA ,105490000026,I. E. ANTONIO ROLDAN BETANCUR,5490,NECOCLI,Urabá,ROTOR,,
10549000002601,I. E. ANTONIO ROLDAN BETANCUR,105490000026,I. E. ANTONIO ROLDAN BETANCUR,5490,NECOCLI,Urabá,ROTOR,,
20549000121306,C. E. R. ALTO CAIMAN,205490001213,I. E. R. EL TOTUMO,5490,NECOCLI,Urabá,ROTOR,,
20549000121305,C. E. R. TIWITIKINIA-IPKITIWALA,205490001213,I. E. R. EL TOTUMO,5490,NECOCLI,Urabá,ROTOR,,
20549000121308,CENTRO EDUCATIVO RURAL HERMANOS ROMERO,205490001213,I. E. R. EL TOTUMO,5490,NECOCLI,Urabá,ROTOR,https://drive.google.com/file/d/1fkoPCmahZjazxJBLpdQ9DPrGT8RaCCe4/view?usp=sharing,
20549000121307,CERI CAIMAN MEDIO,205490001213,I. E. R. EL TOTUMO,5490,NECOCLI,Urabá,ROTOR,,
20549000121301,COLEGIO EL TOTUMO,205490001213,I. E. R. EL TOTUMO,5490,NECOCLI,Urabá,ROTOR,,
20549000121302,E R CASA BLANCA,205490001213,I. E. R. EL TOTUMO,5490,NECOCLI,Urabá,ROTOR,https://drive.google.com/file/d/1OI30RfqJKH3T-3gAuenTK7pYZwiHgThy/view?usp=sharing,
20549000121303,E R LA CEIBITA,205490001213,I. E. R. EL TOTUMO,5490,NECOCLI,Urabá,ROTOR,https://drive.google.com/file/d/1ZlUNUW5q4ByI_EJYo0QvIqoaSnS-zz-h/view?usp=sharing,
20549000121304,E R NUEVA ESTRELLA,205490001213,I. E. R. EL TOTUMO,5490,NECOCLI,Urabá,ROTOR,,
20549000140007,C. E. R. CARLOS FRANCO,205490001400,I. E. R. MELLITO,5490,NECOCLI,Urabá,ROTOR,https://drive.google.com/file/d/10EYAh3_BIR4F7TUf4bv6FsA7_R2z7D6N/view?usp=sharing,
20549000140001,COLEGIO DE DESARROLLO RURAL - NECOCLI,205490001400,I. E. R. MELLITO,5490,NECOCLI,Urabá,ROTOR,,
20549000140005,E R EL CEDRO,205490001400,I. E. R. MELLITO,5490,NECOCLI,Urabá,ROTOR,,
20549000140003,E R MELLITO ABAJO,205490001400,I. E. R. MELLITO,5490,NECOCLI,Urabá,ROTOR,,
20549000140002,E R MERCED 31 DE JULIO,205490001400,I. E. R. MELLITO,5490,NECOCLI,Urabá,ROTOR,https://drive.google.com/file/d/1pTduDiGQxytRRpnr29A0qBxPcYY4I7JF/view?usp=sharing,
20549000140004,E R SAN JOAQUIN,205490001400,I. E. R. MELLITO,5490,NECOCLI,Urabá,ROTOR,,
20549000012806,CENTRO EDUCATIVO RURAL INDIO VIJAO,205490000128,I. E. R. MULATOS,5490,NECOCLI,Urabá,ROTOR,https://drive.google.com/file/d/18YkCgG8AqfzgsVx8z0iKLGw-unxxkRNu/view?usp=sharing,
20549000012805,CENTRO EDUCATIVO RURAL LA GRAN COLOMBIA,205490000128,I. E. R. MULATOS,5490,NECOCLI,Urabá,ROTOR,,
20549000012804,E R EL PENSAMIENTO,205490000128,I. E. R. MULATOS,5490,NECOCLI,Urabá,ROTOR,,
20549000012803,E R I IGUANITA VIJAO,205490000128,I. E. R. MULATOS,5490,NECOCLI,Urabá,ROTOR,,
20549000012802,E R I LA YAYA ,205490000128,I. E. R. MULATOS,5490,NECOCLI,Urabá,ROTOR,https://drive.google.com/file/d/1v6Il937WM2zJSEIc9I6ZWyu_sHG-8493/view?usp=sharing,
20549000012801,I. E. R. MULATOS,205490000128,I. E. R. MULATOS,5490,NECOCLI,Urabá,ROTOR,,
20549000073004,C. E. R. RIO NECOCLI,205490000730,I. E. R. SAN SEBASTIAN DE URABA,5490,NECOCLI,Urabá,ROTOR,https://drive.google.com/file/d/1TTOLV0FYQrgonjcAAFdt6OSf3s4NTIzo/view?usp=sharing,
20549000073003,CENTRO EDUCATIVO RURAL CABALLO O CANDELARIA,205490000730,I. E. R. SAN SEBASTIAN DE URABA,5490,NECOCLI,Urabá,ROTOR,https://drive.google.com/file/d/13hiPJtwn3FxjaLTuAgJmn639iq_w2kq6/view?usp=sharing,
20549000073002,CENTRO EDUCATIVO RURAL LECHUGAL,205490000730,I. E. R. SAN SEBASTIAN DE URABA,5490,NECOCLI,Urabá,ROTOR,,
20549000073005,EL HOYITO,205490000730,I. E. R. SAN SEBASTIAN DE URABA,5490,NECOCLI,Urabá,ROTOR,https://drive.google.com/file/d/1e5xfBJstqA55KUatUu61aJ3C5M2v7An2/view?usp=sharing,
20549000073001,I. E. R. SAN SEBASTIAN DE URABA,205490000730,I. E. R. SAN SEBASTIAN DE URABA,5490,NECOCLI,Urabá,ROTOR,,
20549000073006,MARIMONDA,205490000730,I. E. R. SAN SEBASTIAN DE URABA,5490,NECOCLI,Urabá,ROTOR,https://drive.google.com/file/d/1LxjreizG0PuXvGvEyDRoxzXEbM13v6m0/view?usp=sharing,
20549000133709,CENTRO EDUCATIVO RURAL SANTA FE DEL TUNTUN,205490001337,I. E. R. TULAPITA,5490,NECOCLI,Urabá,ROTOR,https://drive.google.com/file/d/1NW05Y7K27FijVqB5O4H3wOAITB3OyUwg/view?usp=sharing,
20549000133705,E R EL BARRO ARRIBA,205490001337,I. E. R. TULAPITA,5490,NECOCLI,Urabá,ROTOR,,
20549000133702,E R ISLITA CENTRAL,205490001337,I. E. R. TULAPITA,5490,NECOCLI,Urabá,ROTOR,,
20549000133706,E R LA CENIZOSA,205490001337,I. E. R. TULAPITA,5490,NECOCLI,Urabá,ROTOR,,
20549000133703,E R LA INVASION,205490001337,I. E. R. TULAPITA,5490,NECOCLI,Urabá,ROTOR,,
20549000133704,E R LA PITICA,205490001337,I. E. R. TULAPITA,5490,NECOCLI,Urabá,ROTOR,,
20549000133708,E R SANTA FE DE LA ISLITA,205490001337,I. E. R. TULAPITA,5490,NECOCLI,Urabá,ROTOR,,
20549000133701,I. E. R. TULAPITA,205490001337,I. E. R. TULAPITA,5490,NECOCLI,Urabá,ROTOR,,
20549000057801,COLEGIO ZAPATA,205490000578,I. E. R. ZAPATA,5490,NECOCLI,Urabá,ROTOR,,
20549000057804,E R GIGANTON,205490000578,I. E. R. ZAPATA,5490,NECOCLI,Urabá,ROTOR,https://drive.google.com/file/d/1z41H_zVOsnXluoBGinjjMMal2uYpdFr3/view?usp=sharing,
20549000057806,E R IGUANA PORVENIR,205490000578,I. E. R. ZAPATA,5490,NECOCLI,Urabá,ROTOR,,
20549000057802,E R LA IGUANA,205490000578,I. E. R. ZAPATA,5490,NECOCLI,Urabá,ROTOR,,
20549000057805,E R LOS NARANJOS,205490000578,I. E. R. ZAPATA,5490,NECOCLI,Urabá,ROTOR,,
20549000057803,E R ZAPATICA,205490000578,I. E. R. ZAPATA,5490,NECOCLI,Urabá,ROTOR,https://drive.google.com/file/d/1dHG6SicjpwNtPdS8XS9hkSIFlcOtPN8w/view?usp=sharing,
20549000163905,BOCAS DE PALMITAS,205490001639,I.E.R.INDIGENA JOSE ELIAS SUAREZ,5490,NECOCLI,Urabá,ROTOR,,
20549000163902,C.E.R. INDIGENISTA VARA SANTA,205490001639,I.E.R.INDIGENA JOSE ELIAS SUAREZ,5490,NECOCLI,Urabá,ROTOR,,
20549000163904,CARACOLI,205490001639,I.E.R.INDIGENA JOSE ELIAS SUAREZ,5490,NECOCLI,Urabá,ROTOR,,
20549000163906,CENTRO EDUCATIVO RURAL INDIGENA TAMARINDO,205490001639,I.E.R.INDIGENA JOSE ELIAS SUAREZ,5490,NECOCLI,Urabá,ROTOR,,
20549000163903,CENTRO EDUCATIVO RURAL MULATICO PALESTINA,205490001639,I.E.R.INDIGENA JOSE ELIAS SUAREZ,5490,NECOCLI,Urabá,ROTOR,,
20549000163901,I.E.R. INDIGENA JOSE ELIAS SUAREZ,205490001639,I.E.R.INDIGENA JOSE ELIAS SUAREZ,5490,NECOCLI,Urabá,ROTOR,,
10549000001804,CENTRO EDUCATIVO RURAL EL ARIZAL,105490000018,INSTITUCION EDUCATIVA EDUARDO ESPITIA ROMERO,5490,NECOCLI,Urabá,ROTOR,,
10549000001802,E R EL MONCHOLO ,105490000018,INSTITUCION EDUCATIVA EDUARDO ESPITIA ROMERO,5490,NECOCLI,Urabá,ROTOR,https://drive.google.com/file/d/1Cacw8BbOBZlKAEEyvM2Q_iHxn29NITyM/view?usp=sharing,
10549000001803,E U GERARDO OCAMPO GRAJALES,105490000018,INSTITUCION EDUCATIVA EDUARDO ESPITIA ROMERO,5490,NECOCLI,Urabá,ROTOR,,
10549000001801,I. E. EDUARDO ESPITIA ROMERO,105490000018,INSTITUCION EDUCATIVA EDUARDO ESPITIA ROMERO,5490,NECOCLI,Urabá,ROTOR,,
20549000223607,CENTRO EDUCATIVO RURAL VILLA SONIA,205490002236,INSTITUCION EDUCATIVA RURAL LA COMARCA,5490,NECOCLI,Urabá,ROTOR,,
20549000223604,E R CORCOVADO,205490002236,INSTITUCION EDUCATIVA RURAL LA COMARCA,5490,NECOCLI,Urabá,ROTOR,,
20549000223602,E R SAN ISIDRO,205490002236,INSTITUCION EDUCATIVA RURAL LA COMARCA,5490,NECOCLI,Urabá,ROTOR,https://drive.google.com/file/d/1zOKPPjT4PmuY5wj9ozFSCydD-dYNvd9t/view?usp=sharing,
20549000223603,E R SANTA ROSA DE MULATOS,205490002236,INSTITUCION EDUCATIVA RURAL LA COMARCA,5490,NECOCLI,Urabá,ROTOR,,
20549000223605,E R SINAI,205490002236,INSTITUCION EDUCATIVA RURAL LA COMARCA,5490,NECOCLI,Urabá,ROTOR,https://drive.google.com/file/d/1oDd5pCyBmQep4-KzD0QE2hqWJ4ObesSw/view?usp=sharing,
20549000223606,E.R. VILLA NUEVA,205490002236,INSTITUCION EDUCATIVA RURAL LA COMARCA,5490,NECOCLI,Urabá,ROTOR,,
20549000223601,I. E. R. LA COMARCA,205490002236,INSTITUCION EDUCATIVA RURAL LA COMARCA,5490,NECOCLI,Urabá,ROTOR,,
20549000090008,C.E.R. NUESTRA SEÑORA DEL CARMEN,205490000900,INSTITUCION EDUCATIVA RURAL LAS CHANGAS,5490,NECOCLI,Urabá,ROTOR,https://drive.google.com/file/d/1YCnUkfMPKlYFjDHUntK7db6CyGTeJzWw/view?usp=sharing,
20549000090001,COLEGIO LAS CHANGAS,205490000900,INSTITUCION EDUCATIVA RURAL LAS CHANGAS,5490,NECOCLI,Urabá,ROTOR,,
20549000090002,E R EL CATIVO,205490000900,INSTITUCION EDUCATIVA RURAL LAS CHANGAS,5490,NECOCLI,Urabá,ROTOR,https://drive.google.com/file/d/1MEstB8XuQPSU9mfytjWcRlx43SC-hyM3/view?usp=sharing,
20549000090004,E R LA SALADA,205490000900,INSTITUCION EDUCATIVA RURAL LAS CHANGAS,5490,NECOCLI,Urabá,ROTOR,,
20549000090007,E R MULATICOS LA UNION,205490000900,INSTITUCION EDUCATIVA RURAL LAS CHANGAS,5490,NECOCLI,Urabá,ROTOR,https://drive.google.com/file/d/1zPmUh5J7pzQwwherUp0gPjOQN5kMnWDv/view?usp=sharing,
20549000090003,E R PITAMORRIAL ,205490000900,INSTITUCION EDUCATIVA RURAL LAS CHANGAS,5490,NECOCLI,Urabá,ROTOR,,
20549000090005,E R PITAMORRIAL ARRIBA,205490000900,INSTITUCION EDUCATIVA RURAL LAS CHANGAS,5490,NECOCLI,Urabá,ROTOR,,
20549000090006,E R SUCIO ARRIBA,205490000900,INSTITUCION EDUCATIVA RURAL LAS CHANGAS,5490,NECOCLI,Urabá,ROTOR,https://drive.google.com/file/d/1whA3xcEgFEM4fHadG-ZywsZF5Kjxr1rs/view?usp=sharing,
20549000009805,C.E.R. VARA SANTA,205490000098,INSTITUCION EDUCATIVA RURAL MELLO VILLAVICENCIO,5490,NECOCLI,Urabá,ROTOR,https://drive.google.com/file/d/1VBAPZ3wLtdABADmVERs78MqzNQl-8uMK/view?usp=sharing,
20549000009806,CENTRO EDUCATIVO RURAL EL REPARO,205490000098,INSTITUCION EDUCATIVA RURAL MELLO VILLAVICENCIO,5490,NECOCLI,Urabá,ROTOR,,
20549000009803,CENTRO EDUCATIVO RURAL LA ESMERALDA,205490000098,INSTITUCION EDUCATIVA RURAL MELLO VILLAVICENCIO,5490,NECOCLI,Urabá,ROTOR,,
20549000009804,CENTRO EDUCATIVO RURAL LA PALMERA,205490000098,INSTITUCION EDUCATIVA RURAL MELLO VILLAVICENCIO,5490,NECOCLI,Urabá,ROTOR,,
20549000009802,CENTRO EDUCATIVO RURAL NUEVA ESPERANZA,205490000098,INSTITUCION EDUCATIVA RURAL MELLO VILLAVICENCIO,5490,NECOCLI,Urabá,ROTOR,,
20549000009801,I. E. R. MELLO VILLAVICENCIO,205490000098,INSTITUCION EDUCATIVA RURAL MELLO VILLAVICENCIO,5490,NECOCLI,Urabá,ROTOR,,
20549000016104,CENTRO EDUCATIVO RURAL BELLA VISTA,205490000161,INSTITUCION EDUCATIVA RURAL PUEBLO NUEVO,5490,NECOCLI,Urabá,ROTOR,,
20549000016105,CENTRO EDUCATIVO RURAL BRISAS DEL RIO,205490000161,INSTITUCION EDUCATIVA RURAL PUEBLO NUEVO,5490,NECOCLI,Urabá,ROTOR,,
20549000016103,CENTRO EDUCATIVO RURAL LOMA DE PIEDRA,205490000161,INSTITUCION EDUCATIVA RURAL PUEBLO NUEVO,5490,NECOCLI,Urabá,ROTOR,https://drive.google.com/file/d/1Kq3Nyy0OwhmzvG1T7LRrehcYicfzzsgX/view?usp=sharing,
20549000016101,COLEGIO PUEBLO NUEVO,205490000161,INSTITUCION EDUCATIVA RURAL PUEBLO NUEVO,5490,NECOCLI,Urabá,ROTOR,,
20549000016102,E R COMEJEN,205490000161,INSTITUCION EDUCATIVA RURAL PUEBLO NUEVO,5490,NECOCLI,Urabá,ROTOR,,
20565900249401,C. E. R. INDIGENA NUEVO HORIZONTE,205659002494,C. E. R. INDIGENA NUEVO HORIZONTE,5659,SAN JUAN DE URABA,Urabá,ROTOR,,
20565900026202,C. E. R. LAS LAJAS,205659000262,C. E. R. MONTECRISTO,5659,SAN JUAN DE URABA,Urabá,ROTOR,https://drive.google.com/file/d/1oSbw_6ojUkEQwXXUcjE1liiv9NXY2k2F/view?usp=sharing,
20565900026201,C. E. R. MONTECRISTO,205659000262,C. E. R. MONTECRISTO,5659,SAN JUAN DE URABA,Urabá,ROTOR,https://drive.google.com/file/d/11Qzpng49ea_rpnOjXusvIgoZ14p_-oYV/view?usp=sharing,
20565900061103,C. E. R. BOCAS DEL RIO SAN JUAN,205659000611,C. E. R. SAN JUAN ORIENTAL,5659,SAN JUAN DE URABA,Urabá,ROTOR,,
20565900061106,C. E. R. EL BONGO,205659000611,C. E. R. SAN JUAN ORIENTAL,5659,SAN JUAN DE URABA,Urabá,ROTOR,,
20565900061105,C. E. R. EL COCO,205659000611,C. E. R. SAN JUAN ORIENTAL,5659,SAN JUAN DE URABA,Urabá,ROTOR,,
20565900061104,C. E. R. LA CAÑABRAVA,205659000611,C. E. R. SAN JUAN ORIENTAL,5659,SAN JUAN DE URABA,Urabá,ROTOR,,
20565900061102,C. E. R. MONTEBELLO,205659000611,C. E. R. SAN JUAN ORIENTAL,5659,SAN JUAN DE URABA,Urabá,ROTOR,https://drive.google.com/file/d/1ONRyFnXTPW62lddTsPsX3PrkRFtPre3D/view?usp=sharing,
20565900061101,C. E. R. SAN JUAN ORIENTAL,205659000611,C. E. R. SAN JUAN ORIENTAL,5659,SAN JUAN DE URABA,Urabá,ROTOR,https://drive.google.com/file/d/1xbObGKymOuZU0wrcO8S05tvGWRrYVLha/view?usp=sharing,
20505100140105,C. E. R. EL CEDRITO,205051001401,I. E. R. EL FILO DE DAMAQUIEL,5659,SAN JUAN DE URABA,Urabá,ROTOR,,
20505100140102,C. E. R. ISLABOA,205051001401,I. E. R. EL FILO DE DAMAQUIEL,5659,SAN JUAN DE URABA,Urabá,ROTOR,,
20505100140104,C. E. R. LA PITA,205051001401,I. E. R. EL FILO DE DAMAQUIEL,5659,SAN JUAN DE URABA,Urabá,ROTOR,,
20505100140103,C. E. R. LAS PLACITAS,205051001401,I. E. R. EL FILO DE DAMAQUIEL,5659,SAN JUAN DE URABA,Urabá,ROTOR,,
20505100140101,I. E. R. EL FILO DE DAMAQUIEL,205051001401,I. E. R. EL FILO DE DAMAQUIEL,5659,SAN JUAN DE URABA,Urabá,ROTOR,,
20505100018906,C. E. R. BOCA TAPADA,205051000359,I.E.R. SIETE VUELTAS,5659,SAN JUAN DE URABA,Urabá,ROTOR,,
20505100018907,C. E. R. CALLE LARGA,205051000359,I.E.R. SIETE VUELTAS,5659,SAN JUAN DE URABA,Urabá,ROTOR,https://drive.google.com/file/d/109V4G6kdRqoN-huPwTF-d3myxBE0ykWV/view?usp=sharing,
20505100035904,C. E. R. EL ARQUILLO,205051000359,I.E.R. SIETE VUELTAS,5659,SAN JUAN DE URABA,Urabá,ROTOR,,
20505100018908,C. E. R. EL TIGRE,205051000359,I.E.R. SIETE VUELTAS,5659,SAN JUAN DE URABA,Urabá,ROTOR,,
20505100035902,C. E. R. LOS MUSGOS,205051000359,I.E.R. SIETE VUELTAS,5659,SAN JUAN DE URABA,Urabá,ROTOR,https://drive.google.com/file/d/1Ok7dds74Xbb9Fc8LU-MlEvn9iijDTnU6/view?usp=sharing,
20505100035905,C. E. R. LOS VOLCANES,205051000359,I.E.R. SIETE VUELTAS,5659,SAN JUAN DE URABA,Urabá,ROTOR,,
20505100035903,C. E. R. PIEDRA AFILADA,205051000359,I.E.R. SIETE VUELTAS,5659,SAN JUAN DE URABA,Urabá,ROTOR,,
20505100018909,C. E. R. SAN JOSE DE VENUS,205051000359,I.E.R. SIETE VUELTAS,5659,SAN JUAN DE URABA,Urabá,ROTOR,,
20505100018911,C. E. R. SAN JUANCITO,205051000359,I.E.R. SIETE VUELTAS,5659,SAN JUAN DE URABA,Urabá,ROTOR,,
20505100018910,C. E. R. VILLA FATIMA,205051000359,I.E.R. SIETE VUELTAS,5659,SAN JUAN DE URABA,Urabá,ROTOR,https://drive.google.com/file/d/1DTXLYjc2Q32xdn_ux__k8hSyUkmUCwhg/view?usp=sharing,
20505100035901,I. E. R. SIETE VUELTAS,205051000359,I.E.R. SIETE VUELTAS,5659,SAN JUAN DE URABA,Urabá,ROTOR,https://drive.google.com/file/d/1GtNpTHo-eWQTJjz3Xag-jatCPoYNDCdW/view?usp=sharing,
20505100075803,BELEN,205051000758,INSTITUCION EDUCATIVA RURAL UVEROS,5659,SAN JUAN DE URABA,Urabá,ROTOR,,
20505100075801,COLEGIO UVEROS,205051000758,INSTITUCION EDUCATIVA RURAL UVEROS,5659,SAN JUAN DE URABA,Urabá,ROTOR,,
20505100075802,LA BALSITA,205051000758,INSTITUCION EDUCATIVA RURAL UVEROS,5659,SAN JUAN DE URABA,Urabá,ROTOR,,
20505100001403,C. E. R. VIKINGO,205051000014,INSTITUCION EDUCATIVA SAN JUAN DE URABA,5659,SAN JUAN DE URABA,Urabá,ROTOR,,
20505100001401,COLEGIO SAN JUAN DE URABA,205051000014,INSTITUCION EDUCATIVA SAN JUAN DE URABA,5659,SAN JUAN DE URABA,Urabá,ROTOR,,
20505100001402,E U SAN JUAN DE URABA,205051000014,INSTITUCION EDUCATIVA SAN JUAN DE URABA,5659,SAN JUAN DE URABA,Urabá,ROTOR,,
20505100001404,VILLA VIKINGOS,205051000014,INSTITUCION EDUCATIVA SAN JUAN DE URABA,5659,SAN JUAN DE URABA,Urabá,ROTOR,,
20505100006501,COLEGIO MONSENOR ESCOBAR VELEZ,205051000065,INSTITUCIÓN EDUCATIVA RURAL MONSEÑOR ESCOBAR VELEZ,5659,SAN JUAN DE URABA,Urabá,ROTOR,,
20505100006504,E R EL DESCANSO,205051000065,INSTITUCIÓN EDUCATIVA RURAL MONSEÑOR ESCOBAR VELEZ,5659,SAN JUAN DE URABA,Urabá,ROTOR,https://drive.google.com/file/d/1oVyibOMpoiQ4e1Wd0770_3EcOv6HnaC0/view?usp=sharing,
20505100006505,E R I SABANILLA,205051000065,INSTITUCIÓN EDUCATIVA RURAL MONSEÑOR ESCOBAR VELEZ,5659,SAN JUAN DE URABA,Urabá,ROTOR,,
20505100006502,E R SAN NICOLAS DEL RIO,205051000065,INSTITUCIÓN EDUCATIVA RURAL MONSEÑOR ESCOBAR VELEZ,5659,SAN JUAN DE URABA,Urabá,ROTOR,,
20505100006503,E R VIJAGUAL,205051000065,INSTITUCIÓN EDUCATIVA RURAL MONSEÑOR ESCOBAR VELEZ,5659,SAN JUAN DE URABA,Urabá,ROTOR,,
10566500002404,C. E. R. EL CAÑO,105665000024,I. E. CAMILO TORRES,5665,SAN PEDRO DE URABA,Urabá,ROTOR,,
10566500002401,COLEGIO CAMILO TORRES,105665000024,I. E. CAMILO TORRES,5665,SAN PEDRO DE URABA,Urabá,ROTOR,https://drive.google.com/file/d/11bRopgDELa3q93F0LjnDV2QWu5uB2bMA/view?usp=sharing,
10566500002402,E U I HERNANDEZ CASTILLO,105665000024,I. E. CAMILO TORRES,5665,SAN PEDRO DE URABA,Urabá,ROTOR,https://drive.google.com/file/d/17nNMmUEM7LFfTSNcZTnUG_ymjctTvnmW/view?usp=sharing,
10566500002403,E U I ZOILA LOPEZ LUGO,105665000024,I. E. CAMILO TORRES,5665,SAN PEDRO DE URABA,Urabá,ROTOR,https://drive.google.com/file/d/1pzgE80NqFhO7z1k86kXTWa2qE-DLM4Ir/view?usp=sharing,
20566500051704,C. E. R. EL PELAYITO,205665000517,I. E. R. ANTONIO NARIÑO,5665,SAN PEDRO DE URABA,Urabá,ROTOR,,
20566500051703,C. E. R. ZAPINDONGA,205665000517,I. E. R. ANTONIO NARIÑO,5665,SAN PEDRO DE URABA,Urabá,ROTOR,,
20566500051705,C.E.R. LOS CERROS DE PELAYITO,205665000517,I. E. R. ANTONIO NARIÑO,5665,SAN PEDRO DE URABA,Urabá,ROTOR,,
20566500051707,C.E.R. SAN MIGUEL,205665000517,I. E. R. ANTONIO NARIÑO,5665,SAN PEDRO DE URABA,Urabá,ROTOR,,
20566500010006,DIVINO NIÑO,205665000517,I. E. R. ANTONIO NARIÑO,5665,SAN PEDRO DE URABA,Urabá,ROTOR,,
20566500051701,I. E. R. ANTONIO NARIÑO,205665000517,I. E. R. ANTONIO NARIÑO,5665,SAN PEDRO DE URABA,Urabá,ROTOR,,
20566500052501,C. E. R. ARENAS MONAS,205665000525,I. E. R. ARENAS MONAS,5665,SAN PEDRO DE URABA,Urabá,ROTOR,,
20566500052509,C. E. R. BETANIA,205665000525,I. E. R. ARENAS MONAS,5665,SAN PEDRO DE URABA,Urabá,ROTOR,,
20566500052508,C. E. R. LA CEIBA,205665000525,I. E. R. ARENAS MONAS,5665,SAN PEDRO DE URABA,Urabá,ROTOR,https://drive.google.com/file/d/16uKCzH_XYe6ULupkzJaItr1fQfDrDugF/view?usp=sharing,
20566500052504,C. E. R. RALITO,205665000525,I. E. R. ARENAS MONAS,5665,SAN PEDRO DE URABA,Urabá,ROTOR,,
20566500052507,C. E. R. SAN EMIGDIO,205665000525,I. E. R. ARENAS MONAS,5665,SAN PEDRO DE URABA,Urabá,ROTOR,,
20566500052505,C. E. R. SAN LUIS,205665000525,I. E. R. ARENAS MONAS,5665,SAN PEDRO DE URABA,Urabá,ROTOR,https://drive.google.com/file/d/1JFLlVfqvLlnIV6OTYZjbqCW44h7-j8rh/view?usp=sharing,
20566500010003,C.E.R. SAN ANTONIO,205665000525,I. E. R. ARENAS MONAS,5665,SAN PEDRO DE URABA,Urabá,ROTOR,,
20566500052506,I. E. R. LOS BURROS,205665000525,I. E. R. ARENAS MONAS,5665,SAN PEDRO DE URABA,Urabá,ROTOR,,
20566500052502,LOS MORALES,205665000525,I. E. R. ARENAS MONAS,5665,SAN PEDRO DE URABA,Urabá,ROTOR,https://drive.google.com/file/d/1DzXwv_ek7uiL2bz0yx85OL6vc3pCVPGG/view?usp=sharing,
20566500088606,C. E. R. SAN JUANCITO ARRIBA,205665000886,I. E. R. EL ZUMBIDO,5665,SAN PEDRO DE URABA,Urabá,ROTOR,,
20566500088610,C.E.R. CABAÑA ARRIBA,205665000886,I. E. R. EL ZUMBIDO,5665,SAN PEDRO DE URABA,Urabá,ROTOR,https://drive.google.com/file/d/1GZWH-GELxNpjWC1nXGb3rAmkNCYLkSws/view?usp=sharing,
20566500088609,C.E.R. EL AJÍ,205665000886,I. E. R. EL ZUMBIDO,5665,SAN PEDRO DE URABA,Urabá,ROTOR,https://drive.google.com/file/d/12gdzB518dHJjmejEZhdXzC8z-pqFeNIB/view?usp=sharing,
20566500088605,C.E.R. EL CEDRO,205665000886,I. E. R. EL ZUMBIDO,5665,SAN PEDRO DE URABA,Urabá,ROTOR,,
20566500088608,C.E.R. LA MAYUPA,205665000886,I. E. R. EL ZUMBIDO,5665,SAN PEDRO DE URABA,Urabá,ROTOR,,
20566500088607,C.E.R. LA RULA,205665000886,I. E. R. EL ZUMBIDO,5665,SAN PEDRO DE URABA,Urabá,ROTOR,https://drive.google.com/file/d/1h-PT2z0XJUpI2JDUUcxpoconfTqwNDPX/view?usp=sharing,
20566500088604,FILO PANCHO,205665000886,I. E. R. EL ZUMBIDO,5665,SAN PEDRO DE URABA,Urabá,ROTOR,https://drive.google.com/file/d/1Q5MlX5SamULf6_iBaOEwg1HxLKh3P3sd/view?usp=sharing,
20566500088601,I. E. R. EL ZUMBIDO,205665000886,I. E. R. EL ZUMBIDO,5665,SAN PEDRO DE URABA,Urabá,ROTOR,https://drive.google.com/file/d/1YSn6ADvOwWNR6oK03_EsCJishZpb1zM2/view?usp=sharing,
20566500088603,TRES ESQUINAS,205665000886,I. E. R. EL ZUMBIDO,5665,SAN PEDRO DE URABA,Urabá,ROTOR,,
20566500020706,C.E.R INDIGENA PARAISO,205665000207,I. E. R. INDIGENA TACANAL,5665,SAN PEDRO DE URABA,Urabá,ROTOR,,
20566500057605,C. E. R. CERRO BUENAVISTA,205665000576,I. E. R. SANTA CATALINA,5665,SAN PEDRO DE URABA,Urabá,ROTOR,,
20566500057608,C. E. R. EL CHIMBORAZO,205665000576,I. E. R. SANTA CATALINA,5665,SAN PEDRO DE URABA,Urabá,ROTOR,,
20566500057609,C.E.R LA BOLSA,205665000576,I. E. R. SANTA CATALINA,5665,SAN PEDRO DE URABA,Urabá,ROTOR,,
20566500057610,C.E.R MACONDO,205665000576,I. E. R. SANTA CATALINA,5665,SAN PEDRO DE URABA,Urabá,ROTOR,,
20566500057606,C.E.R. EL JORDÁN,205665000576,I. E. R. SANTA CATALINA,5665,SAN PEDRO DE URABA,Urabá,ROTOR,,
20566500057607,C.E.R. LA ROSITA,205665000576,I. E. R. SANTA CATALINA,5665,SAN PEDRO DE URABA,Urabá,ROTOR,https://drive.google.com/file/d/12tKx-ZMpyhxou4YwkQm-sFCrLzJckpxC/view?usp=sharing,
20566500057611,C.E.R. LOS OLIVOS,205665000576,I. E. R. SANTA CATALINA,5665,SAN PEDRO DE URABA,Urabá,ROTOR,,
20566500057601,COLEGIO SANTA CATALINA,205665000576,I. E. R. SANTA CATALINA,5665,SAN PEDRO DE URABA,Urabá,ROTOR,https://drive.google.com/file/d/1X4If1OSjLLQSPoU_yzEFtcQsZp5-fCSm/view?usp=sharing,
20566500057603,E R EL MOLINILLO,205665000576,I. E. R. SANTA CATALINA,5665,SAN PEDRO DE URABA,Urabá,ROTOR,https://drive.google.com/file/d/1ODjoUS-j2WPJWpBru6qCiTDPdu9PxHEm/view?usp=sharing,
20566500057604,E R SAN VICENTE,205665000576,I. E. R. SANTA CATALINA,5665,SAN PEDRO DE URABA,Urabá,ROTOR,,
20566500057612,I. E. R. SAN ISIDRO,205665000576,I. E. R. SANTA CATALINA,5665,SAN PEDRO DE URABA,Urabá,ROTOR,https://drive.google.com/file/d/1JS-AjxcDiwFBU7l82P53eGfiizK0PnXj/view?usp=sharing,
10566500004106,C. E. R. ANGOSTURA,105665000041,I. E. SAN PEDRO DE URABA,5665,SAN PEDRO DE URABA,Urabá,ROTOR,,
10566500004107,C. E. R. BRISAS DEL PIRU,105665000041,I. E. SAN PEDRO DE URABA,5665,SAN PEDRO DE URABA,Urabá,ROTOR,https://drive.google.com/file/d/1mHxqfm7zNgWtUI5SwqduPAtgW0f5OXes/view?usp=sharing,
10566500004104,C. E. R. SANTA ROSA JUAN XXIII,105665000041,I. E. SAN PEDRO DE URABA,5665,SAN PEDRO DE URABA,Urabá,ROTOR,https://drive.google.com/file/d/1PJqvOr3ddGr6qnJL76SBodqKTR7SpR8h/view?usp=sharing,
10566500004108,C. E. R. VILLA ESTHER,105665000041,I. E. SAN PEDRO DE URABA,5665,SAN PEDRO DE URABA,Urabá,ROTOR,,
10566500004103,E U I BRISAS DE URABA,105665000041,I. E. SAN PEDRO DE URABA,5665,SAN PEDRO DE URABA,Urabá,ROTOR,https://drive.google.com/file/d/1Yv_8D7jqZzGgw0trBNoBYcEyd112D4de/view?usp=sharing,
10566500004102,E U POLICARPA SALAVARRIETA,105665000041,I. E. SAN PEDRO DE URABA,5665,SAN PEDRO DE URABA,Urabá,ROTOR,,
10566500004101,LICEO SAN PEDRO DE URABA,105665000041,I. E. SAN PEDRO DE URABA,5665,SAN PEDRO DE URABA,Urabá,ROTOR,,
10566500004109,MONTECARLOS,105665000041,I. E. SAN PEDRO DE URABA,5665,SAN PEDRO DE URABA,Urabá,ROTOR,,
20566500049503,C. E. R. BOTELLA DE ORO,205665000495,I.E.R LOS ALMAGROS,5665,SAN PEDRO DE URABA,Urabá,ROTOR,https://drive.google.com/file/d/1A8fiaoE6097Xd3l_ywGmLdPGAw-PcgG_/view?usp=sharing,
20566500049502,C. E. R. LA NEVADA,205665000495,I.E.R LOS ALMAGROS,5665,SAN PEDRO DE URABA,Urabá,ROTOR,https://drive.google.com/file/d/1XUDrOWfW6-s6HjQ_8I4rG9bi7TB0bxtn/view?usp=sharing,
20566500049504,C. E. R. ZUMBIDO ABAJO,205665000495,I.E.R LOS ALMAGROS,5665,SAN PEDRO DE URABA,Urabá,ROTOR,https://drive.google.com/file/d/10Fi_6YMrRUmr2Ba-iKciWtC-WxJHOYTM/view?usp=sharing,
20566500049505,C.E.R. ALMAGRITAS,205665000495,I.E.R LOS ALMAGROS,5665,SAN PEDRO DE URABA,Urabá,ROTOR,https://drive.google.com/file/d/1yk0Qvln0n_J4Y21Nj8-yE_mEmcrdyaUz/view?usp=sharing,
20566500049506,C.E.R. BRASIL,205665000495,I.E.R LOS ALMAGROS,5665,SAN PEDRO DE URABA,Urabá,ROTOR,https://drive.google.com/file/d/1e2KifmX7GBP2VFNIHVKxAEQuC9OhIc-Y/view?usp=sharing,
20566500049507,GUARTINAJO,205665000495,I.E.R LOS ALMAGROS,5665,SAN PEDRO DE URABA,Urabá,ROTOR,,
20566500049501,I.E.R. LOS ALMAGROS,205665000495,I.E.R LOS ALMAGROS,5665,SAN PEDRO DE URABA,Urabá,ROTOR,https://drive.google.com/file/d/1K4z59CrK3SkAQe9TkKBoZBHEMS2F57h8/view?usp=sharing,
40566500044301,I.E.R. SAN PABLO APOSTOL,405665000443,I.E.R. SAN PABLO APOSTOL,5665,SAN PEDRO DE URABA,Urabá,ROTOR,https://drive.google.com/file/d/1z509KeUham2_qWrhn5MYe7Egtgr-PC_g/view?usp=sharing,
40566500044303,NUESTRA SEÑORA DEL CARMEN,405665000443,I.E.R. SAN PABLO APOSTOL,5665,SAN PEDRO DE URABA,Urabá,ROTOR,,
40566500044304,PARCELAS UNIÓN HORIZONTE,405665000443,I.E.R. SAN PABLO APOSTOL,5665,SAN PEDRO DE URABA,Urabá,ROTOR,,
40566500044305,SAN JUAN BAUTISTA,405665000443,I.E.R. SAN PABLO APOSTOL,5665,SAN PEDRO DE URABA,Urabá,ROTOR,,
40566500044302,SANTA ROSA,405665000443,I.E.R. SAN PABLO APOSTOL,5665,SAN PEDRO DE URABA,Urabá,ROTOR,,
20566500021504,C. E. R. ABIBE PUEBLITO,205665000215,INSTITUCION EDUCATIVA RURAL BUCHADO MEDIO,5665,SAN PEDRO DE URABA,Urabá,ROTOR,https://drive.google.com/file/d/1PjGbqp8hpVCK6uVplbYSPxjukZ9VMZ4X/view?usp=sharing,
20566500021502,C. E. R. LA UNION,205665000215,INSTITUCION EDUCATIVA RURAL BUCHADO MEDIO,5665,SAN PEDRO DE URABA,Urabá,ROTOR,https://drive.google.com/file/d/1rq6DzS8k6kpbLNaQ_xd3tpGUcxFiT8J_/view?usp=sharing,
20566500021503,I. E. R. ALTO ROSARIO,205665000215,INSTITUCION EDUCATIVA RURAL BUCHADO MEDIO,5665,SAN PEDRO DE URABA,Urabá,ROTOR,https://drive.google.com/file/d/1jEoVXTDwtMetpw0SZMONJGO8c0-SXled/view?usp=sharing,
20566500021501,I. E. R. BUCHADO MEDIO,205665000215,INSTITUCION EDUCATIVA RURAL BUCHADO MEDIO,5665,SAN PEDRO DE URABA,Urabá,ROTOR,https://drive.google.com/file/d/1XCX4etV6EoG6wbfUe8BzGdmQSlthcH3l/view?usp=sharing,
20587300006702,C. E. R. PALO BLANCO,205873000067,I. E. SAN ANTONIO DE PADUA,5873,VIGIA DEL FUERTE,Urabá,ROTOR,,
20587300006703,C. E. R. SEVILLA,205873000067,I. E. SAN ANTONIO DE PADUA,5873,VIGIA DEL FUERTE,Urabá,ROTOR,,
20587300006701,I. E. SAN ANTONIO DE PADUA,205873000067,I. E. SAN ANTONIO DE PADUA,5873,VIGIA DEL FUERTE,Urabá,ROTOR,,
10587300023205,C. E. R. GUADUALITO,105873000232,I. E. VIGIA DEL FUERTE,5873,VIGIA DEL FUERTE,Urabá,ROTOR,,
10587300023209,C. E. R. LA LOMA MURRI,105873000232,I. E. VIGIA DEL FUERTE,5873,VIGIA DEL FUERTE,Urabá,ROTOR,,
10587300023207,C. E. R. MURRI LA PLAYA,105873000232,I. E. VIGIA DEL FUERTE,5873,VIGIA DEL FUERTE,Urabá,ROTOR,,
10587300023203,C. E. R. PUERTO ANTIOQUIA,105873000232,I. E. VIGIA DEL FUERTE,5873,VIGIA DEL FUERTE,Urabá,ROTOR,,
10587300023204,C. E. R. SAN ALEJANDRO,105873000232,I. E. VIGIA DEL FUERTE,5873,VIGIA DEL FUERTE,Urabá,ROTOR,,
10587300023206,C. E. R. SAN MARTIN DE PORRES,105873000232,I. E. VIGIA DEL FUERTE,5873,VIGIA DEL FUERTE,Urabá,ROTOR,,
10587300023208,C. E. R. VUELTA CORTADA,105873000232,I. E. VIGIA DEL FUERTE,5873,VIGIA DEL FUERTE,Urabá,ROTOR,,
10587300023201,LICEO VIGIA DEL FUERTE,105873000232,I. E. VIGIA DEL FUERTE,5873,VIGIA DEL FUERTE,Urabá,ROTOR,https://drive.google.com/file/d/1fVUfBPVSDGUCVpus2xHRJwxm41WhgIMG/view?usp=sharing,
20587300034203,C. E. R. ARENAL,205873000342,I.E.R BUCHADÓ FERNANDO BOTERO ANGULO ,5873,VIGIA DEL FUERTE,Urabá,ROTOR,https://drive.google.com/file/d/1FBTeGLHj5ghnKWXzXOXHsBkS9p6ZaGl7/view?usp=sharing,
20587300034202,C. E. R. SAN MIGUEL,205873000342,I.E.R BUCHADÓ FERNANDO BOTERO ANGULO ,5873,VIGIA DEL FUERTE,Urabá,ROTOR,,
20587300034201,I.E.R BUCHADÓ FERNANDO BOTERO ANGULO ,205873000342,I.E.R BUCHADÓ FERNANDO BOTERO ANGULO ,5873,VIGIA DEL FUERTE,Urabá,ROTOR,,
20587300036904,C. E. R. INDIGENISTA EL SALADO,205873000369,I.E.R INDIGENISTA EMBERA ATRATO MEDIO,5873,VIGIA DEL FUERTE,Urabá,ROTOR,,
20587300036902,C. E. R. INDIGENISTA GENGADO,205873000369,I.E.R INDIGENISTA EMBERA ATRATO MEDIO,5873,VIGIA DEL FUERTE,Urabá,ROTOR,,
20587300036901,I.E.R INDIGENISTA EMBERA ATRATO MEDIO,205873000369,I.E.R INDIGENISTA EMBERA ATRATO MEDIO,5873,VIGIA DEL FUERTE,Urabá,ROTOR,,
20587300036905,PARACUNCUNDÓ,205873000369,I.E.R INDIGENISTA EMBERA ATRATO MEDIO,5873,VIGIA DEL FUERTE,Urabá,ROTOR,,
40587300032507,BELEN,405873000325,INSTITUCION EDUCATIVA RURAL ALIANZA PARA EL PROGRESO,5873,VIGIA DEL FUERTE,Urabá,ROTOR,,
40587300032504,BOCA VIDRI,405873000325,INSTITUCION EDUCATIVA RURAL ALIANZA PARA EL PROGRESO,5873,VIGIA DEL FUERTE,Urabá,ROTOR,,
40587300032501,I. E. R. ALIANZA PARA EL PROGRESO,405873000325,INSTITUCION EDUCATIVA RURAL ALIANZA PARA EL PROGRESO,5873,VIGIA DEL FUERTE,Urabá,ROTOR,,
40587300032503,ISLETA,405873000325,INSTITUCION EDUCATIVA RURAL ALIANZA PARA EL PROGRESO,5873,VIGIA DEL FUERTE,Urabá,ROTOR,,
40587300032502,PUERTO PALACIOS,405873000325,INSTITUCION EDUCATIVA RURAL ALIANZA PARA EL PROGRESO,5873,VIGIA DEL FUERTE,Urabá,ROTOR,,
40587300032505,VEREDA MEDELLIN,405873000325,INSTITUCION EDUCATIVA RURAL ALIANZA PARA EL PROGRESO,5873,VIGIA DEL FUERTE,Urabá,ROTOR,,
10507900001501,I. E. MANUEL JOSE CAICEDO,105079000015,I. E. MANUEL JOSE CAICEDO,5079,BARBOSA,Valle de Aburrá,UCN,https://drive.google.com/file/d/1IEbgaPA5dZh-sxPGuBsCEKod_o83FraD/view?usp=sharing,
10507900040601,I. E. PRESBITERO LUIS EDUARDO PEREZ MOLINA,105079000406,I. E. PRESBITERO LUIS EDUARDO PEREZ MOLINA,5079,BARBOSA,Valle de Aburrá,UCN,https://drive.google.com/file/d/1qs34qWm-nem413y1EK9bFJaoAkL1BAbW/view?usp=sharing,
10507900008202,C. E. R. GRACIANO,105079000082,INSTITUCION EDUCATIVA LUIS EDUARDO ARIAS REINEL,5079,BARBOSA,Valle de Aburrá,UCN,,
10507900008205,C. E. R. LA ISAZA,105079000082,INSTITUCION EDUCATIVA LUIS EDUARDO ARIAS REINEL,5079,BARBOSA,Valle de Aburrá,UCN,https://drive.google.com/file/d/1FXvHTN-Bb2xX3mobNX8FgJgpA-YIibau/view?usp=sharing,
10507900008204,C. E. R. LA PLAYA,105079000082,INSTITUCION EDUCATIVA LUIS EDUARDO ARIAS REINEL,5079,BARBOSA,Valle de Aburrá,UCN,,
10507900008203,C. E. R. LAS PEÑAS,105079000082,INSTITUCION EDUCATIVA LUIS EDUARDO ARIAS REINEL,5079,BARBOSA,Valle de Aburrá,UCN,https://drive.google.com/file/d/1GXJnFxKq9a8eP3yFaDNdvsIOQlX1sGKM/view?usp=sharing,
10507900008201,I. E. LUIS EDUARDO ARIAS REINEL,105079000082,INSTITUCION EDUCATIVA LUIS EDUARDO ARIAS REINEL,5079,BARBOSA,Valle de Aburrá,UCN,https://drive.google.com/file/d/1zbc2lHi6NxgLWHjriYmNfwu4NPGGDztV/view?usp=sharing,
20507900088502,C. E. R. CORRIENTES,205079000885,INSTITUCIÓN EDUCATIVA RURAL EL HATILLO,5079,BARBOSA,Valle de Aburrá,UCN,https://drive.google.com/file/d/1cQ-SSthGVMCoUoSTgZQ5n2QlqwPYPMyo/view?usp=sharing,
20507900088503,C. E. R. GUAYABAL,205079000885,INSTITUCIÓN EDUCATIVA RURAL EL HATILLO,5079,BARBOSA,Valle de Aburrá,UCN,https://drive.google.com/file/d/1F4HiP7pY4FkAK2VKOA9gVlILYRqyn3Ui/view?usp=sharing,
20507900088505,C. E. R. LA CRUZ,205079000885,INSTITUCIÓN EDUCATIVA RURAL EL HATILLO,5079,BARBOSA,Valle de Aburrá,UCN,https://drive.google.com/file/d/1JLsHf93kjm3YQGRp7Nliz7BFeMWV_7yp/view?usp=sharing,
20507900088504,C. E. R. LA GOMEZ,205079000885,INSTITUCIÓN EDUCATIVA RURAL EL HATILLO,5079,BARBOSA,Valle de Aburrá,UCN,https://drive.google.com/file/d/1vKIocF2SjnrkelMHjiaZ_jgQyIGWkHSY/view?usp=sharing,
20507900088508,C. E. R. PLATANITO,205079000885,INSTITUCIÓN EDUCATIVA RURAL EL HATILLO,5079,BARBOSA,Valle de Aburrá,UCN,,
20507900088507,C. E. R. SAN EUGENIO,205079000885,INSTITUCIÓN EDUCATIVA RURAL EL HATILLO,5079,BARBOSA,Valle de Aburrá,UCN,,
20507900088501,I. E. R. EL HATILLO,205079000885,INSTITUCIÓN EDUCATIVA RURAL EL HATILLO,5079,BARBOSA,Valle de Aburrá,UCN,https://drive.google.com/file/d/1mrsKdViy25PF4faMdtHu3stHzclKtoW9/view?usp=sharing,
20507900034609,C. E. R. ABRAHAM RIOS,205079000346,INSTITUCIÓN EDUCATIVA RURAL EL TABLAZO,5079,BARBOSA,Valle de Aburrá,UCN,,
20507900034610,C. E. R. EL VIENTO,205079000346,INSTITUCIÓN EDUCATIVA RURAL EL TABLAZO,5079,BARBOSA,Valle de Aburrá,UCN,,
20507900034608,C. E. R. LA AGUADA,205079000346,INSTITUCIÓN EDUCATIVA RURAL EL TABLAZO,5079,BARBOSA,Valle de Aburrá,UCN,,
20507900034613,C. E. R. LA CHAPA,205079000346,INSTITUCIÓN EDUCATIVA RURAL EL TABLAZO,5079,BARBOSA,Valle de Aburrá,UCN,,
20507900034612,C. E. R. LA CHORRERA,205079000346,INSTITUCIÓN EDUCATIVA RURAL EL TABLAZO,5079,BARBOSA,Valle de Aburrá,UCN,,
20507900034607,C. E. R. LA ESE,205079000346,INSTITUCIÓN EDUCATIVA RURAL EL TABLAZO,5079,BARBOSA,Valle de Aburrá,UCN,,
20507900034605,C. E. R. MATASANO,205079000346,INSTITUCIÓN EDUCATIVA RURAL EL TABLAZO,5079,BARBOSA,Valle de Aburrá,UCN,,
20507900034604,C. E. R. MOCORONGO,205079000346,INSTITUCIÓN EDUCATIVA RURAL EL TABLAZO,5079,BARBOSA,Valle de Aburrá,UCN,,
20507900034606,C. E. R. SAN FRANCISCO DE PAULA,205079000346,INSTITUCIÓN EDUCATIVA RURAL EL TABLAZO,5079,BARBOSA,Valle de Aburrá,UCN,,
20507900034611,C.E.R. GABRIEL ANGEL GOMEZ,205079000346,INSTITUCIÓN EDUCATIVA RURAL EL TABLAZO,5079,BARBOSA,Valle de Aburrá,UCN,,
20507900034602,CENTRO EDUCATIVO RURAL ALTAMIRA,205079000346,INSTITUCIÓN EDUCATIVA RURAL EL TABLAZO,5079,BARBOSA,Valle de Aburrá,UCN,https://drive.google.com/file/d/1cb4IX6eyWafpxceXrCueak9FRlgfhh2_/view?usp=sharing,
20507900034603,CENTRO EDUCATIVO RURAL EL TIGRE,205079000346,INSTITUCIÓN EDUCATIVA RURAL EL TABLAZO,5079,BARBOSA,Valle de Aburrá,UCN,,
20507900034601,INSTITUCION EDUCATIVA RURAL EL TABLAZO,205079000346,INSTITUCIÓN EDUCATIVA RURAL EL TABLAZO,5079,BARBOSA,Valle de Aburrá,UCN,https://drive.google.com/file/d/1T9MzL49LBYjfgINCOD5EXxSrQs04Uus0/view?usp=sharing,
20507900020611,C. E. R. AGUAS CLARAS,205079000206,INSTITUCIÓN EDUCATIVA RURAL YARUMITO,5079,BARBOSA,Valle de Aburrá,UCN,,
20507900020603,C. E. R. EL GUAYABO,205079000206,INSTITUCIÓN EDUCATIVA RURAL YARUMITO,5079,BARBOSA,Valle de Aburrá,UCN,,
20507900020609,C. E. R. EL TABLAZO,205079000206,INSTITUCIÓN EDUCATIVA RURAL YARUMITO,5079,BARBOSA,Valle de Aburrá,UCN,https://drive.google.com/file/d/13wI26nKHwNA6Iq63XAypmzI3QMSZGh5L/view?usp=sharing,
20507900020614,C. E. R. JORGE ELICER GAITAN,205079000206,INSTITUCIÓN EDUCATIVA RURAL YARUMITO,5079,BARBOSA,Valle de Aburrá,UCN,https://drive.google.com/file/d/1fdt24QOpjm1U7PI4id4Rxh8efhWmuD82/view?usp=sharing,
20507900020604,C. E. R. LA CALDA,205079000206,INSTITUCIÓN EDUCATIVA RURAL YARUMITO,5079,BARBOSA,Valle de Aburrá,UCN,,
20507900020616,C. E. R. LA CEJITA,205079000206,INSTITUCIÓN EDUCATIVA RURAL YARUMITO,5079,BARBOSA,Valle de Aburrá,UCN,,
20507900020617,C. E. R. LA CUESTA,205079000206,INSTITUCIÓN EDUCATIVA RURAL YARUMITO,5079,BARBOSA,Valle de Aburrá,UCN,https://drive.google.com/file/d/1AYtJ0ffVentyJDApqFtn608BrBw0_hqm/view?usp=sharing,
20507900020610,C. E. R. LA HERRADURA,205079000206,INSTITUCIÓN EDUCATIVA RURAL YARUMITO,5079,BARBOSA,Valle de Aburrá,UCN,,
20507900020613,C. E. R. LAS LAJAS,205079000206,INSTITUCIÓN EDUCATIVA RURAL YARUMITO,5079,BARBOSA,Valle de Aburrá,UCN,,
20507900020602,C. E. R. LAS VICTORIAS,205079000206,INSTITUCIÓN EDUCATIVA RURAL YARUMITO,5079,BARBOSA,Valle de Aburrá,UCN,,
20507900020619,C. E. R. MONTAÑITA,205079000206,INSTITUCIÓN EDUCATIVA RURAL YARUMITO,5079,BARBOSA,Valle de Aburrá,UCN,https://drive.google.com/file/d/15zaycZa2crp06XmgaFSCk9R9b1X3OlBk/view?usp=sharing,
20507900020612,C. E. R. MONTELORO,205079000206,INSTITUCIÓN EDUCATIVA RURAL YARUMITO,5079,BARBOSA,Valle de Aburrá,UCN,https://drive.google.com/file/d/1ozz6VLUtyofjmVpgOZ2cbqNs95tXyps-/view?usp=sharing,
20507900020621,C. E. R. PANTANILLO,205079000206,INSTITUCIÓN EDUCATIVA RURAL YARUMITO,5079,BARBOSA,Valle de Aburrá,UCN,,
20507900020608,C. E. R. POPALITO,205079000206,INSTITUCIÓN EDUCATIVA RURAL YARUMITO,5079,BARBOSA,Valle de Aburrá,UCN,https://drive.google.com/file/d/16wBD-6ikZ3mw8RDIqSJG06dHulKRkonY/view?usp=sharing,
20507900020620,C. E. R. VALLECITOS,205079000206,INSTITUCIÓN EDUCATIVA RURAL YARUMITO,5079,BARBOSA,Valle de Aburrá,UCN,https://drive.google.com/file/d/1rqH94N630WZ5CjyDxHhKuKiSqS02fbnM/view?usp=sharing,
20507900020615,C. E. R. VOLANTIN,205079000206,INSTITUCIÓN EDUCATIVA RURAL YARUMITO,5079,BARBOSA,Valle de Aburrá,UCN,,
20507900020601,I. E. R. YARUMITO,205079000206,INSTITUCIÓN EDUCATIVA RURAL YARUMITO,5079,BARBOSA,Valle de Aburrá,UCN,https://drive.google.com/file/d/1ozRbO5eDwEc7XMeMoHtMxtbCArfD4m2o/view?usp=sharing,
20512900015601,C. E. R. CLAUDINA MUNERA,205129000156,CENTRO EDUCATIVO RURAL CLAUDINA MUNERA,5129,CALDAS,Valle de Aburrá,UCN,https://drive.google.com/file/d/1deM8GKt5llaOojZUwjN5w-ANdBuisz2k/view?usp=sharing,
20512900662601,C. E. R. EL CANO,205129006626,CENTRO EDUCATIVO RURAL EL CANO,5129,CALDAS,Valle de Aburrá,UCN,https://drive.google.com/file/d/1qDFv9FO6AGDNvN01eF-SNdsXFe_o6_YN/view?usp=sharing,
20512900662603,LA CHUSCALA,205129006626,CENTRO EDUCATIVO RURAL EL CANO,5129,CALDAS,Valle de Aburrá,UCN,,
20512900662602,MONSEÑOR PEDRO LUIS ALVAREZ CORREA,205129006626,CENTRO EDUCATIVO RURAL EL CANO,5129,CALDAS,Valle de Aburrá,UCN,,
20512900012101,COLEGIO DARIO GUTIERREZ RAVE,205129000121,I. E. R. DARIO GUTIERREZ RAVE,5129,CALDAS,Valle de Aburrá,UCN,https://drive.google.com/file/d/1V4h6vmYOlTRsC0EjKTb4gbgqU6ftS3Fg/view?usp=sharing,
20512900012105,EL SESENTA,205129000121,I. E. R. DARIO GUTIERREZ RAVE,5129,CALDAS,Valle de Aburrá,UCN,https://drive.google.com/file/d/12T_qsMVG_ttzmm-MSh4f-M1xL02IzklP/view?usp=sharing,
20512900012104,LUIS JAVIER GARCIA ISAZA,205129000121,I. E. R. DARIO GUTIERREZ RAVE,5129,CALDAS,Valle de Aburrá,UCN,https://drive.google.com/file/d/1cWu6kmtws7RLvTtGvHNxh6nkzlMfGm9x/view?usp=sharing,
20512900012102,MANUEL FLOREZ,205129000121,I. E. R. DARIO GUTIERREZ RAVE,5129,CALDAS,Valle de Aburrá,UCN,,
10512900007101,I. E. FEDERICO ANGEL,105129000071,INSTITUCION EDUCATIVA FEDERICO ANGEL,5129,CALDAS,Valle de Aburrá,UCN,,
10512900020803,SANTISIMA TRINIDAD,105129000071,INSTITUCION EDUCATIVA FEDERICO ANGEL,5129,CALDAS,Valle de Aburrá,UCN,,
10512900008901,I. E. GABRIEL ECHAVARRIA,105129000089,INSTITUCION EDUCATIVA GABRIEL ECHAVARRIA,5129,CALDAS,Valle de Aburrá,UCN,,
10512900021603,JOAQUIN ARISTIZABAL,105129000216,INSTITUCION EDUCATIVA JOSE MARIA BERNAL,5129,CALDAS,Valle de Aburrá,UCN,https://drive.google.com/file/d/1-g8NfqVCCEpAbfzwfo9qRp6YlU34wXbT/view?usp=sharing,
10512900021602,JORGE VALENCIA JARAMILLO,105129000216,INSTITUCION EDUCATIVA JOSE MARIA BERNAL,5129,CALDAS,Valle de Aburrá,UCN,,
10512900021601,LICEO JOSE MARIA BERNAL,105129000216,INSTITUCION EDUCATIVA JOSE MARIA BERNAL,5129,CALDAS,Valle de Aburrá,UCN,,
10512900020801,I. E. MARIA AUXILIADORA,105129000208,INSTITUCION EDUCATIVA MARIA AUXILIADORA,5129,CALDAS,Valle de Aburrá,UCN,,
10512900021604,SANTA INES,105129000208,INSTITUCION EDUCATIVA MARIA AUXILIADORA,5129,CALDAS,Valle de Aburrá,UCN,https://drive.google.com/file/d/11oeqsxpKtSjqdel24vGjxPLN0AeaxBEg/view?usp=sharing,
10512900053404,E U ANDALUCIA,105129000534,INSTITUCIÓN EDUCATIVA PEDRO LUIS ALVAREZ CORREA,5129,CALDAS,Valle de Aburrá,UCN,,
10512900053403,E U SANTA MARIA GORETTI,105129000534,INSTITUCIÓN EDUCATIVA PEDRO LUIS ALVAREZ CORREA,5129,CALDAS,Valle de Aburrá,UCN,https://drive.google.com/file/d/1tw3eTenbqS7JVz0n1qZHR5pSH8sCp1Uh/view?usp=sharing,
10512900053401,LICEO PEDRO LUIS ALVAREZ CORREA,105129000534,INSTITUCIÓN EDUCATIVA PEDRO LUIS ALVAREZ CORREA,5129,CALDAS,Valle de Aburrá,UCN,,
20512900013002,CARDALITO,205129000130,INSTITUCIÓN EDUCATIVA SALINAS,5129,CALDAS,Valle de Aburrá,UCN,https://drive.google.com/file/d/1cpBNwRMXi4NpYATftqOqsjsoLTWWV941/view?usp=sharing,
20512900013001,COLEGIO SALINAS,205129000130,INSTITUCIÓN EDUCATIVA SALINAS,5129,CALDAS,Valle de Aburrá,UCN,https://drive.google.com/file/d/1WHIVRXIYzIEGj_ZovLjPZ4_rQXUpKzOG/view?usp=sharing,
20512900013003,MANI DEL CARDAL,205129000130,INSTITUCIÓN EDUCATIVA SALINAS,5129,CALDAS,Valle de Aburrá,UCN,,
20512900013006,SAN FRANCISCO,205129000130,INSTITUCIÓN EDUCATIVA SALINAS,5129,CALDAS,Valle de Aburrá,UCN,https://drive.google.com/file/d/1DOT9XSkyKm1WnL8KG3M8k6En6Q53ygxV/view?usp=sharing,
20512900013005,SINIFANA,205129000130,INSTITUCIÓN EDUCATIVA SALINAS,5129,CALDAS,Valle de Aburrá,UCN,https://drive.google.com/file/d/1k9cDk4RkaPupe7oh1WG_J6vFT46c7JAl/view?usp=sharing,
10521200011201,I. E. ESCUELA NORMAL SUPERIOR MARIA AUXILIADORA,105212000112,I. E. ESCUELA NORMAL SUPERIOR MARIA AUXILIADORA,5212,COPACABANA,Valle de Aburrá,UCN,,
10521200053801,COLEGIO GABRIELA MISTRAL,105212000538,I. E. GABRIELA MISTRAL,5212,COPACABANA,Valle de Aburrá,UCN,,
10521200053804,E R EL DIVINO NIÑO,105212000538,I. E. GABRIELA MISTRAL,5212,COPACABANA,Valle de Aburrá,UCN,https://drive.google.com/file/d/1QyMpoRNxC8VJsam1DJzj7l2Dw_u_3YZ_/view?usp=sharing,
10521200053803,E R QUEBRADA ARRIBA,105212000538,I. E. GABRIELA MISTRAL,5212,COPACABANA,Valle de Aburrá,UCN,https://drive.google.com/file/d/1VLy4_Hb2qhJRiFxKrj7KxnN4vrz6x9vS/view?usp=sharing,
10521200053802,E R SABANETA,105212000538,I. E. GABRIELA MISTRAL,5212,COPACABANA,Valle de Aburrá,UCN,https://drive.google.com/file/d/1SgtVFoN-GOQaiSC-2rxim00FVAksWGOk/view?usp=sharing,
10521200083001,I. E. LA TRINIDAD,105212000830,I. E. LA TRINIDAD,5212,COPACABANA,Valle de Aburrá,UCN,https://drive.google.com/file/d/1SQ61lUjOeo94ZG9QFJMtSwENoh77Ak7E/view?usp=sharing,
20521200022201,I. E. R. GRANIZADA,205212000222,I. E. R. GRANIZADA,5212,COPACABANA,Valle de Aburrá,UCN,https://drive.google.com/file/d/1WtD-_h_FOdr1e0tDrlj2bs9Ey-mMsfPS/view?usp=sharing,
10521200008206,E R CABUYAL,105212000082,I. E. SAN LUIS GONZAGA,5212,COPACABANA,Valle de Aburrá,UCN,,
10521200008208,E R I JOAQUIN JIMENEZ SEPULVEDA,105212000082,I. E. SAN LUIS GONZAGA,5212,COPACABANA,Valle de Aburrá,UCN,,
10521200008203,E U LAS MISERICORDIAS,105212000082,I. E. SAN LUIS GONZAGA,5212,COPACABANA,Valle de Aburrá,UCN,https://drive.google.com/file/d/16Mvquo-oxshZqDkdGgxXRezpB0RwBNv2/view?usp=sharing,
10521200008205,E U PABLO VI,105212000082,I. E. SAN LUIS GONZAGA,5212,COPACABANA,Valle de Aburrá,UCN,https://drive.google.com/file/d/1OHkZlxby7JkWCYWCwQvFcvmhsYlQTKtw/view?usp=sharing,
10521200008207,ESCUELA CARLOS MESA,105212000082,I. E. SAN LUIS GONZAGA,5212,COPACABANA,Valle de Aburrá,UCN,https://drive.google.com/file/d/1FYL5Q40s68rdTbhav84nT7gVd450rw5i/view?usp=sharing,
10521200008201,LICEO SAN LUIS GONZAGA,105212000082,I. E. SAN LUIS GONZAGA,5212,COPACABANA,Valle de Aburrá,UCN,,
10521200008209,MONTAÑUELA,105212000082,I. E. SAN LUIS GONZAGA,5212,COPACABANA,Valle de Aburrá,UCN,https://drive.google.com/file/d/1lJzQvKgpXeLq6jtBZgdCzKp7BwuvO11V/view?usp=sharing,
10521200036801,I. E. VILLANUEVA,105212000368,I. E. VILLANUEVA,5212,COPACABANA,Valle de Aburrá,UCN,,
10521200016301,COLEGIO JOSE MIGUEL DE RESTREPO Y PUERTA,105212000163,INSTITUCION EDUCATIVA JOSE MIGUEL DE RESTREPO Y PUERTA,5212,COPACABANA,Valle de Aburrá,UCN,https://drive.google.com/file/d/1KZ3IRKI5UM8X2mqoX0CFJjQj3C1aG4Nx/view?usp=sharing,
20521200006101,I. E. R. GRANJAS INFANTILES,205212000061,INSTITUCION EDUCATIVA RURAL GRANJAS INFANTILES,5212,COPACABANA,Valle de Aburrá,UCN,https://drive.google.com/file/d/1r8Ts221bF8qyRCqHmOXa8cU67GQHHt36/view?usp=sharing,
20521200006102,LA LUZ,205212000061,INSTITUCION EDUCATIVA RURAL GRANJAS INFANTILES,5212,COPACABANA,Valle de Aburrá,UCN,https://drive.google.com/file/d/1ShpllW8_G1faAqol65NV7d1s4KCt4Bh8/view?usp=sharing,
20521200006104,LA VETA,205212000061,INSTITUCION EDUCATIVA RURAL GRANJAS INFANTILES,5212,COPACABANA,Valle de Aburrá,UCN,https://drive.google.com/file/d/1YjzyIGfmXdBnyxp7s7RjYN0tfcEhYAJg/view?usp=sharing,
20521200006103,NORAL,205212000061,INSTITUCION EDUCATIVA RURAL GRANJAS INFANTILES,5212,COPACABANA,Valle de Aburrá,UCN,,
10521200051105,E R I JESUS MARIA CORREA CARMONA,105212000511,INSTITUCIÓN EDUCATIVA PRESBITERO BERNARDO MONTOYA,5212,COPACABANA,Valle de Aburrá,UCN,https://drive.google.com/file/d/1wxbJOKz59_gH7OxoxrA9lbie1Xtp_epG/view?usp=sharing,
10521200051102,E R PEÑOLCITO,105212000511,INSTITUCIÓN EDUCATIVA PRESBITERO BERNARDO MONTOYA,5212,COPACABANA,Valle de Aburrá,UCN,https://drive.google.com/file/d/1bbZ7ClApIiNTKLyF0lgc4WEKZkcazjlz/view?usp=sharing,
10521200051101,LICEO PBRO. BERNARDO MONTOYA GIRALDO,105212000511,INSTITUCIÓN EDUCATIVA PRESBITERO BERNARDO MONTOYA,5212,COPACABANA,Valle de Aburrá,UCN,https://drive.google.com/file/d/1jki-2hdx2vIS6lLXnMgFaGhHV-BZBPQ1/view?usp=sharing,
10530800048201,COLEGIO MUNICIPAL ATANASIO GIRARDOT,105308000482,I. E. ATANASIO GIRARDOT,5308,GIRARDOTA,Valle de Aburrá,UCN,,
10530800048204,E R LA MANGA,105308000482,I. E. ATANASIO GIRARDOT,5308,GIRARDOTA,Valle de Aburrá,UCN,,
10530800048202,E R OLAYA HERRERA,105308000482,I. E. ATANASIO GIRARDOT,5308,GIRARDOTA,Valle de Aburrá,UCN,https://drive.google.com/file/d/1bEWSkT79rdHdQvxeakX7NsUCnSz8lb2z/view?usp=sharing,
10530800048203,E R SAN JOSE,105308000482,I. E. ATANASIO GIRARDOT,5308,GIRARDOTA,Valle de Aburrá,UCN,https://drive.google.com/file/d/1qbzjxLYlt0Wn91vOyXfWiyLhImFPUI2z/view?usp=sharing,
10530800025301,I. E.  EMILIANO GARCIA,105308000253,I. E. EMILIANO GARCIA,5308,GIRARDOTA,Valle de Aburrá,UCN,,
10530800004103,E R JAMUNDI,105308000041,I. E. MANUEL JOSE SIERRA,5308,GIRARDOTA,Valle de Aburrá,UCN,https://drive.google.com/file/d/1aJU86-YpRvmw7VEBR0hBVosaIf_Vk0fT/view?usp=sharing,
10530800004104,E R LA HOLANDA,105308000041,I. E. MANUEL JOSE SIERRA,5308,GIRARDOTA,Valle de Aburrá,UCN,,
10530800004106,E R LA MATA,105308000041,I. E. MANUEL JOSE SIERRA,5308,GIRARDOTA,Valle de Aburrá,UCN,https://drive.google.com/file/d/1XyTbZqNLImgneDULwSiz2JeYNCKGabV1/view?usp=sharing,
10530800004109,E R LUZ PEREZ DE VEGA,105308000041,I. E. MANUEL JOSE SIERRA,5308,GIRARDOTA,Valle de Aburrá,UCN,https://drive.google.com/file/d/1agiQXeoon9MzBKTMw8YXQJO9wkylfvTI/view?usp=sharing,
10530800004107,E R SAN ESTEBAN,105308000041,I. E. MANUEL JOSE SIERRA,5308,GIRARDOTA,Valle de Aburrá,UCN,https://drive.google.com/file/d/1h2sgtwU9iAUTP7Is5K431X5sLEELxJAl/view?usp=sharing,
10530800004108,E R SIMON URREA,105308000041,I. E. MANUEL JOSE SIERRA,5308,GIRARDOTA,Valle de Aburrá,UCN,https://drive.google.com/file/d/16rY33E0P_NPpHpRMIoNM1KOu1e2FRKOA/view?usp=sharing,
10530800004102,E.R. GABRIEL SIERRA,105308000041,I. E. MANUEL JOSE SIERRA,5308,GIRARDOTA,Valle de Aburrá,UCN,https://drive.google.com/file/d/1-6uwkv6b4yoOW7lp_gAElDNwZhONV_UK/view?usp=sharing,
10530800004105,E.R. LA HOLANDA PARTE ALTA,105308000041,I. E. MANUEL JOSE SIERRA,5308,GIRARDOTA,Valle de Aburrá,UCN,,
10530800004101,LICEO MANUEL JOSE SIERRA,105308000041,I. E. MANUEL JOSE SIERRA,5308,GIRARDOTA,Valle de Aburrá,UCN,https://drive.google.com/file/d/1DW55AtH0Q3_uahFzNNZQV04sAjdOnVgA/view?usp=sharing,
20530800031206,E R EL PALMAR,205308000312,I.E.R. NUESTRA SEÑORA DEL CARMEN,5308,GIRARDOTA,Valle de Aburrá,UCN,,
20530800031202,E R EL YARUMO,205308000312,I.E.R. NUESTRA SEÑORA DEL CARMEN,5308,GIRARDOTA,Valle de Aburrá,UCN,,
20530800031204,E R JERONIMO VANEGAS,205308000312,I.E.R. NUESTRA SEÑORA DEL CARMEN,5308,GIRARDOTA,Valle de Aburrá,UCN,https://drive.google.com/file/d/1gxcRiw6-fTxRplEn03bNgPe2IDkOfsca/view?usp=sharing,
20530800031203,E R LA MESETA,205308000312,I.E.R. NUESTRA SEÑORA DEL CARMEN,5308,GIRARDOTA,Valle de Aburrá,UCN,,
20530800031205,E R SAN DIEGO,205308000312,I.E.R. NUESTRA SEÑORA DEL CARMEN,5308,GIRARDOTA,Valle de Aburrá,UCN,https://drive.google.com/file/d/1lmwyHLvSciIcavT8voG9tAvW7vUeQYgx/view?usp=sharing,
20530800031201,I.E.R. NUESTRA SEÑORA DEL CARMEN,205308000312,I.E.R. NUESTRA SEÑORA DEL CARMEN,5308,GIRARDOTA,Valle de Aburrá,UCN,https://drive.google.com/file/d/1xrAqHHGSiAdphLou8wTocsbaOvHO1a1a/view?usp=sharing,
10530800008301,I. E. COLOMBIA,105308000083,INSTITUCION EDUCATIVA COLOMBIA,5308,GIRARDOTA,Valle de Aburrá,UCN,https://drive.google.com/file/d/1giQZ3ynpKFB1YnP5TdyqVOHDceRhXREY/view?usp=sharing,
20530800045201,COLEGIO SAN ANDRES,205308000452,INSTITUCION EDUCATIVA RURAL SAN ANDRES,5308,GIRARDOTA,Valle de Aburrá,UCN,https://drive.google.com/file/d/1Hbwtlz87BRcqIa_zgPqWDVDbvOzjMlTb/view?usp=sharing,
20530800045207,E R I HERNANDO ARTURO CASTRILLON MARIN,205308000452,INSTITUCION EDUCATIVA RURAL SAN ANDRES,5308,GIRARDOTA,Valle de Aburrá,UCN,https://drive.google.com/file/d/17ErXVDd2tL34EC7QpV08nKX8MeF_0cyw/view?usp=sharing,
20530800045203,E R LA PEÑA,205308000452,INSTITUCION EDUCATIVA RURAL SAN ANDRES,5308,GIRARDOTA,Valle de Aburrá,UCN,https://drive.google.com/file/d/1svvB-LV3KiIFpcqVlcN-0G9vYBug-34J/view?usp=sharing,
20530800045204,E R MERCEDES ABREGO ,205308000452,INSTITUCION EDUCATIVA RURAL SAN ANDRES,5308,GIRARDOTA,Valle de Aburrá,UCN,https://drive.google.com/file/d/1vpzH0SJIm18G_6VLE0UDw0Ukr02Fqr0J/view?usp=sharing,
20530800045206,E.R. EL SOCORRO ,205308000452,INSTITUCION EDUCATIVA RURAL SAN ANDRES,5308,GIRARDOTA,Valle de Aburrá,UCN,,
20530800045205,E.R. POTRERITO ,205308000452,INSTITUCION EDUCATIVA RURAL SAN ANDRES,5308,GIRARDOTA,Valle de Aburrá,UCN,,
